amount,amount_to_avg_ratio,amount_to_max_ratio,is_new_beneficiary,beneficiary_age_days,beneficiary_verified,txn_hour,is_unusual_hour,txn_frequency_24h,txn_velocity_1h,user_avg_amount,user_median_amount,user_max_amount,user_total_txns,user_typical_ben_count,user_txn_freq_per_week,days_since_last_txn,is_new_device,device_trusted,recent_password_change,recent_sim_swap,recent_email_change,recent_pin_change,account_events_48h,recent_beneficiary_additions_24h,hive_recipient_flagged,hive_signal_severity,hive_hours_since_alert,hive_scam_category_match,recipient_suspicious_neighbor_count,is_fraud
29602.37,5.96,1.73,1,79,1,2,0,0,2,4968.31,235.17,17067.56,199,5,5.8,0,1,0,1,0,0,0,1,1,0,0,-1,0,0,0
224.4,0.19,0.06,0,224,1,3,0,5,0,1184.56,1090.55,3798.61,103,3,5.9,9,1,0,0,0,0,0,1,0,0,0,-1,0,0,0
184.93,0.12,0.03,0,86,1,2,0,4,2,1584.83,818.8,7263.76,130,14,7.1,10,1,0,0,0,0,0,2,1,0,0,-1,0,1,0
16066.02,4.03,1.0,0,80,0,21,0,0,1,3986.01,424.66,16145.32,177,17,2.1,5,0,1,0,0,0,0,0,2,0,0,-1,0,1,0
135476.76,6.86,1.11,0,669,1,15,0,4,1,19747.29,254.33,121929.08,279,10,6.3,12,0,0,0,1,0,0,0,1,0,0,-1,0,2,0
997.86,1.69,0.51,1,364,1,20,0,2,0,590.24,501.87,1941.65,176,6,2.5,5,0,1,0,0,1,0,2,2,0,0,-1,0,2,0
69221.39,3.27,1.09,0,555,1,15,0,3,1,21196.68,343.27,63590.04,218,6,6.0,11,0,0,0,0,0,0,0,2,0,0,-1,0,0,0
77191.39,6.87,1.11,0,717,1,0,0,1,2,11242.4,354.34,69472.25,265,7,2.2,13,1,0,0,0,0,0,0,0,0,0,-1,0,1,0
349.06,0.26,0.1,0,31,1,11,0,3,0,1332.63,424.08,3484.4,212,17,4.5,10,0,1,1,0,0,0,2,2,0,0,-1,0,1,0
77159.39,3.9,1.11,0,645,1,23,0,5,1,19768.95,907.47,69443.45,299,3,1.2,0,0,0,0,0,0,0,2,2,0,0,-1,0,2,0
222.75,0.11,0.04,0,232,0,0,0,0,3,1960.91,1749.71,5938.37,137,15,2.6,11,0,0,0,0,0,0,1,1,0,0,-1,0,1,0
4821.58,1.41,0.61,1,22,0,18,0,0,3,3418.53,3315.27,7895.73,190,15,4.5,8,0,0,0,0,0,0,2,0,0,0,-1,0,1,0
20200.19,12.08,3.6,0,26,1,20,0,4,0,1672.28,202.94,5616.26,224,14,8.0,2,0,0,0,0,0,0,2,1,0,0,-1,0,1,0
1311.04,0.71,0.32,1,254,1,0,0,5,3,1843.72,575.27,4037.55,106,16,4.5,10,0,1,0,0,0,0,1,0,0,0,-1,0,1,0
319.12,0.25,0.06,0,306,1,23,0,2,3,1251.69,1149.53,5269.99,122,4,4.9,7,0,1,0,0,0,0,2,1,0,0,-1,0,2,0
35262.7,19.47,8.21,1,0,0,19,0,3,2,1811.3,324.58,4294.45,235,10,2.8,5,1,0,1,0,1,0,5,5,0,0,-1,0,1,1
5735.39,9.95,4.9,1,0,0,1,0,4,4,576.36,1610.04,1169.62,185,12,3.0,8,1,0,1,1,1,0,4,5,0,0,-1,0,2,1
59346.5,110.95,43.67,1,0,0,17,0,4,3,534.88,1343.83,1358.89,98,12,5.8,5,1,0,1,0,0,0,2,2,0,0,-1,0,1,1
34942.81,12.45,5.16,1,0,0,17,0,7,5,2806.4,362.78,6769.53,80,16,7.6,8,1,0,1,1,0,0,2,5,0,0,-1,0,2,1
74100.49,64.28,22.35,1,0,0,0,0,2,3,1152.86,905.21,3315.59,49,20,5.0,4,1,0,1,0,0,0,0,1,0,0,-1,0,3,1
257.78,0.28,0.09,1,279,1,0,0,2,2,936.33,159.96,2896.51,4,13,7.2,2,1,1,1,0,0,0,0,1,0,0,-1,0,1,0
7613.78,1.59,0.35,1,10,0,15,0,5,3,4782.33,685.71,21563.01,19,5,7.3,4,1,0,1,0,0,1,1,2,0,0,-1,0,1,0
1359.03,2.51,0.95,0,140,1,2,0,5,1,542.41,1084.91,1427.94,47,8,2.4,5,0,0,0,0,0,0,1,2,0,0,-1,0,1,0
112236.27,6.75,1.11,0,174,1,21,0,2,3,16634.32,624.99,101012.64,112,12,3.5,6,0,0,0,0,0,0,2,1,0,0,-1,0,0,0
48657.57,20.75,7.02,1,0,0,6,0,3,2,2345.32,629.87,6929.72,25,12,5.2,12,1,0,1,0,1,0,3,4,0,0,-1,0,0,1
110785.36,4.55,1.11,0,713,1,2,0,3,3,24370.75,199.22,99706.82,292,17,6.8,5,1,0,0,0,0,0,0,2,0,0,-1,0,1,0
189.38,0.21,0.05,0,108,0,11,0,3,1,911.27,997.75,3767.49,154,19,1.0,12,0,1,0,0,0,0,2,1,0,0,-1,0,0,0
26169.04,12.44,3.2,0,42,0,13,0,3,1,2104.39,499.39,8186.59,92,8,3.4,1,0,0,0,0,1,0,0,2,0,0,-1,0,1,0
1570.65,0.88,0.36,0,262,1,19,0,4,2,1781.88,1710.48,4398.55,32,9,5.8,14,0,1,0,0,0,0,1,1,0,0,-1,0,1,0
17647.52,11.52,5.61,0,63,0,7,0,3,3,1531.57,1103.4,3144.89,193,11,3.9,5,0,0,0,0,0,0,2,1,0,0,-1,0,0,0
533.55,1.16,0.34,0,218,1,19,0,3,2,460.88,370.69,1546.99,164,7,3.4,8,1,1,0,0,0,0,0,0,0,0,-1,0,2,0
26747.08,11.34,5.23,0,42,0,4,0,1,0,2359.01,1202.47,5113.91,16,13,7.2,8,0,0,0,0,0,1,2,0,0,0,-1,0,1,0
46438.0,2.44,0.81,0,462,1,23,0,4,1,19070.1,339.31,57210.29,295,3,7.6,11,0,0,0,0,1,0,2,1,0,0,-1,0,0,0
132874.46,7.34,1.11,0,446,1,23,0,1,0,18095.84,148.75,119587.01,111,20,4.3,1,0,1,0,0,0,1,1,0,0,0,-1,0,0,0
27326.21,13.68,4.62,1,0,0,20,0,3,5,1996.92,1196.6,5916.41,191,11,3.6,3,1,0,1,1,1,0,2,4,0,0,-1,0,2,1
78552.61,29.25,10.55,0,12,0,9,0,4,3,2685.56,632.41,7448.41,159,2,1.6,4,0,0,0,0,0,0,0,3,1,3,1,1,4,1
68509.65,96.4,38.23,0,13,0,16,0,1,0,710.7,428.67,1792.06,228,11,2.6,0,0,1,0,0,0,0,2,3,1,3,18,0,5,1
28720.43,16.03,4.31,0,49,0,12,1,5,2,1791.87,299.01,6657.74,154,16,1.0,12,0,1,1,0,0,1,0,1,0,0,-1,0,0,0
439.04,0.49,0.23,0,30,1,5,0,5,3,895.01,1351.98,1883.36,160,8,7.2,9,0,0,0,0,0,0,0,1,0,0,-1,0,0,0
21700.21,2.67,0.89,0,519,1,23,0,4,1,8138.11,162.14,24414.34,279,4,1.5,7,0,0,0,0,1,0,0,2,0,0,-1,0,0,0
9033.33,2.08,0.54,0,76,1,16,1,0,0,4336.78,650.78,16655.34,241,5,2.1,4,0,1,0,0,0,0,0,2,0,0,-1,0,1,0
408.41,0.58,0.29,0,111,1,22,0,0,3,698.72,784.06,1427.81,213,4,5.4,5,0,1,0,0,0,1,1,1,0,0,-1,0,0,0
245.9,0.13,0.05,0,194,1,23,0,0,0,1914.38,936.53,5097.47,96,11,4.1,12,0,1,0,0,0,0,2,1,0,0,-1,0,2,0
40349.21,2.94,0.98,0,288,1,14,0,4,3,13709.29,171.04,41127.88,81,20,5.2,1,1,1,0,0,0,0,1,1,0,0,-1,0,2,0
59227.57,24.33,6.65,0,10,0,18,0,2,0,2434.53,617.25,8900.41,93,2,5.4,1,0,1,1,0,0,0,0,3,1,4,45,1,6,1
16218.99,23.54,8.29,1,0,0,19,1,7,3,689.05,565.75,1955.7,162,12,4.2,8,1,0,1,0,0,0,4,5,0,0,-1,0,0,1
39943.11,23.43,9.61,1,0,0,10,0,7,4,1705.06,824.63,4157.67,197,11,2.1,12,1,0,1,0,0,1,3,1,0,0,-1,0,2,1
348.36,0.32,0.12,1,273,1,22,0,4,3,1079.9,278.03,2793.48,219,15,2.3,5,1,0,0,0,0,0,1,2,0,0,-1,0,0,0
109444.71,4.9,1.11,0,157,1,22,0,0,1,22350.64,925.06,98500.24,213,13,4.8,14,1,0,1,1,0,0,2,0,0,0,-1,0,0,0
56728.03,30.2,13.81,1,0,0,13,0,6,4,1878.53,641.26,4108.98,39,11,6.8,13,1,0,1,0,1,0,5,1,0,0,-1,0,0,1
110.77,0.11,0.05,0,53,1,14,0,4,3,1025.07,469.07,2128.3,74,18,7.4,5,0,1,0,0,0,0,0,2,0,0,-1,0,2,0
450.49,0.56,0.12,1,261,1,20,0,1,3,798.88,204.93,3743.51,89,13,6.7,1,0,1,1,0,0,0,1,2,0,0,-1,0,1,0
111984.88,5.82,1.11,0,323,1,8,0,0,1,19249.36,1719.96,100786.39,41,2,5.2,5,0,0,0,0,0,0,2,0,0,0,-1,0,1,0
99728.17,9.59,1.11,0,498,1,1,0,4,2,10395.45,885.33,89755.35,48,18,0.6,4,0,0,0,0,0,0,2,1,0,0,-1,0,1,0
929.46,0.55,0.14,1,53,1,6,1,4,0,1696.81,467.97,6764.57,235,4,1.6,0,0,1,0,0,0,0,0,2,0,0,-1,0,1,0
209.17,0.17,0.04,0,111,1,8,0,0,0,1244.54,1106.49,5215.67,58,14,7.7,7,0,0,0,0,0,0,2,1,0,0,-1,0,0,0
258.25,0.14,0.06,0,66,1,8,0,2,2,1808.23,366.5,4324.3,27,2,5.6,12,0,1,0,0,0,0,2,1,0,0,-1,0,1,0
60337.84,140.98,47.72,0,9,0,1,0,3,0,427.99,1273.0,1264.43,120,20,2.3,5,0,1,0,0,0,0,0,2,1,3,21,0,6,1
76071.82,3.05,1.02,0,556,1,12,0,4,0,24958.53,1179.14,74875.58,132,8,2.6,8,0,1,0,1,0,1,0,2,0,0,-1,0,1,0
25937.29,9.04,2.83,0,27,0,4,0,1,2,2867.79,599.68,9158.53,152,14,3.4,9,0,0,0,0,0,0,1,2,0,0,-1,0,1,0
458.56,0.35,0.11,1,168,1,22,0,3,2,1294.85,247.66,4238.65,206,9,2.2,13,0,0,0,0,1,1,0,1,0,0,-1,0,1,0
28627.24,12.98,4.39,1,0,0,7,0,5,2,2205.97,275.72,6515.05,165,11,5.8,6,1,0,1,1,1,1,4,3,1,0,-1,0,0,1
1136.9,1.09,0.43,0,290,0,2,0,2,0,1039.74,2151.25,2663.83,54,10,1.3,14,0,0,0,0,0,0,1,1,0,0,-1,0,1,0
29326.29,10.16,2.27,1,90,0,12,0,1,3,2887.52,2063.91,12905.36,190,16,2.0,10,0,1,0,0,0,1,1,2,0,0,-1,0,1,0
94084.74,47.74,20.35,0,3,0,8,0,1,1,1970.67,290.81,4624.34,33,11,1.8,9,1,1,0,0,0,0,1,0,1,4,32,0,3,1
72597.32,106.38,52.83,0,2,0,5,0,4,1,682.42,453.67,1374.17,238,6,3.8,8,0,1,0,0,0,0,1,2,1,2,6,1,6,1
73913.87,100.58,38.37,1,0,0,0,1,2,2,734.91,2637.37,1926.24,49,10,4.0,1,0,1,1,0,0,0,0,2,0,0,-1,0,3,1
68370.14,5.83,1.11,0,690,1,0,0,1,1,11734.79,529.39,61533.13,153,16,2.5,7,0,1,0,0,0,0,1,2,0,0,-1,0,0,0
548.23,0.51,0.18,0,103,1,2,0,3,3,1071.37,3200.2,3128.25,64,17,5.3,7,1,0,0,0,0,0,2,1,0,0,-1,0,2,0
19275.18,13.95,3.85,0,8,0,15,0,0,1,1381.86,2884.41,5004.33,72,20,5.4,4,0,0,0,0,0,0,2,1,1,3,39,0,2,1
373.4,0.88,0.23,1,299,1,9,0,5,3,422.17,455.51,1655.34,187,2,5.7,3,0,1,0,0,0,0,0,1,0,0,-1,0,2,0
684.64,0.41,0.08,0,226,1,15,1,0,3,1665.99,1162.32,8193.94,112,19,5.4,2,0,1,0,0,0,0,0,1,0,0,-1,0,1,0
734.47,0.45,0.2,0,54,0,10,0,1,3,1617.23,621.15,3594.97,184,4,3.8,4,0,1,0,0,0,0,2,1,0,0,-1,0,2,0
27413.16,65.54,32.93,1,0,0,2,0,1,2,418.28,444.79,832.45,192,3,1.5,8,0,1,0,0,0,0,1,1,0,0,-1,0,3,1
12326.34,0.95,0.32,0,382,1,18,0,3,1,13013.67,1798.25,39041.02,159,17,2.7,12,0,0,0,0,0,0,0,0,0,0,-1,0,1,0
91.78,0.09,0.02,0,172,1,16,0,4,1,994.61,286.3,4470.96,145,4,3.1,2,1,1,0,1,0,0,1,2,0,0,-1,0,0,0
37585.62,15.14,5.35,1,0,0,1,0,2,1,2481.98,440.8,7027.96,116,6,6.0,3,1,1,0,0,0,0,0,4,0,0,-1,0,0,1
1618.05,0.82,0.23,0,325,1,16,0,1,1,1977.53,1219.27,6966.09,12,7,5.9,9,0,1,0,0,0,0,0,0,0,0,-1,0,0,0
40792.3,38.59,13.28,1,0,0,19,0,1,0,1056.96,906.37,3072.83,162,3,2.1,9,0,1,0,0,0,0,1,4,0,0,-1,0,0,1
901.18,0.74,0.21,1,262,1,14,0,0,1,1225.68,776.86,4233.55,130,15,7.1,7,0,0,0,0,0,0,2,0,0,0,-1,0,2,0
161.95,0.45,0.1,0,187,1,17,0,2,3,358.0,290.63,1702.91,116,19,3.6,2,0,1,0,0,0,0,1,1,0,0,-1,0,2,0
29647.46,10.53,4.89,0,27,1,10,0,5,0,2815.87,297.14,6061.22,144,7,4.2,14,1,1,1,0,0,0,2,2,0,0,-1,0,0,0
47352.24,23.0,7.74,1,0,0,15,0,2,0,2059.2,1908.46,6117.07,193,20,7.9,11,0,1,0,0,0,0,0,3,1,0,-1,0,1,1
13330.7,3.26,1.02,0,43,1,9,1,4,2,4092.58,280.9,13008.69,123,5,0.9,13,0,1,0,0,0,1,0,2,0,0,-1,0,0,0
33369.74,16.48,6.74,1,0,0,4,0,6,5,2024.62,289.92,4950.51,96,7,6.0,2,1,0,1,0,0,0,4,5,0,0,-1,0,0,1
4569.83,5.36,1.67,0,309,1,2,0,5,0,852.36,215.68,2744.52,233,3,3.2,13,0,1,0,0,0,0,1,1,0,0,-1,0,1,0
68282.4,115.02,49.47,0,13,0,21,0,4,0,593.65,1377.33,1380.25,17,15,5.6,4,0,0,1,0,0,0,0,0,1,3,14,1,5,1
72277.78,7.12,1.11,0,415,1,15,0,5,3,10149.87,379.18,65050.0,193,9,7.2,11,0,1,0,0,0,0,2,0,0,0,-1,0,1,0
385.7,0.2,0.06,0,56,1,17,0,0,1,1910.18,586.65,6862.52,243,18,2.0,13,0,0,0,0,0,0,2,2,0,0,-1,0,2,0
27001.56,34.85,14.82,1,0,0,2,0,1,1,774.72,456.79,1822.11,219,11,1.7,13,0,1,1,0,0,0,0,2,0,0,-1,0,2,1
1327.8,0.72,0.24,1,195,0,16,0,4,2,1836.85,464.83,5576.56,150,13,0.5,14,0,0,0,0,0,1,1,0,0,0,-1,0,0,0
14490.76,3.3,1.22,1,22,1,16,0,2,1,4395.85,578.74,11911.08,85,12,6.9,0,0,0,0,0,0,0,2,2,0,0,-1,0,0,0
79944.9,27.16,8.74,0,13,0,15,0,5,2,2943.11,308.45,9150.11,112,18,2.2,5,1,0,0,0,0,0,1,2,1,2,50,0,4,1
80825.72,24.2,6.19,0,3,0,16,0,4,3,3340.22,638.26,13061.99,38,4,5.7,13,0,1,0,0,1,0,1,3,1,3,46,0,5,1
67163.48,24.89,6.28,0,14,0,11,0,0,2,2698.8,1169.23,10694.53,205,17,3.4,6,1,0,1,0,0,0,0,0,1,4,8,1,4,1
46482.74,6.32,1.11,0,627,1,18,0,2,2,7354.99,822.68,41834.47,106,12,3.8,2,0,0,0,0,0,0,1,1,0,0,-1,0,2,0
67017.02,22.23,6.99,0,9,0,17,0,2,3,3014.7,3993.15,9592.37,235,7,3.7,7,1,1,0,0,0,0,2,3,1,3,57,1,1,1
1118.76,0.58,0.16,0,242,1,22,0,1,2,1926.05,257.27,7067.8,214,12,2.0,12,1,0,0,0,0,0,0,1,0,0,-1,0,2,0
25072.81,1.65,0.55,0,582,1,8,0,1,2,15193.63,338.93,45580.89,121,17,5.3,9,1,0,0,0,0,0,2,0,0,0,-1,0,0,0
20135.1,26.32,13.15,1,1,0,2,0,0,3,764.95,490.54,1531.61,199,11,5.9,11,0,1,0,0,0,0,0,2,1,4,41,1,2,1
393.01,0.26,0.07,0,146,1,8,0,0,0,1531.24,2038.88,5680.76,38,13,3.6,12,0,1,0,0,0,0,0,2,0,0,-1,0,0,0
1615.79,2.93,0.93,0,292,1,13,0,1,1,552.32,182.04,1736.31,79,3,4.6,13,1,1,0,1,0,0,1,0,0,0,-1,0,0,0
52424.37,21.68,9.29,0,13,0,8,0,0,1,2418.14,891.67,5641.31,162,2,6.8,3,0,1,1,0,0,1,0,2,1,3,16,1,2,1
76.96,0.08,0.03,0,268,1,20,0,1,0,954.16,1001.57,2444.48,3,12,7.3,14,1,1,0,0,0,0,2,2,0,0,-1,0,1,0
12609.89,3.87,0.83,0,53,1,6,0,2,2,3258.26,1035.65,15184.32,95,13,1.3,4,1,1,0,0,0,0,2,1,0,0,-1,0,1,0
52464.88,80.66,41.04,1,0,0,3,0,5,1,650.46,282.3,1278.47,207,15,6.9,11,1,0,0,0,0,0,1,1,0,0,-1,0,2,1
66752.03,45.12,19.83,0,8,0,23,0,0,2,1479.34,446.76,3366.2,234,7,5.7,0,1,1,0,0,0,0,0,2,1,3,50,0,6,1
26960.52,16.51,6.14,1,0,0,1,0,7,2,1632.85,1084.69,4390.97,228,10,1.1,14,1,0,1,1,0,0,2,5,0,0,-1,0,0,1
16801.37,5.49,1.11,1,8,0,20,0,1,3,3060.59,186.98,15149.58,228,17,1.3,4,1,0,0,0,0,0,1,1,0,0,-1,0,0,0
626.27,0.74,0.22,0,256,1,4,0,5,0,846.78,713.21,2817.32,109,11,6.1,3,0,1,0,0,0,0,0,2,0,0,-1,0,0,0
25845.73,1.75,0.58,0,99,1,8,0,1,2,14781.92,888.08,44345.76,47,3,7.0,7,0,1,0,0,0,0,2,2,0,0,-1,0,0,0
442.91,1.36,0.35,0,54,1,8,1,5,0,325.35,394.52,1258.52,99,20,7.9,9,0,1,0,0,0,0,0,0,0,0,-1,0,0,0
43935.38,35.08,15.45,1,0,0,1,0,5,5,1252.37,1236.3,2844.02,83,6,2.7,8,1,0,1,0,0,0,4,3,0,0,-1,0,0,1
11235.84,10.18,3.61,1,0,0,16,0,4,5,1103.35,717.06,3115.82,61,17,0.9,14,1,0,1,1,1,0,3,4,0,0,-1,0,1,1
12722.89,3.21,1.22,1,17,0,6,0,4,1,3960.84,420.8,10430.23,167,8,6.4,3,1,0,0,0,0,0,1,2,0,0,-1,0,1,0
50.1,0.03,0.01,0,196,1,15,0,2,2,1732.21,1093.43,7748.88,229,8,6.0,13,0,0,0,0,0,0,2,1,0,0,-1,0,2,0
55444.88,26.9,10.24,1,0,0,14,0,1,1,2061.48,348.82,5411.98,31,10,5.4,8,0,1,0,0,0,0,2,1,0,0,-1,0,2,1
20769.89,6.71,1.58,0,2,1,12,0,1,2,3095.2,428.02,13110.9,23,14,3.5,11,1,1,0,0,0,0,0,0,0,0,-1,0,0,0
215.0,0.27,0.06,0,196,1,2,0,2,1,783.28,580.7,3872.53,194,18,6.7,9,0,1,0,1,0,0,0,0,0,0,-1,0,2,0
139679.66,13.93,1.11,0,400,1,3,0,0,0,10030.02,1573.07,125711.69,128,11,5.6,2,1,0,0,0,0,0,1,1,0,0,-1,0,0,0
587.81,0.3,0.07,0,90,1,10,0,4,0,1978.86,850.58,8482.03,227,19,4.6,10,0,1,0,0,0,0,1,1,0,0,-1,0,2,0
43560.6,18.81,6.41,1,0,0,21,0,1,1,2315.67,482.11,6797.4,236,7,5.3,4,0,1,0,0,1,0,0,3,0,0,-1,0,1,1
13158.53,3.6,1.36,1,25,1,6,1,2,2,3657.61,545.56,9646.64,250,20,7.5,6,1,0,0,0,0,0,1,1,0,0,-1,0,1,0
70179.49,38.2,11.08,0,10,0,5,0,4,0,1837.33,1335.19,6333.01,22,8,0.6,0,0,1,0,0,0,0,0,1,1,3,43,1,4,1
926.05,0.49,0.12,0,346,1,3,0,1,0,1872.32,393.33,7972.24,171,14,6.3,4,0,1,1,0,0,0,1,1,0,0,-1,0,0,0
428.57,0.48,0.1,0,19,1,21,0,2,0,893.09,317.97,4404.61,180,7,4.8,4,1,1,1,0,0,0,1,2,0,0,-1,0,1,0
1114.58,0.64,0.22,1,48,1,23,0,3,1,1741.27,514.3,5053.32,26,18,3.2,4,0,1,1,0,0,0,0,1,0,0,-1,0,1,0
27516.55,24.33,9.58,1,0,0,4,0,5,4,1131.08,1523.8,2871.07,99,6,3.7,6,1,0,1,0,0,0,3,4,0,0,-1,0,1,1
127.78,0.1,0.04,1,264,1,2,0,5,2,1334.96,1507.79,3542.67,65,5,7.9,3,0,0,0,0,0,0,0,2,0,0,-1,0,1,0
55666.82,19.0,6.8,0,5,0,2,0,5,1,2930.51,740.78,8186.06,110,2,1.2,4,0,1,0,0,0,0,1,2,1,2,15,0,4,1
148743.23,11.24,1.11,0,661,1,5,0,2,1,13238.95,595.84,133868.91,184,8,7.5,4,0,1,0,0,0,1,2,1,0,0,-1,0,0,0
1046.05,0.57,0.28,0,280,1,15,1,3,3,1850.65,1276.47,3712.35,237,12,3.4,8,0,0,0,0,0,0,1,1,0,0,-1,0,2,0
36346.62,50.01,22.68,1,0,0,11,0,2,0,726.77,577.58,1602.37,121,15,6.3,14,1,0,0,0,1,0,0,4,0,0,-1,0,3,1
29908.91,21.0,7.63,1,0,0,14,0,4,0,1424.53,317.24,3921.46,184,5,7.1,0,1,1,0,0,0,0,2,2,0,0,-1,0,3,1
991.3,2.18,0.58,0,69,0,14,0,4,1,454.74,366.28,1702.65,111,7,5.1,12,1,1,0,0,0,0,0,0,0,0,-1,0,1,0
361.36,0.36,0.08,0,188,1,8,1,5,0,990.64,310.8,4320.57,77,18,3.4,14,0,1,0,0,0,0,2,2,0,0,-1,0,1,0
15459.15,0.68,0.23,0,519,1,3,0,3,0,22753.04,630.08,68259.13,177,19,5.6,8,0,1,1,0,0,0,2,2,0,0,-1,0,1,0
746.31,0.52,0.19,1,354,1,0,0,1,2,1425.72,678.52,3966.74,246,16,1.3,6,1,1,0,0,1,0,2,2,0,0,-1,0,0,0
70245.29,42.26,18.49,1,0,0,6,0,3,0,1662.15,503.13,3799.56,136,12,1.0,10,1,1,1,0,0,0,1,4,0,0,-1,0,1,1
10669.82,2.95,0.8,0,8,1,10,0,5,3,3613.71,441.62,13370.8,156,13,2.9,14,1,1,0,0,0,0,0,2,0,0,-1,0,0,0
28239.87,6.72,2.36,1,2,0,8,0,0,0,4203.59,189.7,11951.2,77,16,4.8,7,1,1,1,0,0,0,0,0,0,0,-1,0,0,0
793.4,1.35,0.33,0,214,1,14,0,3,1,589.41,1436.71,2405.31,67,7,5.3,1,0,0,0,0,0,0,2,0,0,0,-1,0,2,0
9514.35,5.17,1.99,1,0,0,19,0,7,3,1839.03,477.2,4780.04,3,6,1.3,9,1,0,1,1,0,0,5,2,0,0,-1,0,2,1
55240.93,27.85,12.43,1,0,0,10,0,4,2,1983.72,542.06,4445.67,99,5,5.5,10,1,1,0,0,0,0,2,4,0,0,-1,0,0,1
19427.87,7.8,1.59,0,54,0,22,0,3,0,2491.19,591.86,12194.43,67,8,4.6,3,0,1,0,1,0,0,0,2,0,0,-1,0,1,0
1167.98,0.77,0.15,0,349,1,0,0,5,0,1522.68,322.45,7560.44,188,2,1.1,2,0,0,0,0,0,0,2,2,0,0,-1,0,2,0
1054.35,0.59,0.26,1,5,1,18,0,2,3,1775.57,1201.19,4105.54,158,4,1.3,3,1,1,0,0,0,0,1,1,0,0,-1,0,1,0
8866.72,6.8,1.62,1,73,0,5,0,0,3,1304.36,1031.05,5463.87,66,19,3.9,13,0,0,0,0,1,0,2,0,0,0,-1,0,0,0
16091.78,4.73,1.68,0,87,1,1,0,1,3,3405.19,516.06,9568.26,28,9,0.7,11,0,1,0,0,0,0,1,2,0,0,-1,0,0,0
1007.05,1.81,0.57,0,299,1,3,0,1,2,556.74,770.46,1764.49,202,9,6.8,10,0,0,0,0,0,0,0,0,0,0,-1,0,2,0
562.25,0.77,0.17,0,317,1,10,0,5,1,731.62,826.1,3242.77,222,19,2.0,8,0,1,0,0,0,0,1,0,0,0,-1,0,1,0
44327.75,3.18,1.06,0,286,1,20,0,3,1,13933.51,951.35,41800.52,76,15,1.2,13,0,0,0,0,0,0,2,2,0,0,-1,0,2,0
295.63,0.25,0.09,0,362,0,0,0,2,1,1202.56,494.49,3475.13,222,20,6.1,0,1,1,0,0,0,0,1,2,0,0,-1,0,2,0
39273.69,22.87,8.9,1,0,0,20,0,7,2,1717.47,269.66,4412.86,193,9,6.6,7,1,0,1,1,1,0,4,4,0,0,-1,0,0,1
309.14,0.16,0.04,1,290,1,4,0,4,1,1903.98,478.44,8245.21,10,10,5.1,14,1,1,0,0,0,0,1,1,0,0,-1,0,1,0
60752.96,5.15,1.11,0,202,1,23,0,5,1,11789.93,496.23,54677.66,257,3,3.6,5,0,1,0,0,0,0,0,1,0,0,-1,0,0,0
343.79,0.19,0.04,1,253,1,2,0,1,3,1803.9,298.54,7668.87,138,2,3.4,12,0,0,0,0,0,0,1,0,0,0,-1,0,0,0
28440.08,24.9,9.99,0,32,1,13,1,0,3,1141.98,178.37,2846.33,224,9,5.5,4,1,0,1,0,0,0,2,0,0,0,-1,0,1,0
4147.45,4.24,1.18,0,1,1,9,0,5,1,977.86,687.81,3512.51,142,8,2.5,13,1,1,0,0,0,0,0,1,0,0,-1,0,0,0
40786.48,14.89,6.26,1,0,0,5,0,6,5,2739.81,1220.85,6511.82,106,19,5.5,2,1,0,1,1,1,0,2,5,0,0,-1,0,2,1
394.89,0.67,0.2,0,324,1,17,0,4,3,586.89,525.83,1966.78,70,5,3.8,2,0,1,0,0,0,0,0,1,0,0,-1,0,0,0
80084.13,5.1,1.11,0,375,1,3,1,3,1,15709.55,494.81,72075.72,268,7,6.8,8,0,1,0,0,0,1,1,2,0,0,-1,0,2,0
10665.58,0.45,0.15,0,213,1,17,0,5,1,23634.11,309.92,70902.33,146,4,2.8,0,0,1,0,0,0,0,0,1,0,0,-1,0,1,0
15357.38,8.76,4.28,0,65,1,19,0,5,2,1753.72,490.39,3589.07,111,8,6.0,10,0,0,0,0,0,0,1,1,0,0,-1,0,0,0
2510.6,1.36,0.65,0,48,1,2,0,2,3,1841.57,210.61,3863.75,88,9,4.5,4,0,0,0,0,0,0,2,0,0,0,-1,0,0,0
42506.61,31.81,15.54,1,0,0,21,0,8,3,1336.27,479.65,2735.82,110,3,4.0,2,1,0,1,1,0,0,2,5,0,0,-1,0,2,1
149465.43,17.34,1.11,0,279,1,18,0,3,2,8619.36,1666.08,134518.89,253,4,2.0,3,0,0,0,0,0,0,1,2,0,0,-1,0,0,0
24332.05,7.39,2.2,1,5,1,2,0,1,0,3291.44,350.98,11051.15,174,7,6.3,11,0,0,0,0,0,0,0,0,0,0,-1,0,1,0
332.68,0.42,0.1,0,149,1,18,0,2,3,792.72,411.58,3216.58,164,14,3.7,0,1,1,0,1,0,1,2,2,0,0,-1,0,0,0
12106.78,6.66,2.31,1,0,0,7,1,5,3,1818.0,601.7,5231.89,36,4,4.7,6,1,0,1,1,1,0,5,3,0,0,-1,0,1,1
2212.22,1.44,0.48,0,26,1,22,0,2,1,1533.91,1053.45,4636.99,166,18,7.6,2,0,1,0,0,0,0,2,2,0,0,-1,0,1,0
34069.15,1.66,0.55,0,62,1,10,0,4,0,20479.27,329.44,61437.82,167,8,1.8,6,0,1,0,0,0,0,0,2,0,0,-1,0,1,0
20265.74,18.72,3.85,1,14,1,18,0,4,3,1082.55,390.94,5260.67,49,11,6.9,6,0,0,0,0,0,0,0,0,0,0,-1,0,0,0
147.73,0.13,0.06,1,183,1,23,0,5,0,1106.33,917.82,2658.73,174,12,2.0,10,1,0,0,0,0,0,0,0,0,0,-1,0,2,0
37558.52,5.66,1.11,0,703,1,5,0,0,1,6631.87,558.81,33802.67,173,4,3.5,4,0,1,0,0,0,0,1,2,0,0,-1,0,0,0
199.49,0.28,0.07,0,6,1,2,1,2,1,713.09,448.95,2682.86,26,5,3.3,3,0,0,0,0,1,0,2,2,0,0,-1,0,2,0
26926.06,38.39,20.78,1,0,0,18,0,2,0,701.41,582.67,1295.47,140,15,7.4,3,0,0,1,0,0,0,0,2,0,0,-1,0,2,1
147285.04,6.87,1.11,0,624,1,12,0,2,1,21427.19,493.14,132556.54,163,10,6.4,5,1,0,0,0,0,0,2,1,0,0,-1,0,1,0
62734.54,30.79,12.69,1,0,0,20,0,3,2,2037.36,584.39,4944.71,141,18,5.9,4,0,1,0,0,0,0,1,3,0,0,-1,0,3,1
29632.4,10.48,3.52,1,78,0,18,0,0,1,2827.86,361.88,8410.49,233,13,0.9,10,1,1,0,0,0,0,0,2,0,0,-1,0,0,0
29672.33,6.65,1.71,1,71,0,17,0,4,3,4464.89,333.76,17302.84,167,16,3.7,5,0,0,0,0,0,0,1,2,0,0,-1,0,0,0
219.09,0.23,0.1,0,183,0,23,0,5,1,965.7,531.96,2258.33,196,8,0.6,1,0,1,1,0,0,0,0,0,0,0,-1,0,2,0
129537.88,8.02,1.11,0,426,1,23,1,4,3,16151.99,184.27,116584.09,234,4,0.5,2,0,1,0,0,0,0,2,1,0,0,-1,0,1,0
20795.58,9.18,4.77,1,0,0,11,0,5,1,2264.71,673.0,4355.16,174,13,7.7,5,1,1,0,0,0,0,2,1,0,0,-1,0,0,1
30774.93,2.53,0.84,0,315,1,13,1,4,0,12141.06,313.28,36423.19,234,12,1.5,11,1,0,0,0,0,0,1,1,0,0,-1,0,0,0
14487.12,17.15,6.33,0,2,0,0,0,1,1,844.92,376.07,2288.88,80,4,3.5,11,0,0,0,0,0,0,2,0,1,4,5,0,4,1
299.99,0.24,0.09,0,355,1,5,0,0,0,1256.61,1242.62,3439.42,188,6,6.0,9,0,1,0,0,0,0,1,1,0,0,-1,0,1,0
50923.58,55.1,19.53,1,0,0,0,0,5,4,924.26,187.78,2606.84,158,4,4.2,5,1,0,1,1,1,0,5,5,0,0,-1,0,2,1
10086.11,8.42,3.07,1,47,0,23,0,0,3,1198.48,888.98,3282.9,141,17,6.1,12,1,1,0,0,1,0,0,2,0,0,-1,0,0,0
88971.29,10.53,1.11,0,259,1,11,0,4,3,8451.11,345.42,80074.16,188,12,3.2,5,0,0,0,0,0,0,0,1,0,0,-1,0,2,0
18545.09,12.41,2.5,0,53,0,18,0,2,1,1493.91,789.52,7405.31,47,9,5.5,11,1,0,0,0,0,0,0,2,0,0,-1,0,0,0
154.73,0.11,0.04,0,318,1,17,0,2,3,1378.38,337.22,4101.87,116,5,2.9,6,0,1,0,0,0,0,1,1,0,0,-1,0,0,0
70735.81,11.49,1.11,0,420,1,4,0,5,3,6157.85,832.33,63662.23,111,9,1.7,13,0,1,0,0,0,0,2,0,0,0,-1,0,2,0
52465.87,60.76,27.62,1,0,0,23,0,5,3,863.55,1526.07,1899.67,109,5,5.1,5,0,0,0,0,0,0,1,3,0,0,-1,0,1,1
109.97,0.08,0.02,0,173,1,0,0,4,2,1324.1,223.26,5968.11,96,6,6.1,14,1,0,0,0,0,0,2,1,0,0,-1,0,1,0
25701.04,64.14,26.89,1,0,0,15,0,3,1,400.71,1449.74,955.85,160,11,4.2,2,1,0,0,0,0,0,2,2,0,0,-1,0,3,1
754.5,0.5,0.13,0,358,1,20,0,2,3,1509.85,215.99,5844.32,120,9,4.5,13,0,1,0,0,0,0,1,2,0,0,-1,0,1,0
252.63,0.27,0.06,0,156,1,8,0,4,3,950.63,894.39,4506.56,150,7,2.3,0,1,1,0,0,0,0,0,1,0,0,-1,0,2,0
28707.64,13.78,5.71,1,0,0,8,0,3,3,2084.02,727.11,5031.67,139,8,5.9,4,1,0,1,1,1,0,4,5,0,0,-1,0,1,1
93597.14,10.35,1.11,0,516,1,19,0,1,2,9042.83,295.75,84237.43,219,3,2.9,8,0,0,0,0,0,0,2,1,0,0,-1,0,2,0
451.96,0.27,0.08,0,298,1,6,0,2,0,1672.45,851.74,5366.17,173,13,3.9,11,0,1,0,0,0,0,0,1,0,0,-1,0,0,0
64784.35,4.47,1.11,0,179,1,13,0,2,0,14504.35,1393.1,58305.92,62,13,7.2,3,0,0,0,0,0,0,1,1,0,0,-1,0,2,0
15647.43,19.89,8.43,1,0,0,1,1,3,3,786.86,531.61,1856.13,95,3,3.9,7,0,0,0,0,0,0,0,3,0,0,-1,0,1,1
126.89,0.27,0.07,0,339,1,19,0,2,3,475.78,1159.58,1937.9,40,4,6.8,7,0,1,0,0,0,0,1,1,0,0,-1,0,1,0
412.22,0.64,0.17,1,78,1,23,0,4,1,648.71,194.06,2396.97,247,15,1.0,8,0,1,0,0,0,0,1,1,0,0,-1,0,1,0
23690.51,24.25,10.86,1,0,0,9,0,8,2,976.99,1777.29,2182.33,179,5,6.0,7,1,0,1,0,0,0,2,5,0,0,-1,0,1,1
54331.97,18.4,7.36,1,0,0,8,0,7,2,2952.22,689.09,7384.18,221,6,2.1,6,1,0,1,0,1,0,3,2,0,0,-1,0,2,1
50262.73,87.15,32.88,1,0,0,9,0,5,3,576.72,1705.12,1528.66,32,10,5.1,12,1,0,0,0,0,0,2,2,0,0,-1,0,3,1
372.93,0.45,0.13,0,16,1,12,0,4,3,822.75,230.77,2950.74,25,2,2.0,13,0,0,0,0,0,0,2,0,0,0,-1,0,0,0
25192.06,15.62,3.63,0,42,0,11,0,4,2,1613.22,1056.84,6942.98,237,10,1.7,12,0,0,0,0,0,0,1,2,0,0,-1,0,1,0
2012.27,3.91,1.16,1,206,1,3,0,2,1,514.57,195.27,1737.47,130,8,7.7,4,1,0,0,0,0,0,1,2,0,0,-1,0,1,0
28264.35,3.03,1.01,0,72,1,22,0,0,1,9340.55,1012.56,28021.65,285,7,3.0,1,1,1,0,0,1,0,2,1,0,0,-1,0,0,0
2679.65,1.01,0.38,0,54,0,17,0,0,1,2661.2,1514.27,7141.55,50,6,4.2,1,1,1,0,0,0,0,0,0,0,0,-1,0,0,0
526.62,0.42,0.1,0,14,1,21,0,2,1,1246.92,1519.0,5099.38,95,9,1.1,12,1,1,1,0,0,0,0,0,0,0,-1,0,0,0
154.16,0.1,0.02,0,353,1,23,0,3,3,1573.58,710.12,7703.31,189,2,4.1,8,0,1,1,0,0,0,2,1,0,0,-1,0,1,0
56474.62,31.69,11.13,1,0,0,7,0,4,2,1782.33,313.9,5073.9,53,20,1.2,13,1,0,1,0,0,1,5,5,0,0,-1,0,0,1
364.91,0.24,0.05,0,324,1,5,0,4,1,1498.88,614.25,7074.79,169,15,1.5,3,0,1,0,0,1,0,0,1,0,0,-1,0,2,0
9389.46,6.27,2.57,1,27,0,19,0,1,1,1498.18,517.29,3659.59,230,17,1.4,3,1,1,1,0,0,1,1,2,0,0,-1,0,0,0
3008.76,2.06,0.78,0,77,0,4,0,2,3,1459.5,1191.59,3842.3,34,12,7.5,9,0,0,0,0,0,0,0,1,0,0,-1,0,1,0
42090.95,2.45,0.82,0,707,1,18,0,2,3,17149.23,514.19,51447.7,88,13,4.9,6,0,1,0,0,0,0,0,2,0,0,-1,0,1,0
206.96,0.23,0.05,0,328,1,23,0,1,2,918.14,393.37,3963.72,183,11,1.8,2,0,1,0,0,0,0,1,1,0,0,-1,0,1,0
6761.46,1.36,0.46,1,38,1,22,0,2,3,4958.8,431.25,14572.01,241,19,7.8,8,0,1,0,0,0,0,2,2,0,0,-1,0,0,0
135421.8,17.91,1.11,0,270,1,6,0,1,3,7559.89,477.44,121879.62,166,11,5.3,7,0,1,0,0,1,0,2,1,0,0,-1,0,1,0
19135.49,5.99,1.91,0,0,0,6,0,1,1,3192.67,287.93,10038.38,120,8,4.4,3,1,1,0,0,0,0,0,2,1,4,37,0,4,1
18621.94,14.31,5.54,0,6,0,9,0,1,0,1301.33,716.94,3360.72,97,6,7.5,6,0,1,0,0,0,0,0,2,1,4,46,1,6,1
242.29,0.31,0.07,0,124,1,4,0,2,1,788.22,1211.52,3298.45,7,6,1.7,11,1,0,0,0,0,0,1,0,0,0,-1,0,2,0
234.36,0.35,0.11,0,259,1,5,0,1,2,672.96,930.14,2064.58,240,13,7.4,1,0,0,0,0,0,0,1,1,0,0,-1,0,0,0
16833.52,8.73,3.04,1,0,0,21,0,5,4,1929.17,824.93,5531.36,65,15,5.1,9,1,0,1,1,1,0,3,1,0,0,-1,0,0,1
24516.79,7.86,2.39,0,35,1,7,0,3,1,3118.85,1020.79,10244.81,164,19,2.6,0,0,1,0,0,0,0,1,2,0,0,-1,0,0,0
6678.21,2.36,0.55,0,81,0,22,0,0,2,2827.6,1596.04,12224.8,239,16,4.6,14,0,0,1,0,0,0,1,1,0,0,-1,0,1,0
1187.6,1.34,0.32,1,12,1,23,0,1,2,889.13,717.11,3758.88,249,2,3.6,10,1,1,0,0,0,0,0,0,0,0,-1,0,0,0
546.25,0.33,0.08,0,329,1,9,0,3,0,1632.41,324.35,6531.5,171,12,2.4,7,0,0,1,0,0,0,0,1,0,0,-1,0,2,0
272.45,0.9,0.35,0,335,1,4,0,4,3,302.23,394.93,782.05,42,19,2.8,6,0,1,0,0,0,0,2,0,0,0,-1,0,1,0
378.65,0.38,0.13,0,96,1,5,0,1,2,996.53,984.52,2854.36,180,19,1.7,13,1,1,1,0,0,1,0,1,0,0,-1,0,1,0
29624.18,39.77,14.81,1,0,0,14,0,3,5,744.93,909.54,2000.68,95,2,0.9,6,1,0,1,1,1,0,2,5,0,0,-1,0,1,1
801.86,0.78,0.19,0,170,0,11,0,2,3,1026.67,881.77,4291.61,241,10,6.6,11,0,0,0,0,0,0,0,1,0,0,-1,0,1,0
88820.67,4.2,1.11,0,399,1,14,0,5,1,21125.5,1642.55,79938.6,153,4,6.2,11,0,1,0,0,0,0,0,2,0,0,-1,0,2,0
124.07,0.07,0.03,0,330,1,15,0,1,0,1765.12,181.51,3716.82,117,6,3.4,8,0,1,0,0,0,0,0,1,0,0,-1,0,2,0
3219.32,2.37,0.53,0,73,0,5,1,0,1,1359.48,713.02,6124.5,148,9,5.6,0,1,1,0,0,0,0,1,1,0,0,-1,0,0,0
476.77,1.19,0.45,1,177,1,9,0,0,3,400.11,332.09,1050.04,22,3,0.9,10,0,1,0,0,0,0,0,2,0,0,-1,0,2,0
2159.71,0.58,0.12,0,36,1,5,0,0,3,3716.21,2129.74,18266.02,220,7,7.1,7,0,1,1,0,0,0,2,1,0,0,-1,0,0,0
18012.43,5.43,2.41,1,43,1,5,0,3,1,3315.75,141.63,7484.97,136,7,1.5,10,0,1,0,0,0,0,0,0,0,0,-1,0,0,0
192.0,0.14,0.03,0,107,1,23,1,4,2,1345.65,622.13,6392.98,40,17,3.4,2,0,1,0,0,0,0,1,0,0,0,-1,0,1,0
2797.65,2.45,0.68,0,226,1,14,0,4,1,1140.67,1664.91,4136.98,233,13,5.9,8,0,1,0,0,0,0,1,1,0,0,-1,0,0,0
280.95,0.28,0.1,0,72,1,22,0,1,3,993.34,1545.27,2750.73,102,10,6.5,5,0,0,0,0,0,0,0,2,0,0,-1,0,2,0
77733.46,9.11,1.11,0,481,1,15,0,3,2,8534.08,195.58,69960.11,283,17,3.9,9,0,1,0,1,0,0,2,2,0,0,-1,0,0,0
44969.18,20.84,9.27,1,0,0,17,0,3,5,2157.4,1530.62,4851.85,211,15,5.1,7,1,0,1,1,0,0,5,3,0,0,-1,0,0,1
97753.79,5.77,1.11,0,125,1,17,0,4,0,16928.58,1751.62,87978.41,230,4,4.0,4,1,0,0,0,0,0,0,1,0,0,-1,0,0,0
3415.29,6.1,1.61,0,99,0,23,0,2,2,560.07,330.6,2118.25,144,12,7.0,0,0,0,1,0,0,0,1,1,0,0,-1,0,2,0
140447.56,6.53,1.11,0,400,1,10,0,2,1,21516.38,171.06,126402.8,95,19,7.5,5,0,1,0,0,0,0,0,1,0,0,-1,0,2,0
11952.2,1.44,0.48,0,671,1,4,0,3,2,8314.99,187.62,24944.96,144,18,2.3,13,0,1,0,0,0,0,0,1,0,0,-1,0,1,0
994.02,2.22,0.75,0,15,1,23,0,1,3,446.91,334.86,1319.5,158,8,5.7,6,0,1,0,0,1,0,1,0,0,0,-1,0,2,0
43036.18,21.86,8.19,1,0,0,14,0,6,3,1968.78,165.87,5253.06,44,6,6.1,7,1,0,1,1,1,0,5,5,0,0,-1,0,1,1
60007.26,31.71,11.06,1,0,0,1,0,2,3,1892.55,296.98,5425.53,84,17,6.0,13,1,1,1,0,0,1,2,2,0,0,-1,0,3,1
43106.62,39.22,14.77,1,0,0,14,0,5,0,1099.07,975.39,2918.95,23,13,3.2,14,0,1,0,0,0,0,2,4,0,0,-1,0,1,1
747.44,0.45,0.16,0,222,1,8,1,5,1,1655.39,1112.36,4635.37,223,3,7.0,5,0,0,0,0,0,0,1,1,0,0,-1,0,1,0
455.72,0.28,0.1,1,276,1,20,0,5,2,1600.89,214.25,4408.11,25,17,6.5,9,1,1,0,0,0,0,2,1,0,0,-1,0,0,0
30525.8,13.51,5.23,1,0,0,22,0,4,5,2258.68,1160.51,5836.09,60,10,5.3,4,1,0,1,1,1,0,4,4,0,0,-1,0,2,1
29881.09,12.35,3.18,0,41,0,10,0,3,3,2419.96,750.8,9406.44,231,9,1.2,5,1,0,1,0,0,0,1,2,0,0,-1,0,1,0
63487.27,43.01,17.05,1,0,0,5,0,1,2,1476.24,796.24,3723.28,126,17,1.8,9,0,1,0,0,0,0,0,2,0,0,-1,0,1,1
293.56,0.38,0.17,1,236,0,15,0,1,2,765.64,951.59,1718.96,156,14,1.0,12,0,1,0,0,0,1,2,1,0,0,-1,0,2,0
230.33,0.37,0.09,1,285,1,6,0,4,0,624.98,213.7,2612.57,89,11,1.9,2,0,0,0,0,0,0,2,0,0,0,-1,0,2,0
18701.16,3.97,1.6,0,24,0,13,0,4,0,4712.1,1365.9,11656.42,113,18,6.9,1,0,1,0,0,0,0,0,2,0,0,-1,0,1,0
62591.69,44.29,16.45,1,0,0,2,0,5,2,1413.22,356.89,3804.13,95,16,4.2,8,1,0,0,0,0,0,2,1,0,0,-1,0,2,1
206.77,0.5,0.22,0,322,1,1,0,2,0,411.94,173.58,948.74,100,15,2.0,3,1,0,0,0,0,0,2,0,0,0,-1,0,0,0
859.7,0.51,0.11,0,121,1,11,0,5,0,1686.27,314.16,8149.82,73,15,3.8,4,0,0,0,1,0,0,1,1,0,0,-1,0,0,0
52230.07,96.74,41.78,1,0,0,6,0,4,2,539.89,673.17,1250.2,32,13,7.5,7,0,0,0,0,0,0,2,1,0,0,-1,0,1,1
23398.63,4.79,1.14,0,29,0,5,0,4,3,4888.89,1078.15,20496.26,123,11,3.0,5,1,1,0,0,0,1,1,1,0,0,-1,0,0,0
59730.27,30.6,16.48,1,0,0,22,0,4,0,1951.81,3245.71,3623.96,10,2,6.6,14,0,1,0,0,0,0,1,2,0,0,-1,0,3,1
15582.38,0.67,0.22,0,195,1,22,0,2,2,23197.35,3824.85,69592.05,177,11,6.7,2,1,1,0,0,0,0,2,0,0,0,-1,0,1,0
12655.21,3.91,1.29,0,87,1,5,0,2,1,3234.42,1510.48,9798.24,169,15,2.5,0,1,1,0,0,0,0,2,2,0,0,-1,0,1,0
20484.03,4.17,1.85,1,28,1,9,0,4,2,4906.61,279.93,11066.71,61,17,7.9,7,1,1,0,0,0,0,0,2,0,0,-1,0,0,0
62886.68,2.72,0.91,0,415,1,4,1,3,0,23079.75,897.41,69239.25,81,18,4.9,2,0,1,0,0,0,0,2,0,0,0,-1,0,1,0
3327.33,1.03,0.25,1,53,1,20,0,4,1,3218.02,149.04,13059.61,121,8,5.6,5,1,0,0,0,0,0,0,1,0,0,-1,0,0,0
18198.6,5.57,2.48,1,64,1,16,0,1,1,3266.79,901.59,7346.4,16,3,2.1,2,0,0,0,0,0,0,0,0,0,0,-1,0,0,0
618.28,0.37,0.14,0,215,0,23,0,1,0,1672.76,376.01,4385.01,202,17,8.0,3,1,1,1,0,0,0,2,0,0,0,-1,0,2,0
14028.11,3.99,1.07,1,3,1,7,0,5,3,3518.41,764.9,13082.07,190,20,6.4,7,0,0,1,0,0,0,1,0,0,0,-1,0,1,0
15174.87,3.25,0.95,0,60,1,9,0,5,3,4669.79,239.33,15940.58,147,16,6.1,14,1,0,0,0,0,0,0,2,0,0,-1,0,1,0
127.35,0.12,0.02,0,13,1,7,0,0,1,1079.37,327.05,5223.76,97,8,0.9,14,0,0,0,0,0,0,0,0,0,0,-1,0,2,0
493.38,1.13,0.53,0,170,1,13,0,1,1,436.75,1604.56,925.73,214,6,1.0,2,0,1,0,0,0,0,2,1,0,0,-1,0,1,0
348.43,0.21,0.06,0,33,1,7,0,5,1,1659.07,1379.67,6016.55,124,5,3.9,8,0,0,0,0,0,0,0,2,0,0,-1,0,1,0
15506.21,4.63,1.15,1,36,0,18,0,4,1,3352.13,158.98,13492.08,210,8,8.0,8,0,1,0,0,0,0,1,0,0,0,-1,0,1,0
356.92,0.19,0.05,0,325,1,13,0,0,0,1913.24,1232.96,7004.73,96,14,7.8,1,0,1,0,0,0,0,0,0,0,0,-1,0,1,0
119859.29,5.6,1.11,0,439,1,10,0,4,0,21416.53,1367.46,107873.36,268,16,6.8,6,1,1,0,0,0,1,0,2,0,0,-1,0,1,0
274.48,0.16,0.04,0,324,1,23,1,3,1,1684.23,1108.74,6693.26,109,5,6.7,6,0,1,1,0,0,0,1,1,0,0,-1,0,0,0
33396.88,1.41,0.47,0,180,1,16,0,1,0,23651.31,559.99,70953.93,102,2,2.3,6,0,1,0,0,0,0,1,2,0,0,-1,0,2,0
66860.3,87.5,22.36,0,8,0,23,0,3,2,764.11,1082.2,2990.01,121,12,3.4,7,1,1,0,0,1,0,2,0,1,3,26,0,4,1
463.76,0.41,0.12,1,133,0,2,1,0,1,1138.39,1821.64,4020.83,189,6,5.7,7,0,1,0,0,0,0,2,0,0,0,-1,0,1,0
1120.64,0.63,0.21,0,153,1,2,0,0,2,1781.61,309.39,5448.61,229,18,3.9,0,0,1,1,0,0,0,1,0,0,0,-1,0,0,0
1551.95,1.05,0.37,0,197,1,8,0,2,0,1483.77,265.31,4190.73,217,17,4.8,11,0,1,0,0,0,0,2,1,0,0,-1,0,0,0
959.53,0.61,0.22,0,136,0,5,0,3,0,1569.83,297.2,4269.16,140,16,4.2,5,0,1,1,0,0,0,1,0,0,0,-1,0,1,0
752.84,0.46,0.09,0,95,1,0,0,1,2,1648.93,1345.02,7982.84,247,4,3.9,11,0,0,0,0,0,0,2,1,0,0,-1,0,1,0
41503.6,15.91,7.32,1,0,0,2,0,3,3,2608.23,1096.33,5673.05,63,6,6.6,10,1,0,1,1,0,0,5,5,0,0,-1,0,2,1
17852.46,26.24,8.82,1,0,0,17,0,5,3,680.23,315.96,2022.97,71,19,3.3,3,0,1,1,0,0,0,0,4,0,0,-1,0,2,1
586.07,1.28,0.3,0,354,1,15,1,5,3,456.27,296.94,1969.6,168,8,2.7,12,1,0,1,0,0,0,1,0,0,0,-1,0,2,0
7637.98,7.9,1.72,1,0,1,11,0,5,0,967.31,214.51,4449.69,235,10,2.0,6,1,0,0,0,0,0,2,2,0,0,-1,0,1,0
806.84,0.99,0.22,0,293,1,9,0,1,2,818.81,3317.62,3644.16,226,3,3.2,4,1,1,0,0,0,0,0,2,0,0,-1,0,1,0
144000.6,6.89,1.11,0,636,1,4,0,1,2,20914.06,569.39,129600.54,92,18,4.2,4,0,0,0,0,0,0,1,0,0,0,-1,0,2,0
19214.57,19.37,6.8,1,0,0,15,0,4,3,992.12,153.26,2826.91,121,8,1.4,2,1,0,1,0,1,0,5,3,0,0,-1,0,1,1
44456.61,24.92,10.39,1,0,0,1,0,5,3,1784.14,457.66,4279.12,139,10,4.0,4,1,0,1,0,1,0,2,2,0,0,-1,0,0,1
139783.19,6.42,1.11,0,634,1,5,0,3,3,21786.65,153.32,125804.87,113,18,3.4,13,0,0,0,0,0,0,2,1,0,0,-1,0,2,0
12384.46,6.78,2.87,1,0,0,11,0,4,2,1826.54,615.91,4314.39,247,2,2.7,4,1,0,1,1,1,0,2,2,0,0,-1,0,2,1
10311.7,3.67,1.05,0,53,0,19,0,3,1,2810.42,2205.65,9783.42,232,7,7.4,0,0,1,0,0,0,0,1,0,0,0,-1,0,0,0
593.57,0.34,0.12,0,296,1,3,0,0,0,1725.59,1307.52,4794.7,35,16,2.1,3,0,1,0,0,0,0,0,0,0,0,-1,0,1,0
867.12,2.62,1.14,0,278,1,12,0,3,1,330.71,267.43,761.15,5,10,1.4,14,0,1,0,0,0,0,2,0,0,0,-1,0,1,0
23746.2,5.05,2.3,0,16,0,17,0,2,3,4705.62,1193.88,10327.2,153,18,6.2,2,1,0,0,0,0,0,0,2,0,0,-1,0,1,0
382.25,0.2,0.05,1,166,1,10,1,3,1,1920.89,1146.35,8196.06,41,6,1.0,2,1,0,0,0,0,0,0,0,0,0,-1,0,2,0
1621.32,1.03,0.25,0,277,1,13,0,0,2,1578.26,380.86,6458.34,218,13,7.0,14,0,0,0,0,0,0,0,1,0,0,-1,0,1,0
342.63,0.47,0.24,0,194,1,15,0,0,3,722.17,570.42,1453.8,115,14,1.3,2,0,0,0,0,0,0,0,1,0,0,-1,0,1,0
28196.59,5.84,2.27,0,59,1,0,0,0,2,4825.68,928.11,12435.74,227,3,6.6,9,0,0,0,1,0,0,2,2,0,0,-1,0,0,0
12648.25,0.58,0.19,0,395,1,3,0,5,1,21780.22,914.65,65340.66,44,9,3.2,2,0,0,0,0,0,0,0,1,0,0,-1,0,1,0
920.76,0.54,0.2,0,122,0,20,0,5,0,1707.15,253.71,4595.66,108,6,7.3,11,0,1,0,0,0,0,1,0,0,0,-1,0,1,0
189.92,0.12,0.05,0,187,0,1,0,5,1,1554.37,159.75,3904.78,181,11,5.2,1,0,1,0,0,0,0,1,2,0,0,-1,0,2,0
486.77,1.41,0.59,0,14,1,7,0,0,1,345.45,261.77,825.57,158,13,7.7,10,1,1,0,0,1,0,0,2,0,0,-1,0,1,0
119123.63,9.64,1.11,0,281,1,17,0,0,1,12359.06,491.88,107211.27,117,11,3.6,11,0,1,0,0,0,0,2,1,0,0,-1,0,1,0
22304.31,7.02,1.55,0,72,1,8,0,2,0,3177.94,1130.48,14410.76,158,4,2.1,5,0,0,0,0,0,0,0,0,0,0,-1,0,1,0
33634.63,1.55,0.52,0,251,1,23,0,3,2,21712.44,189.02,65137.31,105,16,5.2,3,1,0,0,0,1,0,2,0,0,0,-1,0,0,0
12355.76,11.3,4.39,1,0,0,8,0,3,3,1093.38,881.42,2812.69,104,14,6.9,11,1,0,1,1,0,0,5,3,0,0,-1,0,1,1
797.03,0.7,0.14,0,15,1,22,0,1,0,1141.39,264.58,5500.06,201,4,6.0,10,0,1,0,0,0,0,1,2,0,0,-1,0,0,0
3281.63,0.8,0.19,0,88,0,11,1,5,1,4119.25,2276.48,17064.97,128,16,1.8,6,1,1,0,0,0,0,0,0,0,0,-1,0,1,0
400.51,0.34,0.13,0,95,0,15,0,0,1,1166.8,228.76,3023.95,134,5,2.9,3,0,1,0,0,0,0,0,0,0,0,-1,0,0,0
15909.56,1.0,0.33,0,672,1,12,0,4,0,15982.4,299.94,47947.21,104,20,3.2,9,1,0,0,0,0,0,2,0,0,0,-1,0,2,0
6223.88,4.14,1.03,0,1,1,4,0,2,0,1504.47,451.68,6045.3,89,5,4.0,7,0,0,0,0,0,0,0,0,0,0,-1,0,0,0
287.09,0.2,0.05,1,86,1,4,0,3,3,1426.13,423.26,5691.17,145,10,7.0,12,1,1,0,0,0,0,2,2,0,0,-1,0,0,0
251.09,0.14,0.04,0,203,1,20,0,3,2,1802.16,1668.06,6094.43,97,2,3.7,4,0,0,0,0,0,0,1,0,0,0,-1,0,1,0
369.63,0.36,0.16,0,165,1,4,0,5,2,1040.36,281.9,2324.04,194,2,4.8,10,1,1,0,0,0,0,1,1,0,0,-1,0,2,0
750.72,0.47,0.13,1,166,1,0,0,2,3,1592.64,1067.67,5918.21,7,18,1.3,2,0,0,0,0,1,0,0,1,0,0,-1,0,0,0
1913.06,2.06,0.47,0,140,0,8,0,5,2,927.27,218.49,4084.9,100,13,0.8,10,1,1,0,0,0,0,2,0,0,0,-1,0,1,0
87357.21,7.33,1.11,0,160,1,20,1,1,3,11925.59,3168.19,78621.49,61,6,4.9,11,0,1,0,0,0,0,0,1,0,0,-1,0,1,0
78023.73,39.05,13.39,0,6,0,16,0,2,1,1998.09,1024.72,5827.02,13,20,5.4,11,0,1,0,0,0,0,2,3,1,4,52,1,4,1
289.78,0.51,0.22,0,317,1,3,0,1,2,563.35,605.65,1341.02,39,19,2.8,13,1,0,0,0,0,0,1,0,0,0,-1,0,0,0
94125.99,4.12,1.11,0,373,1,11,0,4,0,22820.55,1388.36,84713.39,133,8,1.7,5,1,1,0,0,0,0,2,2,0,0,-1,0,1,0
31178.63,20.25,10.26,1,0,0,13,0,1,3,1539.38,263.73,3040.05,94,16,7.6,10,0,1,1,0,0,0,0,2,0,0,-1,0,3,1
8451.45,3.64,1.39,1,0,0,17,0,5,2,2324.82,328.96,6101.89,217,14,2.0,12,1,0,1,1,1,1,2,1,0,0,-1,0,1,1
1474.28,1.34,0.62,0,150,1,10,0,0,1,1103.72,449.35,2389.63,6,4,8.0,8,0,1,0,0,0,0,2,2,0,0,-1,0,0,0
47940.77,39.71,13.38,1,0,0,23,0,7,4,1207.36,380.49,3583.78,181,3,7.4,0,1,0,1,0,0,0,3,4,0,0,-1,0,2,1
5731.23,1.18,0.39,0,19,0,10,0,0,0,4846.93,186.41,14774.96,130,18,7.4,13,1,1,0,0,0,0,1,0,0,0,-1,0,1,0
45150.25,29.48,9.86,1,0,0,7,1,3,4,1531.35,1268.51,4579.59,61,12,4.0,13,1,0,1,0,1,0,5,2,0,0,-1,0,1,1
53917.15,59.18,28.33,1,0,0,6,0,3,3,911.02,369.82,1903.26,234,13,7.8,12,1,1,1,0,0,0,0,1,0,0,-1,0,3,1
897.27,0.52,0.11,0,16,1,13,1,1,1,1732.37,1988.21,8055.35,78,6,1.9,2,0,1,0,0,0,0,1,0,0,0,-1,0,2,0
5963.17,3.05,0.86,0,1,0,1,1,1,1,1953.44,295.21,6915.82,124,14,2.2,1,0,0,0,0,0,0,1,0,1,4,52,0,4,1
90237.74,99.23,26.86,1,4,0,9,0,3,1,909.42,268.82,3359.72,104,5,7.7,2,0,1,0,0,0,0,0,3,1,3,0,1,1,1
21678.12,25.82,9.33,1,0,0,16,0,5,2,839.7,223.97,2324.17,130,19,3.9,6,1,0,1,0,0,0,3,1,0,0,-1,0,1,1
232.22,0.45,0.09,0,264,1,16,0,5,3,518.9,488.29,2564.94,183,13,6.5,4,1,1,0,0,0,0,0,2,0,0,-1,0,2,0
107496.37,8.46,1.11,0,652,1,3,0,4,2,12707.79,577.2,96746.73,128,11,4.5,8,0,1,0,0,0,0,0,2,0,0,-1,0,0,0
45822.63,64.97,20.43,0,12,0,18,0,2,1,705.25,1133.62,2242.93,3,18,4.7,12,0,1,0,0,0,0,2,0,1,4,15,1,6,1
40032.89,2.19,0.73,0,588,1,9,0,4,0,18320.24,995.36,54960.73,197,8,2.2,13,0,0,0,0,0,0,2,1,0,0,-1,0,2,0
18152.72,7.68,1.78,0,29,1,15,0,3,1,2362.39,230.01,10194.28,74,15,7.3,13,0,1,0,0,1,0,1,0,0,0,-1,0,0,0
4199.31,3.0,0.91,0,65,0,21,1,1,0,1400.12,783.96,4620.73,199,14,7.4,7,1,1,0,0,0,0,2,2,0,0,-1,0,1,0
71071.39,19.59,8.61,0,13,0,1,0,4,2,3628.34,485.53,8252.81,167,18,3.0,14,0,1,0,0,0,0,1,2,1,2,17,1,6,1
96077.61,40.18,11.4,0,5,0,2,0,3,3,2390.91,1170.71,8427.84,89,13,1.8,8,0,0,0,0,0,0,2,1,1,3,55,1,3,1
66131.17,66.59,19.5,1,13,0,3,0,2,1,993.17,425.76,3391.94,36,2,6.1,1,1,1,1,0,0,0,2,1,1,2,8,1,3,1
66501.16,10.34,1.11,0,197,1,0,0,1,3,6430.31,403.67,59851.04,104,6,7.7,9,0,1,0,0,0,0,1,1,0,0,-1,0,1,0
70287.03,43.28,15.9,1,0,0,3,0,3,2,1624.17,1299.31,4419.44,243,13,2.2,0,0,1,0,0,0,0,1,2,0,0,-1,0,2,1
26482.97,1.09,0.36,0,397,1,0,0,4,2,24357.51,535.77,73072.53,61,5,1.4,0,0,0,0,0,0,0,2,2,0,0,-1,0,1,0
91953.22,60.74,20.04,0,11,0,16,1,5,1,1513.77,512.54,4588.99,209,16,3.5,7,0,0,0,0,1,0,0,2,1,3,34,1,5,1
91042.44,6.73,1.11,0,319,1,1,0,4,1,13523.39,665.77,81938.2,183,5,4.3,14,0,0,0,0,0,0,1,0,0,0,-1,0,1,0
561.93,0.35,0.13,1,282,1,5,0,2,2,1613.71,240.52,4224.74,16,9,5.8,10,1,1,1,0,0,0,2,2,0,0,-1,0,2,0
474.44,0.5,0.18,1,20,1,13,0,0,2,957.6,820.9,2663.37,199,7,7.7,4,0,1,0,0,0,0,1,2,0,0,-1,0,1,0
890.59,1.35,0.28,1,245,1,7,0,3,0,660.69,721.18,3127.36,40,5,6.4,0,0,1,1,0,0,0,2,0,0,0,-1,0,2,0
103591.33,13.83,1.11,0,254,1,19,0,0,3,7489.02,832.68,93232.2,247,7,3.1,1,0,0,0,0,0,0,0,2,0,0,-1,0,1,0
414.8,1.0,0.21,0,227,1,23,0,0,1,414.47,563.91,1944.69,120,5,6.2,6,1,0,0,0,0,0,1,0,0,0,-1,0,2,0
70903.42,62.28,24.41,0,14,0,21,0,3,2,1138.49,295.19,2904.59,165,10,7.7,5,0,0,0,0,0,0,0,0,1,2,55,1,4,1
32542.1,9.06,3.72,0,4,0,11,0,2,3,3592.43,245.71,8743.0,93,12,6.6,4,1,1,0,0,0,1,2,1,1,3,46,0,1,1
364.08,0.22,0.05,0,330,1,16,0,0,2,1624.0,241.1,7496.47,52,13,3.9,2,1,1,0,0,0,0,1,0,0,0,-1,0,2,0
440.8,0.3,0.08,0,65,1,4,0,5,3,1450.76,2618.53,5598.61,48,10,0.6,9,1,0,0,0,0,0,0,0,0,0,-1,0,1,0
674.53,1.5,0.35,0,278,0,23,1,2,0,450.48,1441.72,1942.01,167,9,3.0,4,0,1,0,0,0,0,0,2,0,0,-1,0,0,0
1086.8,0.67,0.31,0,267,1,9,0,0,2,1628.48,818.68,3483.38,183,20,3.6,5,1,0,0,0,0,0,0,0,0,0,-1,0,1,0
96784.34,9.06,1.11,0,143,1,23,0,4,3,10678.11,2545.14,87105.91,294,17,3.5,13,0,1,0,0,0,0,2,2,0,0,-1,0,0,0
21148.29,6.59,2.63,0,67,0,0,0,3,1,3209.04,483.51,8047.76,128,8,5.9,7,1,1,0,0,0,0,2,1,0,0,-1,0,1,0
365.65,0.84,0.18,0,37,1,20,0,4,0,435.23,336.45,2041.72,148,12,6.8,13,0,1,0,0,0,0,1,2,0,0,-1,0,0,0
827.91,0.67,0.26,0,116,0,18,0,3,0,1242.74,2342.82,3150.91,100,9,5.6,3,0,1,0,0,1,0,0,1,0,0,-1,0,2,0
45967.54,3.09,1.03,0,88,1,18,0,1,0,14876.1,155.11,44628.31,77,15,3.8,6,0,1,0,0,0,0,2,2,0,0,-1,0,1,0
1470.98,1.05,0.38,1,206,0,0,0,3,1,1401.12,464.25,3922.35,183,10,6.8,5,0,0,0,0,0,0,2,1,0,0,-1,0,1,0
87467.32,4.39,1.11,0,356,1,19,0,4,1,19934.0,406.84,78720.59,154,4,1.9,12,0,1,1,0,0,0,2,2,0,0,-1,0,0,0
21025.57,6.77,2.55,0,88,1,14,0,3,3,3107.76,1240.67,8255.3,149,12,1.3,4,1,0,1,0,0,0,1,1,0,0,-1,0,0,0
16360.59,10.61,3.07,0,3,1,22,0,5,1,1541.72,271.04,5327.67,249,18,5.2,0,1,0,0,0,1,0,1,0,0,0,-1,0,1,0
69106.06,7.43,1.11,0,582,1,12,0,5,2,9296.66,995.63,62195.45,280,15,3.2,2,0,1,0,0,0,0,1,2,0,0,-1,0,1,0
14677.97,0.62,0.21,0,517,1,3,0,3,0,23485.89,502.51,70457.68,261,10,2.6,3,0,1,0,0,0,0,0,0,0,0,-1,0,1,0
86039.91,29.29,8.18,0,7,0,4,0,2,1,2937.43,419.89,10519.73,191,7,5.4,8,0,1,1,0,0,0,0,3,1,4,56,1,4,1
24080.59,21.45,10.34,1,0,0,7,0,2,2,1122.66,354.27,2329.23,210,8,4.5,2,0,0,0,0,0,0,0,1,0,0,-1,0,0,1
255.95,0.18,0.05,1,244,1,22,0,5,2,1418.42,579.69,5345.05,247,9,4.0,1,1,0,0,0,0,1,0,0,0,0,-1,0,1,0
803.36,1.19,0.44,0,338,1,7,0,4,3,676.3,148.88,1809.32,225,17,4.9,5,0,0,0,0,0,0,0,1,0,0,-1,0,2,0
44952.47,2.79,0.93,0,182,1,9,0,4,2,16125.24,945.14,48375.71,282,12,2.5,11,0,0,0,0,0,0,0,1,0,0,-1,0,0,0
10646.12,3.85,0.94,1,9,0,4,0,1,1,2763.53,444.62,11276.76,212,18,2.5,5,1,0,0,0,0,1,2,0,0,0,-1,0,0,0
119154.64,5.29,1.11,0,556,1,13,0,2,3,22544.31,826.61,107239.18,148,10,4.5,11,0,1,0,0,0,1,2,0,0,0,-1,0,1,0
8138.98,1.9,0.56,0,39,0,7,0,2,1,4283.86,829.57,14547.47,78,11,6.4,12,1,0,0,0,0,0,0,0,0,0,-1,0,1,0
646.93,0.44,0.17,0,363,1,4,0,1,3,1471.38,331.92,3744.5,82,10,1.5,2,0,0,0,0,0,0,0,2,0,0,-1,0,1,0
598.97,0.35,0.09,0,157,1,12,0,2,3,1700.96,461.61,6669.34,208,16,0.5,8,0,0,0,0,0,0,2,2,0,0,-1,0,0,0
46233.44,2.0,0.67,0,537,1,8,0,2,2,23122.76,366.96,69368.29,249,3,3.8,13,0,1,0,0,0,0,0,1,0,0,-1,0,2,0
620.15,0.48,0.13,0,166,0,20,0,2,0,1293.09,152.53,4780.1,53,20,4.2,5,0,0,0,0,0,1,0,1,0,0,-1,0,1,0
617.33,0.56,0.15,0,12,1,15,0,4,3,1097.77,196.78,3998.46,213,2,5.4,14,0,1,0,0,0,0,0,1,0,0,-1,0,1,0
408.06,0.22,0.05,0,93,1,23,0,5,2,1882.54,272.11,7921.42,171,20,6.5,1,0,1,0,0,0,0,1,0,0,0,-1,0,0,0
9742.19,3.66,1.05,0,13,0,6,0,5,3,2661.55,404.6,9273.74,70,18,1.0,0,0,1,1,0,0,0,1,2,1,4,47,1,4,1
28838.52,21.63,8.39,1,0,0,17,0,1,2,1333.55,521.97,3437.58,242,18,4.4,11,0,1,1,0,1,0,0,3,0,0,-1,0,1,1
21107.84,1.9,0.63,0,644,1,22,0,0,2,11126.57,1140.56,33379.71,175,4,4.8,3,0,0,0,0,0,0,2,1,0,0,-1,0,0,0
56790.45,87.86,44.07,1,0,0,16,0,1,2,646.39,399.45,1288.52,66,15,3.6,0,0,0,0,0,0,0,0,2,0,0,-1,0,3,1
55909.35,39.07,14.57,1,0,0,11,0,4,0,1431.06,941.4,3836.89,148,10,4.7,6,1,0,0,0,0,0,0,2,0,0,-1,0,1,1
20070.62,6.17,1.58,0,80,0,23,0,1,0,3252.89,245.52,12739.79,76,10,1.1,0,0,0,1,0,0,0,2,1,0,0,-1,0,1,0
20844.67,12.67,5.6,1,0,0,17,0,3,3,1644.88,444.96,3720.17,116,18,0.8,12,1,0,1,0,1,0,2,5,0,0,-1,0,2,1
27556.52,1.26,0.42,0,494,1,14,0,3,3,21876.08,428.42,65628.24,163,11,6.9,1,0,0,0,0,0,0,1,2,0,0,-1,0,1,0
30268.53,46.71,18.04,1,0,0,14,0,2,3,648.06,251.79,1678.09,42,6,1.6,7,0,1,0,0,0,0,2,4,0,0,-1,0,3,1
24942.28,6.95,2.78,1,23,1,5,0,2,0,3586.82,334.64,8972.18,233,16,6.7,3,1,1,0,0,0,1,0,2,0,0,-1,0,1,0
93794.99,24.14,7.16,0,13,0,16,0,0,0,3884.8,410.19,13102.78,62,17,5.1,6,1,0,0,0,0,0,0,1,1,2,28,1,3,1
322.24,0.22,0.06,0,259,1,6,0,2,2,1494.9,992.92,5261.7,193,2,2.8,7,0,0,0,0,0,0,0,0,0,0,-1,0,2,0
735.92,0.6,0.17,0,307,1,2,0,3,0,1222.97,1039.48,4272.83,173,4,4.5,3,1,1,0,0,0,1,1,1,0,0,-1,0,0,0
414.02,1.03,0.34,0,320,1,0,0,4,0,400.84,248.42,1205.22,203,16,3.4,0,0,1,0,0,0,0,0,2,0,0,-1,0,0,0
46161.5,96.65,47.58,1,0,0,14,0,3,3,477.62,209.35,970.21,213,5,1.8,14,0,0,0,0,0,0,2,3,0,0,-1,0,1,1
44133.98,66.62,28.31,1,0,0,3,1,2,2,662.44,463.3,1558.72,54,5,6.0,13,1,1,0,0,0,0,1,3,0,0,-1,0,1,1
18751.18,1.45,0.48,0,558,1,0,0,2,1,12930.6,774.99,38791.8,78,7,2.6,3,0,1,0,0,0,0,2,0,0,0,-1,0,1,0
145647.13,14.03,1.11,0,302,1,0,0,3,1,10383.58,828.99,131082.42,281,4,1.7,0,0,1,0,0,0,0,1,2,0,0,-1,0,2,0
59228.45,115.48,42.57,1,0,0,5,0,2,1,512.9,697.03,1391.3,226,20,5.9,10,0,1,0,0,0,1,0,3,0,0,-1,0,0,1
6340.22,1.67,0.46,1,21,0,17,0,1,0,3800.66,843.4,13794.89,47,16,5.2,4,0,1,0,0,0,1,0,2,0,0,-1,0,0,0
11339.84,8.52,3.7,1,0,0,10,0,3,3,1330.27,343.3,3063.41,219,8,7.2,4,0,1,0,0,0,1,1,4,0,0,-1,0,3,1
234.56,0.31,0.09,0,42,1,14,0,0,2,766.08,567.22,2578.1,70,14,1.0,6,0,1,0,0,0,0,1,0,0,0,-1,0,0,0
403.07,0.21,0.05,0,319,0,1,0,5,2,1885.03,147.72,7909.78,235,10,7.4,10,1,1,0,0,0,0,1,1,0,0,-1,0,1,0
19902.14,4.49,1.86,1,9,1,22,0,5,1,4432.68,221.91,10710.96,64,4,1.9,2,0,1,0,0,0,0,2,1,0,0,-1,0,0,0
79117.09,176.37,92.33,1,0,0,18,1,4,3,448.58,322.21,856.93,237,10,7.5,11,1,0,0,0,0,0,1,1,0,0,-1,0,2,1
85803.13,22.06,8.65,0,13,0,5,0,1,2,3889.36,175.29,9916.18,163,8,4.8,5,0,1,0,0,0,0,2,0,1,4,29,0,1,1
34130.59,13.98,5.03,0,7,0,3,0,2,2,2441.13,448.99,6783.93,27,9,7.4,14,0,1,0,0,0,0,2,1,1,2,49,1,1,1
518.95,0.35,0.16,1,27,1,12,0,3,3,1470.01,182.43,3171.51,250,5,6.8,9,0,0,0,0,0,0,2,2,0,0,-1,0,0,0
24542.94,6.35,1.49,0,17,0,13,0,3,2,3862.29,326.18,16524.8,62,10,1.6,11,0,1,0,0,0,0,2,1,0,0,-1,0,0,0
78267.92,54.18,27.0,1,0,0,19,1,5,0,1444.63,280.28,2898.98,67,20,3.2,13,0,0,0,0,0,0,1,4,0,0,-1,0,3,1
59951.96,3.23,1.08,0,643,1,21,0,3,0,18543.67,889.3,55631.02,132,6,1.6,1,0,1,0,0,0,0,2,0,0,0,-1,0,1,0
688.9,0.72,0.28,0,78,1,20,0,1,1,962.28,380.48,2482.24,66,17,4.7,14,0,1,0,0,0,0,0,2,0,0,-1,0,2,0
27674.76,11.58,3.16,1,8,1,18,0,1,2,2390.41,275.55,8745.13,228,12,3.7,8,0,1,0,1,0,0,0,2,0,0,-1,0,1,0
95441.9,148.67,64.28,1,12,0,12,0,2,3,641.98,462.15,1484.88,102,2,2.5,11,1,0,0,0,0,0,0,1,1,3,1,1,4,1
23158.21,5.45,2.51,0,49,1,3,0,1,2,4246.61,558.88,9221.57,225,11,3.4,8,1,1,0,0,0,0,1,2,0,0,-1,0,1,0
16983.22,24.82,10.06,1,0,0,3,1,3,4,684.35,281.25,1688.21,90,2,7.1,12,1,0,1,0,1,0,2,2,0,0,-1,0,2,1
121117.78,13.84,1.11,0,712,1,10,0,2,1,8753.85,148.16,109006.0,43,19,6.5,3,0,0,0,0,0,0,2,1,0,0,-1,0,2,0
74363.61,3.09,1.03,0,616,1,19,0,3,0,24076.65,324.54,72229.96,191,3,6.4,8,0,0,0,0,0,0,1,2,0,0,-1,0,2,0
248.69,0.2,0.04,0,324,1,6,0,0,0,1265.85,409.43,5841.58,36,8,4.6,1,0,1,0,0,0,0,0,1,0,0,-1,0,1,0
142.57,0.21,0.05,0,115,1,22,0,2,3,672.26,309.5,3109.47,101,5,6.8,11,0,1,0,0,0,0,0,0,0,0,-1,0,2,0
47251.85,40.99,14.9,1,0,0,19,0,8,4,1152.79,170.07,3170.24,194,6,2.8,13,1,0,1,1,1,0,2,2,0,0,-1,0,2,1
649.98,0.48,0.14,0,354,1,19,0,5,2,1347.28,579.59,4512.07,39,5,5.6,0,1,0,0,0,0,0,0,2,0,0,-1,0,2,0
20119.38,5.44,1.46,1,84,0,1,0,4,2,3699.75,383.85,13819.82,90,11,3.1,5,1,0,0,0,0,0,2,0,0,0,-1,0,0,0
301.85,0.2,0.05,1,323,1,22,0,5,0,1542.93,2515.45,6013.34,45,8,1.3,5,0,1,0,0,0,0,0,2,0,0,-1,0,0,0
1684.95,2.9,0.61,0,218,1,5,0,4,3,580.48,253.05,2741.67,16,9,4.8,14,1,1,0,0,0,0,0,1,0,0,-1,0,1,0
15451.93,11.94,5.39,1,0,0,6,0,2,2,1294.18,613.63,2864.88,48,2,2.6,3,1,0,0,0,0,0,2,2,0,0,-1,0,2,1
691.42,0.67,0.17,0,311,1,16,0,2,0,1026.14,1289.34,4077.66,8,7,0.6,5,1,1,0,0,0,0,2,1,0,0,-1,0,2,0
4556.57,1.67,0.42,0,52,0,18,0,2,3,2735.91,425.9,10794.59,33,16,3.2,5,0,1,0,0,0,0,0,0,0,0,-1,0,1,0
147200.84,18.35,1.11,0,191,1,17,0,5,3,8020.98,388.67,132480.76,140,2,4.3,12,0,1,0,0,0,0,0,0,0,0,-1,0,0,0
489.31,0.5,0.13,1,330,0,19,0,5,0,983.2,142.04,3654.93,21,20,5.5,14,0,1,0,0,0,0,2,0,0,0,-1,0,2,0
315.55,0.21,0.05,0,58,1,2,0,3,3,1505.71,471.42,6593.37,95,13,5.2,12,0,1,0,0,0,0,2,0,0,0,-1,0,1,0
37017.25,1.7,0.57,0,521,1,18,0,5,0,21793.74,413.09,65381.21,200,16,4.7,10,0,1,0,0,0,0,0,0,0,0,-1,0,0,0
69768.47,32.68,11.36,1,11,0,12,0,3,3,2135.01,1067.49,6139.48,227,6,3.1,0,1,0,0,0,1,0,0,0,1,2,3,1,1,1
11892.41,2.71,1.29,1,76,0,9,0,1,0,4384.68,336.81,9228.19,157,13,2.5,1,1,1,0,0,0,0,0,0,0,0,-1,0,1,0
756.84,0.39,0.16,1,286,0,14,0,0,2,1936.0,1243.69,4680.77,227,18,2.1,6,1,1,0,0,0,1,0,0,0,0,-1,0,1,0
734.82,0.69,0.15,0,249,1,7,0,0,3,1066.65,197.82,4822.54,86,7,1.9,8,1,1,0,0,0,0,0,0,0,0,-1,0,1,0
84904.37,27.49,8.9,0,4,0,5,0,1,0,3088.56,852.53,9543.34,195,12,1.0,8,0,1,0,0,0,0,0,3,1,3,0,1,5,1
527.44,0.78,0.24,0,240,1,23,0,4,2,677.64,305.37,2158.92,83,14,4.8,0,0,0,0,0,0,0,1,2,0,0,-1,0,0,0
141.43,0.18,0.07,0,44,1,17,0,4,2,801.09,222.51,2143.32,191,8,2.3,7,0,0,0,0,0,0,0,1,0,0,-1,0,2,0
9866.82,7.64,2.56,1,83,0,0,0,2,2,1292.23,1280.94,3847.92,186,5,3.8,14,1,0,0,0,0,1,0,2,0,0,-1,0,1,0
22672.95,7.99,2.14,0,29,0,22,0,0,3,2836.42,177.25,10612.92,108,9,0.5,5,0,0,0,0,0,0,2,1,0,0,-1,0,0,0
154.17,0.34,0.08,0,91,1,23,0,2,3,458.72,443.5,2014.46,158,15,7.6,3,1,1,1,0,0,0,0,2,0,0,-1,0,0,0
28502.41,33.63,8.06,0,81,1,14,0,5,2,847.49,257.99,3537.29,35,4,2.4,4,0,0,0,0,0,0,0,1,0,0,-1,0,0,0
78270.31,58.17,21.0,1,0,0,2,0,3,0,1345.5,645.77,3727.58,107,11,3.4,3,0,1,0,0,0,0,1,3,0,0,-1,0,2,1
22502.11,6.92,1.43,0,23,0,3,0,1,1,3253.99,784.31,15779.09,133,17,2.5,6,0,0,0,0,0,0,1,1,0,0,-1,0,1,0
1164.35,0.81,0.18,0,363,1,6,0,0,2,1429.04,726.26,6574.39,94,15,3.2,9,0,0,0,0,0,0,2,1,0,0,-1,0,1,0
111467.65,9.34,1.11,0,595,1,16,0,1,0,11929.43,280.74,100320.88,44,14,2.7,14,0,0,0,0,0,0,1,1,0,0,-1,0,0,0
4941.07,1.02,0.36,0,9,1,18,0,2,0,4831.23,816.09,13542.65,193,19,2.8,8,0,0,0,0,0,0,0,2,0,0,-1,0,1,0
19815.01,6.03,1.25,1,73,0,2,0,3,3,3285.33,423.05,15813.56,221,8,1.0,6,1,1,0,0,0,0,0,2,0,0,-1,0,1,0
410.74,0.32,0.12,0,61,1,9,0,0,3,1298.41,598.23,3344.21,213,5,2.3,10,0,1,0,1,0,0,1,0,0,0,-1,0,2,0
19951.52,9.52,4.75,1,0,0,8,1,7,3,2095.97,655.85,4198.66,203,19,3.7,2,1,0,1,1,0,0,2,5,0,0,-1,0,0,1
4181.7,0.88,0.33,0,6,0,15,0,0,2,4729.51,155.23,12847.8,86,4,6.5,11,0,1,0,0,0,0,0,1,0,0,-1,0,0,0
27829.88,6.1,2.73,0,33,1,7,0,0,0,4558.9,632.38,10180.71,245,10,7.7,1,0,1,0,0,0,0,1,1,0,0,-1,0,1,0
15066.6,1.33,0.44,0,558,1,19,0,4,3,11316.59,257.25,33949.77,132,20,6.9,13,0,1,0,0,0,0,2,2,0,0,-1,0,2,0
288.77,0.19,0.08,1,76,1,14,0,3,2,1556.43,1807.82,3631.34,119,14,2.8,5,0,1,0,0,0,0,0,2,0,0,-1,0,2,0
1300.74,1.24,0.26,0,76,1,1,0,5,0,1050.75,2933.41,4993.13,179,9,7.0,5,0,1,0,0,0,0,2,0,0,0,-1,0,2,0
55391.39,28.77,12.74,1,0,0,23,0,4,1,1925.33,647.36,4349.35,174,16,2.8,1,1,0,1,0,0,0,2,2,0,0,-1,0,0,1
605.81,0.96,0.25,0,311,1,22,0,2,0,629.49,1355.07,2444.98,44,20,0.9,5,1,1,0,0,0,0,1,0,0,0,-1,0,2,0
254.86,0.84,0.21,1,227,1,0,1,3,3,303.31,481.6,1198.25,6,20,7.2,10,0,1,0,0,0,0,2,1,0,0,-1,0,0,0
641.01,0.74,0.16,0,230,1,16,0,3,1,869.99,1658.35,4065.75,103,7,6.7,7,0,0,0,0,0,0,1,1,0,0,-1,0,1,0
584.61,0.31,0.12,0,152,1,16,0,1,1,1914.44,688.09,5060.41,182,12,5.3,1,0,0,0,0,0,0,2,0,0,0,-1,0,0,0
55610.43,48.81,17.64,1,0,0,14,1,5,2,1139.32,270.45,3153.12,191,4,5.3,9,1,0,1,1,0,0,5,5,1,0,-1,0,2,1
14671.63,20.31,6.51,0,3,0,21,0,4,0,722.36,1343.12,2255.28,99,3,6.1,4,1,1,0,0,0,0,1,0,1,3,16,1,2,1
28596.71,8.78,2.71,1,3,0,23,0,1,0,3256.99,524.33,10558.53,144,16,4.9,10,0,1,0,0,1,0,2,1,1,2,36,1,4,1
106450.6,10.32,1.11,0,148,1,3,0,3,1,10319.41,266.13,95805.54,90,17,5.7,4,0,1,0,0,0,0,1,0,0,0,-1,0,0,0
5466.65,6.39,2.71,1,0,0,5,0,7,3,855.02,515.41,2018.39,200,10,2.8,9,1,0,1,1,0,0,2,4,0,0,-1,0,0,1
239.98,0.21,0.05,0,172,1,9,0,2,0,1121.9,540.38,5185.03,25,17,7.1,5,1,1,0,0,0,0,0,0,0,0,-1,0,0,0
24726.7,24.9,5.3,0,37,1,6,1,2,2,992.95,388.98,4661.85,22,2,6.9,3,1,0,0,0,0,0,2,0,0,0,-1,0,1,0
133.29,0.1,0.02,1,339,1,12,0,5,1,1365.66,1226.16,6459.0,200,2,2.0,14,0,0,0,0,1,0,0,2,0,0,-1,0,1,0
4095.11,3.42,0.99,1,27,1,13,0,0,2,1196.51,529.5,4124.38,5,9,6.8,11,1,1,0,0,0,0,0,1,0,0,-1,0,0,0
59693.67,3.04,1.01,0,703,1,22,0,1,3,19631.48,3055.95,58894.45,124,18,6.9,7,1,1,0,0,0,0,2,1,0,0,-1,0,1,0
703.26,0.65,0.16,0,299,0,2,0,4,2,1078.18,474.64,4308.63,202,15,7.2,6,0,0,0,0,1,0,0,1,0,0,-1,0,2,0
75918.34,47.89,24.89,1,0,0,0,0,1,1,1585.17,534.36,3049.86,214,7,2.2,3,0,0,0,0,0,0,0,4,0,0,-1,0,3,1
40614.82,12.73,4.55,0,4,0,21,0,0,0,3189.85,1306.27,8929.7,59,15,2.1,13,0,1,0,0,0,0,0,1,1,4,22,0,5,1
51108.86,19.35,8.18,1,0,0,8,0,7,5,2641.73,1312.1,6246.7,81,13,5.4,8,1,0,1,0,0,0,5,5,0,0,-1,0,2,1
104300.29,17.31,1.11,0,469,1,13,1,0,3,6024.95,1900.59,93870.26,55,14,3.2,1,0,0,0,0,0,0,2,2,0,0,-1,0,2,0
452.53,0.32,0.14,0,215,1,7,0,5,0,1401.54,176.56,3321.27,178,14,1.5,3,0,0,0,0,0,0,0,1,0,0,-1,0,0,0
30261.81,9.55,3.21,0,4,0,13,0,5,2,3169.99,648.78,9419.03,82,9,3.3,5,0,0,0,0,0,0,2,2,1,2,37,1,6,1
50,0.1,0.02,0,105,1,12,0,4,1,476.27,349.15,2110.22,90,7,7.6,10,1,0,0,0,0,0,0,0,0,0,-1,0,2,0
50821.21,5.49,1.11,0,248,1,17,1,1,3,9257.19,690.61,45739.09,87,10,4.4,7,0,1,0,0,0,0,2,0,0,0,-1,0,2,0
23156.76,32.53,11.25,0,5,0,12,1,0,1,711.94,510.89,2058.28,110,11,1.5,2,0,1,0,0,0,1,0,2,1,4,31,1,3,1
1483.25,0.88,0.19,1,111,1,12,0,0,1,1681.18,430.96,7825.08,61,13,0.8,6,0,1,0,0,0,0,1,0,0,0,-1,0,0,0
1063.87,0.58,0.14,0,21,1,11,0,0,3,1844.86,265.7,7401.77,220,17,6.6,4,1,1,1,0,0,0,2,1,0,0,-1,0,1,0
207.06,0.15,0.04,0,242,0,15,0,0,3,1355.16,509.2,5880.43,43,5,4.4,13,0,1,0,0,0,0,1,0,0,0,-1,0,0,0
6386.64,3.3,0.7,0,66,0,20,0,1,2,1937.81,1146.24,9074.69,211,13,6.7,2,1,1,0,0,0,0,2,0,0,0,-1,0,1,0
356.4,0.26,0.08,1,346,0,1,0,0,0,1355.69,570.77,4593.14,58,8,3.9,13,0,1,0,1,0,0,0,2,0,0,-1,0,0,0
86.66,0.08,0.03,0,184,1,18,0,5,1,1114.66,250.99,3283.54,110,10,1.7,5,0,0,0,0,0,1,0,2,0,0,-1,0,2,0
9736.09,10.71,2.58,1,11,0,9,1,4,3,908.77,311.18,3767.69,200,7,2.2,2,1,0,0,0,0,0,0,1,0,0,-1,0,0,0
7791.16,1.64,0.48,0,40,1,14,0,4,2,4743.56,419.56,16198.02,108,19,1.9,6,0,0,0,0,0,0,1,0,0,0,-1,0,0,0
718.68,0.86,0.32,0,196,1,6,0,2,3,832.42,1446.9,2260.61,166,12,5.0,9,1,1,0,0,0,0,2,2,0,0,-1,0,2,0
33288.97,14.36,3.84,0,8,0,17,0,1,1,2318.76,383.1,8660.8,11,6,7.4,0,0,1,0,0,0,0,0,3,1,2,56,1,2,1
49437.86,58.0,23.97,1,0,0,15,0,2,1,852.39,337.88,2062.57,186,20,4.6,7,0,0,0,0,0,0,2,1,0,0,-1,0,3,1
909.95,0.48,0.13,0,167,1,14,0,4,3,1908.65,589.52,7048.08,22,8,3.8,14,0,1,0,0,0,0,0,2,0,0,-1,0,2,0
114258.82,5.87,1.11,0,647,1,18,0,0,1,19469.56,1445.95,102832.94,192,4,2.2,12,0,1,0,0,0,1,1,0,0,0,-1,0,2,0
532.77,0.8,0.17,0,33,1,14,0,2,0,662.18,946.4,3191.97,53,3,2.4,5,0,0,0,0,0,0,2,2,0,0,-1,0,1,0
300.83,0.16,0.04,0,39,0,12,0,1,2,1900.51,155.36,6892.62,99,5,3.6,4,0,1,0,0,0,0,2,2,0,0,-1,0,0,0
1771.8,1.96,0.43,0,45,0,19,0,1,3,903.49,1243.22,4080.1,85,4,7.2,0,0,1,0,0,0,0,0,0,0,0,-1,0,1,0
190.26,0.58,0.15,0,320,1,12,0,3,2,330.61,962.07,1233.31,39,16,4.9,3,0,0,0,0,0,0,0,1,0,0,-1,0,1,0
569.09,0.68,0.16,1,283,1,4,0,1,3,832.91,1871.82,3451.32,248,13,3.3,7,0,0,0,0,0,0,1,2,0,0,-1,0,2,0
111097.3,7.77,1.11,0,102,1,14,0,4,2,14307.1,4351.55,99987.57,119,19,7.8,10,0,1,0,0,0,0,0,0,0,0,-1,0,2,0
353.56,0.19,0.07,0,218,1,11,0,2,2,1838.23,595.08,5148.33,107,15,2.3,12,0,1,0,0,0,0,0,2,0,0,-1,0,0,0
52565.42,2.85,0.95,0,439,1,5,0,2,2,18454.12,704.79,55362.35,97,10,5.2,10,0,0,0,0,0,0,0,0,0,0,-1,0,1,0
842.78,0.51,0.14,0,214,0,17,0,0,1,1639.36,198.59,5964.85,143,20,1.5,13,1,1,0,0,0,0,0,2,0,0,-1,0,2,0
27311.09,10.53,3.44,0,9,0,23,0,5,0,2594.39,713.92,7928.45,93,9,7.7,1,0,0,0,0,0,0,1,0,1,3,15,0,4,1
456.65,0.37,0.11,0,29,0,20,0,3,0,1247.92,384.83,4323.81,165,7,2.6,7,0,1,0,0,0,0,0,0,0,0,-1,0,0,0
137980.42,12.06,1.11,0,354,1,6,0,2,2,11441.25,724.2,124182.38,234,16,4.6,2,0,1,0,0,0,0,2,1,0,0,-1,0,1,0
49561.73,43.7,15.84,1,0,0,1,0,1,0,1134.08,1378.04,3128.08,148,4,0.9,10,1,1,0,0,0,1,1,2,1,0,-1,0,3,1
8846.18,1.84,0.65,1,6,1,13,0,0,1,4797.49,1574.5,13671.94,80,19,3.9,6,1,1,0,0,0,1,2,1,0,0,-1,0,1,0
9278.43,1.86,0.55,0,76,1,19,0,5,0,4986.95,389.06,16760.99,168,18,2.3,4,1,0,0,0,0,0,1,2,0,0,-1,0,0,0
25599.85,5.36,1.15,0,41,0,14,0,4,3,4772.47,384.74,22245.27,83,4,2.2,14,1,1,0,0,0,0,0,1,0,0,-1,0,1,0
47960.35,22.83,9.62,1,0,0,17,0,4,3,2101.22,198.71,4985.7,81,14,0.5,10,1,0,1,1,0,0,5,3,0,0,-1,0,1,1
20669.36,4.39,1.62,1,11,0,2,0,3,1,4711.13,571.19,12746.61,180,14,1.9,6,1,1,1,0,0,0,2,1,0,0,-1,0,0,0
39706.51,37.76,15.01,1,0,0,7,0,2,3,1051.66,1525.66,2645.19,58,2,4.0,6,1,0,0,1,0,0,0,1,0,0,-1,0,2,1
23734.89,6.6,1.41,1,29,1,2,0,5,1,3597.81,393.34,16840.72,183,11,4.6,10,0,0,0,0,0,0,2,2,0,0,-1,0,0,0
106722.76,9.48,1.11,0,407,1,10,0,3,0,11261.5,1111.39,96050.48,158,20,4.0,4,0,1,0,0,0,0,1,1,0,0,-1,0,2,0
8270.64,1.94,0.78,0,34,1,16,0,3,0,4257.73,340.81,10564.05,241,5,1.2,2,1,1,0,0,0,1,2,2,0,0,-1,0,1,0
15082.43,6.66,1.4,0,56,1,3,0,4,0,2265.28,2470.9,10785.14,69,3,1.0,5,0,0,0,0,0,0,2,0,0,0,-1,0,0,0
610.36,0.72,0.21,0,340,0,20,0,1,2,848.55,156.82,2842.14,70,10,0.9,13,1,1,1,0,0,0,0,2,0,0,-1,0,1,0
75275.6,56.51,17.63,0,7,0,23,0,2,1,1331.96,172.43,4268.79,139,6,4.5,12,0,0,0,0,0,1,0,3,1,3,58,0,3,1
1359.16,1.06,0.37,0,13,1,13,0,1,1,1276.88,405.3,3630.98,126,16,5.5,0,1,1,0,0,0,0,0,2,0,0,-1,0,1,0
10449.26,1.45,0.48,0,123,1,14,0,5,2,7223.03,534.17,21669.1,222,15,1.4,5,0,1,0,0,0,0,0,2,0,0,-1,0,0,0
19168.07,1.34,0.45,0,401,1,18,0,1,3,14355.84,304.7,43067.52,197,18,1.8,3,0,1,0,0,0,0,1,2,0,0,-1,0,2,0
532.99,0.86,0.19,0,72,1,8,0,4,0,623.02,1055.12,2798.67,17,16,4.8,3,0,1,0,0,0,0,0,2,0,0,-1,0,0,0
6874.37,1.43,0.36,0,71,1,23,0,4,1,4823.27,509.4,19326.72,3,4,4.4,6,1,1,1,0,0,0,1,2,0,0,-1,0,0,0
33113.17,50.96,20.85,1,0,0,8,0,3,4,649.85,810.04,1587.98,130,7,5.0,6,1,0,1,0,0,0,3,4,0,0,-1,0,2,1
98620.81,5.23,1.11,0,604,1,12,0,5,2,18865.24,319.73,88758.73,249,8,4.2,6,0,1,0,0,0,1,1,1,0,0,-1,0,0,0
1087.2,1.54,0.59,0,238,1,2,0,0,1,705.11,950.18,1856.03,56,10,2.7,13,1,0,1,0,0,0,2,1,0,0,-1,0,0,0
180.61,0.16,0.06,0,177,0,2,0,2,3,1095.78,893.9,3174.19,175,20,4.4,6,1,1,0,0,0,0,2,0,0,0,-1,0,2,0
1073.97,0.56,0.14,0,80,1,13,0,2,3,1919.21,557.99,7946.3,135,2,6.2,2,1,1,0,0,0,0,0,2,0,0,-1,0,1,0
2052.07,3.31,1.59,0,79,1,5,0,3,3,619.98,928.8,1289.83,250,17,2.8,13,0,1,0,0,0,0,0,0,0,0,-1,0,0,0
29759.69,20.19,6.57,0,8,0,19,0,5,2,1474.16,603.09,4526.34,247,18,2.9,11,0,1,0,0,0,0,0,3,1,3,7,0,3,1
123108.15,19.37,1.11,0,341,1,4,0,4,1,6355.96,1218.52,110797.33,233,13,1.8,14,0,1,1,0,0,0,1,0,0,0,-1,0,1,0
1093.19,0.55,0.12,0,215,1,22,0,3,0,1985.02,414.97,9418.57,64,15,6.1,5,0,1,0,0,0,0,1,2,0,0,-1,0,0,0
668.8,0.47,0.1,0,69,1,13,0,0,2,1425.75,329.29,6455.07,238,16,4.4,11,1,1,0,0,0,0,1,1,0,0,-1,0,2,0
58302.52,6.92,1.11,0,512,1,18,0,3,0,8426.71,955.1,52472.27,92,20,6.5,10,0,1,0,0,0,1,0,0,0,0,-1,0,1,0
32844.8,16.4,7.21,1,0,0,17,0,5,5,2003.33,229.74,4556.67,95,13,6.2,14,1,0,1,0,0,0,3,1,0,0,-1,0,1,1
143642.01,21.53,1.11,0,252,1,14,0,5,3,6671.49,516.44,129277.81,43,7,6.2,0,0,0,0,0,0,0,2,2,0,0,-1,0,2,0
96114.98,35.41,13.91,0,14,0,17,0,1,0,2714.26,1303.7,6908.41,240,14,3.4,13,0,1,0,0,0,1,1,2,1,3,42,0,6,1
4499.05,2.21,0.47,0,9,0,13,0,3,1,2037.92,2110.35,9622.16,152,17,6.0,3,1,1,0,0,0,0,2,2,0,0,-1,0,1,0
1372.16,0.81,0.24,0,299,0,6,0,3,0,1700.24,1431.27,5826.55,207,12,6.0,8,0,0,0,0,0,1,1,2,0,0,-1,0,2,0
139975.97,22.54,1.11,0,353,1,4,0,2,0,6210.73,354.69,125978.37,147,12,4.7,7,0,1,0,0,0,1,2,0,0,0,-1,0,2,0
740.5,0.41,0.09,0,28,1,17,0,3,1,1797.36,158.98,7972.5,20,20,4.9,12,0,1,0,0,0,0,2,0,0,0,-1,0,1,0
1673.36,3.09,0.63,1,293,1,6,0,1,3,541.6,295.31,2642.83,52,20,5.9,0,0,1,0,0,0,0,0,1,0,0,-1,0,2,0
108663.46,9.69,1.11,0,315,1,17,0,5,1,11219.42,628.39,97797.11,217,19,4.9,6,1,0,0,0,0,0,0,2,0,0,-1,0,2,0
353.21,0.66,0.28,0,213,1,7,0,2,1,536.02,976.29,1282.73,60,3,2.6,14,0,1,0,0,0,0,0,1,0,0,-1,0,1,0
360.96,0.31,0.1,0,289,0,10,0,5,1,1162.05,155.84,3452.73,215,14,4.0,4,0,1,0,0,0,0,0,0,0,0,-1,0,0,0
184.59,0.44,0.09,0,189,0,20,1,4,2,420.72,968.33,1963.15,179,2,6.9,10,0,0,0,0,0,0,0,0,0,0,-1,0,0,0
77067.77,53.82,20.52,1,0,0,23,0,1,2,1432.06,1029.25,3756.31,9,12,1.4,0,0,1,0,0,0,0,2,3,0,0,-1,0,0,1
1070.07,1.37,0.58,0,261,1,6,0,2,1,781.62,309.19,1859.27,28,8,2.2,2,0,0,0,0,0,0,0,2,0,0,-1,0,1,0
11775.45,6.42,2.82,1,10,0,16,0,3,1,1833.51,357.8,4176.98,68,16,3.7,10,0,1,0,0,0,0,0,2,0,0,-1,0,0,0
369.72,0.4,0.14,1,315,1,20,0,0,2,927.07,715.3,2559.91,200,13,6.0,3,0,1,0,0,0,0,1,2,0,0,-1,0,2,0
1033.54,0.54,0.11,0,32,1,13,0,3,0,1902.7,181.47,9145.3,114,4,2.6,12,0,1,0,0,1,0,1,1,0,0,-1,0,2,0
119339.83,6.58,1.11,0,200,1,6,0,1,2,18150.04,178.27,107405.85,136,14,7.6,9,0,0,0,0,0,0,1,2,0,0,-1,0,2,0
1114.78,2.88,0.76,0,37,1,15,0,5,0,387.61,502.26,1466.42,208,20,6.5,7,0,1,0,0,0,0,0,1,0,0,-1,0,2,0
26919.29,6.53,1.9,0,39,1,1,0,2,2,4120.95,3775.88,14159.99,101,13,6.3,3,0,1,0,0,0,1,1,2,0,0,-1,0,1,0
25920.75,16.5,4.79,1,77,1,20,0,4,1,1571.23,1209.89,5416.36,116,14,7.8,4,1,1,0,0,1,0,0,2,0,0,-1,0,1,0
687.76,0.43,0.15,0,184,1,1,0,1,1,1585.59,418.66,4717.6,216,16,1.9,14,0,1,0,0,0,0,2,1,0,0,-1,0,1,0
21366.07,6.09,1.81,0,61,0,16,0,0,0,3506.27,450.18,11813.24,9,2,6.2,4,0,1,0,0,0,0,0,2,0,0,-1,0,1,0
32638.55,2.46,0.82,0,620,1,21,0,1,1,13288.97,144.87,39866.9,63,3,5.5,2,0,0,1,0,0,0,2,2,0,0,-1,0,1,0
37287.39,32.54,12.65,1,0,0,4,0,3,2,1146.04,737.19,2947.59,75,20,6.7,3,0,1,0,0,0,1,0,1,0,0,-1,0,2,1
2894.77,6.19,1.74,0,169,0,14,0,4,3,467.93,358.94,1665.6,244,5,5.5,1,0,0,0,0,0,0,1,0,0,0,-1,0,1,0
14716.7,9.3,3.45,0,76,1,5,0,4,3,1583.16,693.78,4262.68,209,7,4.7,11,0,0,0,0,0,0,2,0,0,0,-1,0,1,0
9303.31,4.18,1.42,1,0,0,20,1,8,5,2225.61,485.12,6547.22,242,3,7.2,2,1,0,1,0,1,0,3,5,0,0,-1,0,2,1
510.18,0.66,0.25,0,24,1,10,0,5,3,772.37,172.92,2013.38,248,20,7.0,2,0,0,0,0,0,0,0,0,0,0,-1,0,0,0
89510.28,29.0,7.28,0,7,0,22,0,2,3,3086.89,335.6,12293.76,152,7,4.0,7,1,1,0,0,0,0,0,0,1,4,49,1,4,1
67503.96,68.83,29.85,0,3,0,1,0,2,0,980.76,536.42,2261.55,131,10,2.1,1,1,0,0,0,1,0,0,0,1,2,1,1,6,1
93.24,0.13,0.04,0,208,1,5,0,5,0,724.97,994.85,2184.73,136,12,5.6,13,0,1,0,0,0,0,0,1,0,0,-1,0,0,0
23756.88,6.47,1.69,0,38,0,13,0,5,2,3674.42,754.21,14077.62,206,12,7.8,9,0,1,0,0,0,0,1,2,0,0,-1,0,0,0
93992.49,10.36,1.11,0,258,1,10,0,4,2,9069.18,337.68,84593.24,239,12,3.6,13,0,1,0,0,0,0,2,1,0,0,-1,0,2,0
18089.39,40.07,21.55,1,0,0,14,0,2,1,451.48,1339.38,839.29,146,15,1.3,0,1,0,1,0,0,0,0,1,0,0,-1,0,2,1
267.69,0.26,0.07,0,173,1,19,0,2,1,1035.28,245.17,4078.21,174,8,5.0,2,0,0,0,0,0,0,2,1,0,0,-1,0,2,0
351.32,0.45,0.21,0,86,1,21,0,5,2,777.39,638.05,1694.96,20,19,5.8,2,0,1,0,0,0,0,2,2,0,0,-1,0,0,0
8666.8,6.26,2.74,1,0,0,20,0,4,0,1383.42,510.02,3161.14,65,14,7.2,2,0,1,0,0,0,0,2,1,0,0,-1,0,1,1
23686.8,16.71,3.81,0,45,1,8,0,1,2,1417.41,250.63,6211.41,12,11,5.9,10,0,1,0,0,0,0,2,1,0,0,-1,0,0,0
17068.61,4.25,1.58,1,15,0,18,1,4,2,4012.11,535.67,10774.51,168,11,2.4,13,0,0,0,0,0,0,2,1,0,0,-1,0,0,0
52907.2,21.57,7.97,1,0,0,4,0,2,1,2452.66,158.96,6636.08,186,14,0.6,5,0,0,0,0,0,0,2,4,0,0,-1,0,2,1
86669.06,28.92,7.54,0,0,0,8,1,3,0,2997.16,1143.41,11496.55,94,10,6.7,9,0,1,0,0,1,0,2,3,1,3,44,0,1,1
11938.08,5.86,1.82,1,38,0,21,0,2,2,2038.69,159.05,6550.85,129,14,5.4,8,0,0,0,0,0,0,0,1,0,0,-1,0,0,0
2720.75,7.05,1.87,0,68,0,12,0,1,0,385.98,624.02,1453.43,19,18,2.3,2,1,0,1,0,0,0,1,1,0,0,-1,0,0,0
251.39,0.13,0.05,1,72,1,13,0,0,3,1862.19,292.22,5417.19,236,2,5.4,8,1,0,0,0,1,0,0,1,0,0,-1,0,2,0
120978.24,12.39,1.11,0,62,1,23,0,2,0,9766.0,393.12,108880.42,47,10,6.3,0,0,1,0,0,0,0,0,2,0,0,-1,0,1,0
619.1,1.92,0.51,0,174,1,23,0,2,0,322.71,1463.37,1203.62,47,12,5.1,14,0,1,0,0,0,0,1,1,0,0,-1,0,2,0
84335.05,5.32,1.11,0,405,1,3,0,2,1,15848.79,262.47,75901.54,203,7,6.1,0,0,1,0,0,0,0,2,2,0,0,-1,0,2,0
449.53,0.24,0.11,0,72,1,7,0,1,0,1835.26,184.93,4198.82,197,6,4.3,6,0,0,0,0,1,0,0,1,0,0,-1,0,2,0
797.47,0.42,0.21,1,332,1,9,0,0,1,1897.86,1977.57,3888.77,151,10,3.5,0,0,0,0,0,0,1,0,0,0,0,-1,0,1,0
1631.79,2.81,0.66,0,282,1,10,0,0,3,580.66,519.17,2469.52,137,12,7.4,13,0,1,0,0,0,0,0,0,0,0,-1,0,0,0
725.58,0.68,0.15,0,310,1,15,0,4,3,1072.77,1219.25,4819.29,29,7,7.7,3,0,1,0,0,0,0,2,0,0,0,-1,0,2,0
80918.73,8.8,1.11,0,102,1,22,0,4,0,9198.6,1799.83,72826.86,166,2,0.6,1,0,1,0,0,0,0,2,1,0,0,-1,0,2,0
24731.72,8.51,4.18,1,0,0,14,1,4,3,2907.7,163.7,5912.04,230,12,3.7,9,1,0,1,0,1,0,3,2,0,0,-1,0,0,1
166.82,0.19,0.07,0,110,1,1,0,4,0,884.97,580.48,2308.24,142,8,4.3,3,0,1,0,0,0,0,1,1,0,0,-1,0,1,0
72447.2,21.43,6.33,0,1,0,14,0,5,1,3380.16,819.7,11444.03,25,12,4.6,12,0,1,0,0,0,0,1,0,1,2,21,1,6,1
41629.48,22.5,9.41,1,9,0,9,1,4,2,1850.38,183.53,4424.86,190,18,2.0,14,0,1,0,0,0,0,1,1,1,4,2,1,2,1
200.55,0.15,0.04,1,79,1,0,0,4,0,1376.77,538.86,4989.72,173,10,4.9,0,0,0,0,0,0,0,2,1,0,0,-1,0,0,0
9128.55,14.87,5.09,1,0,0,15,1,6,2,613.73,510.82,1794.4,218,7,5.7,13,1,0,1,0,1,0,4,3,0,0,-1,0,0,1
135361.56,8.77,1.11,0,507,1,15,0,1,2,15433.22,556.79,121825.4,258,13,5.6,5,0,1,0,0,0,0,2,2,0,0,-1,0,0,0
78312.15,61.51,18.02,0,8,0,6,0,0,3,1273.11,669.7,4345.22,19,11,6.8,10,1,1,1,0,0,0,1,3,1,3,3,0,1,1
47778.9,19.33,9.26,1,0,0,15,1,4,1,2471.65,194.63,5160.94,220,6,5.4,4,1,0,0,0,0,0,1,1,0,0,-1,0,2,1
59541.92,45.74,22.61,1,0,0,18,0,4,2,1301.73,187.38,2633.4,118,20,6.7,1,1,0,1,1,1,0,2,1,0,0,-1,0,1,1
419.85,0.32,0.06,0,132,1,14,0,5,0,1308.47,1554.77,6534.15,199,20,7.4,14,0,1,0,0,0,0,1,0,0,0,-1,0,2,0
362.55,0.87,0.3,0,229,1,8,0,1,2,418.32,580.09,1212.57,113,16,3.3,7,1,1,0,0,0,0,1,1,0,0,-1,0,1,0
980.15,1.38,0.54,0,353,1,3,0,1,0,711.66,2519.69,1822.81,47,20,1.6,3,0,1,0,0,0,0,0,1,0,0,-1,0,2,0
24696.03,27.12,5.78,0,16,1,7,0,5,3,910.61,2986.6,4271.47,147,14,1.1,13,0,1,0,0,0,1,2,1,0,0,-1,0,1,0
116.15,0.18,0.04,1,116,1,19,0,0,3,648.16,767.83,3146.18,190,19,1.5,4,1,1,0,0,0,0,0,0,0,0,-1,0,2,0
357.84,0.46,0.1,0,183,1,1,0,5,3,780.21,1551.34,3666.29,6,9,7.3,7,1,1,0,0,0,0,1,0,0,0,-1,0,0,0
457.09,0.3,0.06,0,225,1,1,0,4,2,1509.53,415.87,7144.92,215,7,6.2,6,0,0,0,0,0,0,2,2,0,0,-1,0,2,0
1613.16,1.51,0.44,1,226,0,11,0,1,3,1067.23,197.68,3646.8,72,3,7.9,14,0,1,0,0,0,0,1,1,0,0,-1,0,1,0
4501.93,2.26,0.9,0,8,1,20,0,5,0,1994.5,441.31,5010.3,98,2,6.6,11,0,0,0,0,0,0,2,1,0,0,-1,0,0,0
422.52,0.22,0.09,0,303,1,17,0,3,1,1940.61,290.82,4770.3,74,10,7.2,0,0,1,0,0,0,0,0,0,0,0,-1,0,2,0
1044.03,1.91,0.43,0,332,1,8,0,1,2,546.33,743.42,2450.32,138,14,2.5,4,0,1,0,0,0,0,0,0,0,0,-1,0,1,0
1224.48,1.19,0.37,0,221,1,6,0,5,3,1024.84,335.25,3288.98,240,17,1.5,10,0,1,0,0,0,0,0,2,0,0,-1,0,1,0
22984.63,19.35,9.0,1,0,0,7,1,7,4,1187.67,1490.48,2553.42,208,8,3.0,0,1,0,1,0,1,0,4,4,0,0,-1,0,0,1
377.89,0.2,0.04,1,194,1,10,0,0,0,1891.57,246.13,8879.87,4,15,7.6,10,0,0,0,0,0,0,1,0,0,0,-1,0,0,0
297.44,0.29,0.08,0,190,1,9,0,3,1,1010.91,169.24,3839.16,140,6,3.3,13,0,0,0,0,0,0,0,2,0,0,-1,0,2,0
5206.1,2.1,0.45,1,87,1,12,0,0,3,2474.1,732.6,11659.03,158,19,5.7,14,0,0,0,0,0,1,1,2,0,0,-1,0,0,0
10320.7,2.09,0.95,0,68,0,17,0,3,0,4934.34,948.7,10888.45,49,17,4.7,14,1,1,0,0,0,0,0,0,0,0,-1,0,1,0
28745.16,7.92,3.68,0,80,1,21,1,4,1,3629.25,255.47,7801.23,29,12,6.3,4,1,1,0,1,0,0,0,0,0,0,-1,0,0,0
21867.28,10.95,3.68,1,0,0,21,0,4,2,1996.75,1044.93,5940.94,42,11,5.3,10,1,0,1,0,0,0,5,2,0,0,-1,0,2,1
475.79,0.25,0.07,1,26,1,22,0,1,1,1940.42,279.88,7131.38,109,6,2.0,14,0,1,0,0,0,0,2,0,0,0,-1,0,1,0
1233.28,2.79,0.94,0,41,1,15,0,0,3,441.38,468.96,1315.36,194,20,7.7,5,0,0,0,0,1,1,0,1,0,0,-1,0,0,0
498.46,0.31,0.15,0,251,1,11,0,5,2,1617.07,371.58,3426.9,204,6,4.9,5,0,1,0,0,1,0,1,2,0,0,-1,0,2,0
56594.05,54.38,24.66,1,0,0,12,0,5,3,1040.75,645.66,2295.3,226,20,6.0,3,0,1,0,0,0,0,1,2,0,0,-1,0,0,1
937.13,2.45,0.7,0,88,0,3,1,5,3,382.64,1010.66,1336.04,241,19,2.6,2,0,1,0,0,0,0,2,1,0,0,-1,0,2,0
8772.32,1.93,0.6,0,45,0,14,1,5,1,4552.27,199.68,14695.13,67,10,3.4,11,0,1,0,0,0,1,2,0,0,0,-1,0,1,0
17271.35,3.95,0.93,0,14,1,21,0,0,0,4377.51,653.13,18508.33,202,17,5.5,6,0,0,0,0,0,0,2,2,0,0,-1,0,0,0
732.65,2.14,0.81,0,17,1,9,0,2,3,341.96,565.86,908.28,230,15,1.1,4,0,1,0,0,0,0,0,1,0,0,-1,0,1,0
75993.22,4.2,1.11,0,231,1,11,0,1,3,18078.18,1005.81,68393.9,246,19,1.9,6,0,1,0,0,0,0,0,2,0,0,-1,0,2,0
673.19,0.48,0.14,0,272,1,19,0,5,3,1400.05,609.07,4649.2,30,20,6.8,10,0,1,0,0,0,0,2,2,0,0,-1,0,1,0
207.95,0.11,0.03,1,348,1,18,0,5,0,1972.55,777.86,7680.9,98,14,3.2,8,0,0,0,0,0,0,1,2,0,0,-1,0,1,0
12434.67,3.21,1.25,0,5,0,5,0,2,3,3869.02,1122.97,9931.71,70,14,7.1,0,1,0,0,0,0,1,1,1,0,0,-1,0,0,0
27266.18,6.98,2.11,0,73,1,4,0,5,3,3905.42,179.85,12938.75,18,15,5.2,10,1,1,0,0,0,0,0,0,0,0,-1,0,1,0
2666.34,1.39,0.3,0,69,1,21,1,2,1,1920.28,389.28,8772.74,99,3,4.6,0,1,0,0,0,0,0,1,2,0,0,-1,0,0,0
40019.86,3.88,1.11,0,214,1,5,0,1,0,10311.78,160.59,36017.87,189,8,7.6,11,0,1,1,0,0,0,1,1,0,0,-1,0,1,0
36069.69,12.08,4.06,1,0,0,20,0,8,5,2985.87,554.62,8884.47,11,17,6.1,3,1,0,1,0,0,0,5,1,1,0,-1,0,0,1
34277.96,19.28,7.74,1,0,0,11,0,4,0,1778.32,1025.13,4426.44,194,2,3.9,10,1,1,0,0,0,0,2,1,0,0,-1,0,2,1
52374.29,36.24,15.12,1,0,0,19,0,5,0,1445.23,287.92,3464.29,136,10,1.6,3,1,0,1,1,0,0,2,2,0,0,-1,0,1,1
686.6,2.2,0.75,0,123,1,6,0,1,0,312.01,259.79,919.49,72,18,2.4,12,0,1,0,0,0,0,2,1,0,0,-1,0,1,0
71669.97,44.79,22.89,1,0,0,8,0,3,2,1600.1,706.02,3130.4,148,12,7.7,7,1,1,1,0,0,0,1,1,0,0,-1,0,3,1
662.02,0.47,0.11,0,342,0,18,0,3,3,1407.89,522.32,5998.35,35,5,2.9,11,0,1,0,1,0,0,2,1,0,0,-1,0,2,0
27715.44,8.66,2.89,0,33,1,9,0,4,3,3201.04,251.48,9606.21,241,13,5.0,5,0,0,0,0,0,0,0,2,0,0,-1,0,0,0
20935.18,9.36,4.95,1,0,0,22,0,3,0,2237.58,1093.99,4229.02,212,15,3.7,11,1,1,0,0,0,0,2,3,0,0,-1,0,0,1
27162.79,9.35,1.91,1,39,0,6,0,1,1,2905.65,419.72,14224.97,146,10,2.9,1,0,1,0,0,0,0,2,0,0,0,-1,0,0,0
312.02,0.33,0.14,1,110,1,8,0,4,3,958.67,947.02,2224.29,54,10,3.0,5,0,1,0,0,1,0,2,2,0,0,-1,0,1,0
11360.47,3.3,0.67,0,16,0,18,0,1,2,3445.66,1834.61,16897.52,6,14,2.4,2,0,0,0,0,0,0,1,1,0,0,-1,0,0,0
15416.38,6.67,3.15,0,84,1,4,0,3,2,2311.19,854.84,4896.18,16,11,4.0,3,1,1,0,0,0,0,2,2,0,0,-1,0,1,0
3353.42,0.88,0.23,0,26,1,6,0,3,0,3795.8,513.2,14745.0,229,7,2.1,10,1,1,0,0,0,0,1,2,0,0,-1,0,0,0
21452.65,18.6,7.96,1,54,1,17,0,1,3,1153.51,712.13,2695.64,216,7,2.2,14,1,0,1,0,0,0,1,2,0,0,-1,0,0,0
144687.7,20.67,1.11,0,654,1,4,0,1,3,7001.43,507.69,130218.93,44,4,5.3,10,0,1,0,0,0,0,1,1,0,0,-1,0,1,0
353.46,0.69,0.16,0,191,1,9,0,2,1,514.04,2120.47,2171.89,182,17,4.2,7,0,1,0,0,0,0,0,0,0,0,-1,0,1,0
42799.28,7.75,1.11,0,158,1,4,0,0,3,5523.02,150.07,38519.35,232,13,6.8,12,1,1,0,0,0,0,1,1,0,0,-1,0,1,0
287.41,0.31,0.06,0,160,1,0,0,1,0,922.86,357.41,4503.66,167,11,5.5,4,0,1,0,0,0,0,0,0,0,0,-1,0,1,0
231.33,0.19,0.08,0,357,1,19,0,4,1,1238.39,673.0,3058.32,100,16,7.3,4,1,1,0,0,0,0,0,2,0,0,-1,0,2,0
10702.06,5.78,2.02,0,34,1,5,0,3,3,1851.76,147.48,5292.8,165,3,4.1,2,0,0,0,0,1,0,1,1,0,0,-1,0,0,0
97895.59,10.78,1.11,0,453,1,23,0,4,2,9080.75,187.1,88106.03,114,13,5.1,0,0,1,0,0,0,1,1,2,0,0,-1,0,1,0
60871.42,20.55,5.73,1,9,0,22,0,5,1,2962.36,445.33,10623.05,121,10,7.1,4,0,0,0,0,0,0,2,2,1,4,9,1,3,1
15193.88,11.68,4.4,0,73,1,23,0,4,0,1301.19,876.22,3454.0,98,19,2.4,8,0,0,0,0,0,0,0,2,0,0,-1,0,1,0
28393.2,29.07,10.96,1,34,0,11,1,0,3,976.71,651.08,2589.67,113,7,7.3,13,0,1,0,0,0,0,2,0,0,0,-1,0,1,0
338.99,0.28,0.1,1,353,0,9,0,4,2,1197.76,455.18,3235.31,236,5,5.2,10,1,1,0,0,0,0,0,1,0,0,-1,0,2,0
41258.52,59.05,27.32,1,0,0,20,1,4,5,698.67,644.08,1510.22,71,9,0.6,10,1,0,1,0,0,0,5,3,0,0,-1,0,0,1
430.55,0.81,0.17,0,242,1,4,0,1,1,530.87,967.81,2608.37,246,20,6.4,11,0,0,0,0,0,0,2,1,0,0,-1,0,2,0
245.85,0.21,0.06,0,188,0,12,0,0,0,1188.66,774.58,3798.7,39,15,1.1,6,0,0,0,0,0,0,2,2,0,0,-1,0,1,0
608.0,0.39,0.14,0,242,0,23,1,2,1,1549.53,174.2,4280.21,207,13,4.2,12,0,1,0,0,0,0,0,2,0,0,-1,0,1,0
15340.19,8.5,3.69,0,73,0,17,0,3,2,1804.08,313.3,4162.57,217,6,5.2,8,0,0,0,0,0,0,0,2,0,0,-1,0,1,0
40866.64,23.18,10.15,1,0,0,12,0,2,1,1762.75,676.37,4028.25,107,12,6.1,2,0,0,0,0,0,0,1,1,0,0,-1,0,2,1
533.37,0.54,0.12,0,299,0,6,0,2,1,994.88,1568.9,4618.92,236,17,7.9,6,1,1,0,0,0,0,0,1,0,0,-1,0,1,0
66902.09,5.87,1.11,0,663,1,11,0,4,0,11394.06,589.68,60211.88,115,10,4.9,10,0,1,0,0,0,0,1,0,0,0,-1,0,2,0
58357.94,28.62,13.15,1,0,0,15,0,4,2,2039.39,321.2,4438.28,26,15,0.7,7,1,0,1,0,0,0,3,4,0,0,-1,0,0,1
18495.42,10.93,5.04,1,0,0,10,0,6,3,1691.46,885.02,3670.66,246,15,7.6,13,1,0,1,0,0,0,3,1,0,0,-1,0,2,1
13449.29,5.94,2.11,1,0,0,5,1,6,3,2263.68,385.18,6360.08,236,11,0.5,5,1,0,1,1,0,0,4,3,0,0,-1,0,0,1
904.12,1.14,0.32,0,270,0,13,0,0,0,789.72,1198.02,2845.57,135,11,1.3,7,0,0,0,0,0,0,1,1,0,0,-1,0,0,0
233.94,0.35,0.11,1,347,1,7,1,1,2,672.08,726.85,2194.81,241,7,2.0,14,1,0,0,0,0,0,0,2,0,0,-1,0,2,0
36977.62,39.76,13.86,1,0,0,6,1,3,2,930.05,381.54,2667.98,119,14,2.6,8,1,1,0,0,1,1,1,3,0,0,-1,0,1,1
87990.14,4.56,1.11,0,556,1,7,0,0,3,19300.44,270.61,79191.13,253,12,7.1,6,1,0,0,0,0,0,0,1,0,0,-1,0,2,0
39968.29,26.82,10.93,1,0,0,21,0,8,3,1490.48,185.88,3656.62,178,10,6.8,12,1,0,1,0,0,0,2,4,1,0,-1,0,2,1
22068.99,7.15,1.52,0,13,1,10,0,4,1,3086.77,177.19,14533.51,26,14,3.5,7,0,0,0,0,0,0,0,0,0,0,-1,0,0,0
40778.71,22.94,10.37,1,0,0,18,1,3,3,1777.68,552.59,3930.49,220,13,5.9,13,1,0,1,0,1,0,5,5,0,0,-1,0,2,1
46293.4,40.33,13.79,1,0,0,17,0,6,5,1147.8,189.96,3356.35,139,9,4.0,2,1,0,1,0,0,0,5,5,0,0,-1,0,2,1
92532.95,7.53,1.11,0,355,1,15,0,3,2,12287.25,553.31,83279.65,49,7,0.8,7,1,1,0,0,0,0,2,0,0,0,-1,0,2,0
502.91,0.34,0.13,1,146,1,12,0,4,1,1476.89,186.78,3875.75,3,17,6.3,2,1,0,0,0,0,0,2,2,0,0,-1,0,0,0
14574.07,11.03,4.06,1,62,1,1,0,4,1,1321.41,198.4,3589.97,50,5,0.8,8,1,0,0,0,0,1,0,0,0,0,-1,0,0,0
829.8,0.96,0.27,0,234,1,4,0,0,0,860.93,177.61,3084.25,50,7,3.5,14,0,1,0,0,0,0,0,0,0,0,-1,0,2,0
24456.21,16.09,7.41,1,0,0,0,0,8,4,1520.06,184.06,3302.12,247,9,7.8,14,1,0,1,1,1,0,4,1,0,0,-1,0,2,1
63808.99,62.22,27.88,1,4,0,15,1,2,1,1025.59,874.1,2288.76,59,2,6.1,12,0,1,0,0,0,0,1,0,1,3,7,1,3,1
5339.88,3.49,1.26,1,82,1,14,0,3,0,1531.75,469.84,4241.52,198,19,2.1,14,1,1,0,0,0,0,1,1,0,0,-1,0,1,0
136583.63,5.73,1.11,0,312,1,2,0,1,0,23825.4,851.66,122925.27,93,12,5.5,5,0,1,0,0,0,0,0,2,0,0,-1,0,0,0
303.22,0.25,0.1,0,100,1,7,1,3,3,1213.31,1073.67,3095.52,197,7,3.0,0,0,0,0,0,0,0,1,1,0,0,-1,0,1,0
97732.79,38.23,9.98,0,11,0,4,0,3,3,2556.64,253.91,9795.96,222,4,3.3,10,1,0,0,0,0,0,1,3,1,3,32,0,3,1
13513.3,4.08,1.0,1,3,1,0,0,5,3,3311.93,144.56,13524.1,147,18,5.0,6,0,0,1,0,0,0,0,0,0,0,-1,0,1,0
91909.76,5.43,1.11,0,123,1,5,0,3,1,16914.32,619.44,82718.78,220,20,7.7,1,1,1,0,0,0,0,0,2,0,0,-1,0,2,0
75733.85,31.8,12.88,1,0,0,4,0,3,2,2381.23,454.3,5881.44,100,2,4.6,4,0,1,0,0,0,0,1,3,0,0,-1,0,2,1
336.39,0.31,0.13,0,242,1,9,0,0,1,1099.68,1737.58,2556.58,85,3,1.6,6,0,1,1,0,0,0,0,0,0,0,-1,0,2,0
1232.26,0.63,0.3,0,185,0,15,0,2,3,1943.26,146.68,4075.76,69,8,5.0,3,0,1,0,0,0,0,2,0,0,0,-1,0,0,0
104.13,0.29,0.06,0,354,1,10,0,0,2,354.19,2384.29,1706.03,130,19,5.6,12,0,1,0,1,0,0,0,1,0,0,-1,0,1,0
5416.69,4.29,1.05,1,66,0,11,0,0,0,1262.34,179.02,5183.34,143,7,1.5,1,1,1,1,1,0,0,0,1,0,0,-1,0,0,0
9985.11,4.35,1.46,1,0,0,19,0,4,0,2293.49,536.21,6849.11,230,4,2.5,9,1,0,0,0,0,0,1,4,0,0,-1,0,2,1
70524.5,34.49,16.17,1,0,0,2,0,3,1,2044.85,337.78,4361.14,40,14,2.4,6,1,1,0,0,0,0,2,1,0,0,-1,0,0,1
9093.79,15.37,5.23,1,11,0,14,0,0,0,591.5,202.21,1737.7,120,20,6.2,14,0,1,0,0,0,0,0,2,1,4,47,0,5,1
845.03,0.96,0.29,0,337,1,4,1,3,3,881.61,337.9,2888.02,215,10,3.8,1,0,1,0,0,0,0,2,1,0,0,-1,0,2,0
20110.96,16.58,4.58,1,6,0,21,1,1,3,1212.66,803.12,4387.03,211,12,6.3,12,0,1,0,0,0,0,0,0,1,4,9,1,6,1
713.45,0.43,0.1,0,259,1,23,0,0,2,1643.13,700.35,7384.12,6,6,3.3,7,1,0,1,0,0,0,2,2,0,0,-1,0,2,0
518.65,0.42,0.16,1,181,1,13,0,5,0,1244.07,140.23,3284.35,126,10,7.3,13,0,1,0,0,0,0,0,2,0,0,-1,0,2,0
560.88,0.72,0.22,0,221,1,1,1,5,3,779.44,357.12,2552.65,94,10,5.2,6,0,1,0,0,0,0,1,0,0,0,-1,0,2,0
19366.11,22.02,8.28,1,0,0,7,0,3,0,879.54,607.99,2337.55,227,14,6.8,14,0,0,0,0,1,0,0,1,0,0,-1,0,0,1
26657.98,19.45,5.68,1,56,1,1,0,4,2,1370.38,689.12,4694.31,166,18,1.5,3,1,1,0,0,0,1,1,0,0,0,-1,0,1,0
5636.77,2.87,0.69,1,17,0,4,0,2,3,1963.25,2316.73,8224.8,226,15,6.1,7,0,0,0,0,0,0,0,0,0,0,-1,0,1,0
15856.41,6.93,2.64,1,0,0,0,0,4,2,2289.09,175.51,5998.35,132,9,6.3,12,1,1,0,0,0,0,0,2,0,0,-1,0,2,1
42062.98,11.91,5.0,0,8,0,20,0,4,3,3532.0,4585.49,8411.03,84,7,3.4,12,0,0,0,0,0,0,2,0,1,4,27,1,6,1
162.39,0.1,0.03,1,278,1,14,0,3,2,1618.43,587.52,5132.55,52,14,0.9,4,0,1,0,0,0,0,0,2,0,0,-1,0,1,0
833.33,0.51,0.21,0,326,1,2,0,3,3,1644.73,256.21,3960.97,240,12,5.9,14,0,0,0,0,0,0,2,2,0,0,-1,0,2,0
52268.21,22.03,7.48,1,0,0,11,0,6,5,2372.53,2308.33,6988.89,201,9,0.7,14,1,0,1,1,1,0,3,5,0,0,-1,0,2,1
28752.12,5.9,1.39,0,44,0,12,0,0,1,4874.57,1247.62,20757.98,174,2,7.8,3,1,1,0,0,0,0,2,1,0,0,-1,0,1,0
54224.02,24.45,11.02,0,8,0,10,0,1,2,2217.33,1817.92,4920.32,27,13,7.8,12,1,1,0,0,0,0,1,3,1,4,46,1,1,1
181.1,0.11,0.03,0,196,1,10,0,5,2,1587.32,275.81,6125.93,173,17,1.0,0,1,1,0,0,0,0,0,0,0,0,-1,0,0,0
14578.42,35.86,10.85,0,4,0,10,0,1,2,406.53,470.73,1344.11,250,17,3.4,3,0,1,0,0,0,0,1,1,1,3,22,0,2,1
559.54,0.29,0.09,0,226,1,12,0,2,3,1909.8,540.62,6571.58,138,3,4.1,8,0,0,1,0,1,1,0,2,0,0,-1,0,2,0
72209.94,19.27,4.85,0,12,0,5,0,5,2,3747.07,741.51,14902.69,164,7,6.4,5,0,0,0,0,0,0,2,2,1,3,30,1,1,1
220.93,0.5,0.23,0,239,1,11,0,5,0,440.44,1658.66,971.61,41,4,4.3,13,0,1,0,0,0,0,1,1,0,0,-1,0,0,0
40172.14,40.6,22.45,1,0,0,18,0,4,3,989.54,843.48,1789.41,16,17,5.2,0,0,1,0,0,0,0,1,1,0,0,-1,0,1,1
39387.21,14.45,5.79,0,8,0,18,0,2,2,2726.37,1196.07,6797.2,65,17,4.2,10,0,1,0,0,0,0,2,2,1,4,56,1,5,1
38332.09,15.09,6.92,1,0,0,8,0,7,5,2540.11,177.95,5542.5,218,6,2.5,9,1,0,1,1,1,0,3,5,0,0,-1,0,2,1
318.44,0.46,0.1,0,209,1,16,0,2,0,696.09,457.47,3085.92,59,8,6.9,0,0,1,0,0,0,0,1,1,0,0,-1,0,1,0
41090.86,13.24,3.49,0,3,0,14,0,5,2,3103.68,891.94,11765.42,248,16,2.9,4,0,0,0,0,0,0,0,3,1,3,43,1,6,1
27651.08,6.81,2.66,1,37,1,18,0,2,1,4059.54,346.82,10376.84,22,19,7.2,3,0,1,0,0,0,0,0,0,0,0,-1,0,1,0
95035.85,4.2,1.11,0,677,1,13,1,0,0,22623.81,503.86,85532.27,154,15,2.3,10,0,1,0,1,0,0,2,1,0,0,-1,0,2,0
306.11,0.17,0.04,0,126,0,17,0,0,3,1777.17,481.86,8508.87,38,11,3.0,5,0,0,0,0,0,1,2,0,0,0,-1,0,2,0
39921.86,3.88,1.11,0,610,1,5,0,3,1,10277.02,1461.63,35929.67,291,13,6.5,12,0,0,0,0,0,0,1,0,0,0,-1,0,1,0
115086.37,6.12,1.11,0,167,1,14,0,1,2,18806.13,660.62,103577.73,90,11,3.1,9,0,1,0,0,0,0,2,2,0,0,-1,0,0,0
118039.69,12.99,1.11,0,414,1,0,0,1,3,9085.85,161.6,106235.72,137,12,7.6,0,0,1,0,0,0,0,1,2,0,0,-1,0,2,0
402.12,0.32,0.08,0,129,1,1,1,4,0,1263.13,526.7,5309.68,112,10,7.8,3,0,1,0,0,0,0,0,2,0,0,-1,0,0,0
37718.41,5.91,1.11,0,609,1,6,0,2,0,6381.27,1480.19,33946.57,234,15,2.6,12,1,1,0,0,0,0,0,2,0,0,-1,0,0,0
4941.42,1.31,0.48,0,48,1,7,0,2,3,3779.53,186.34,10197.01,107,6,1.4,9,0,0,0,0,0,0,0,1,0,0,-1,0,0,0
149014.69,18.67,1.11,0,393,1,4,0,3,3,7983.4,1345.35,134113.22,89,2,3.2,3,0,1,1,0,0,0,1,1,0,0,-1,0,1,0
188.99,0.28,0.1,0,97,1,20,0,1,2,684.82,1365.32,1973.1,197,4,3.6,8,0,0,0,0,0,0,1,1,0,0,-1,0,2,0
763.92,0.38,0.09,0,264,1,6,0,5,0,1998.43,626.26,8471.43,170,18,2.9,11,0,1,1,0,1,0,1,0,0,0,-1,0,1,0
8021.47,3.75,1.13,1,35,0,21,0,3,3,2136.59,477.01,7100.91,86,8,2.8,10,0,1,1,0,0,1,2,2,0,0,-1,0,1,0
1000.73,1.25,0.5,0,347,1,8,0,2,1,801.76,237.47,2014.51,124,17,7.1,3,0,1,0,0,0,0,0,0,0,0,-1,0,0,0
24626.41,8.18,2.66,1,5,0,17,0,3,1,3009.21,792.09,9272.54,60,6,4.9,10,0,0,0,0,0,0,0,3,1,3,13,1,4,1
3852.56,4.41,0.93,0,35,1,17,1,5,0,873.57,1079.84,4154.0,88,3,1.7,12,1,0,0,0,0,0,2,1,0,0,-1,0,2,0
20756.43,7.93,2.53,0,68,1,17,1,2,0,2616.38,1171.47,8200.69,244,17,5.4,9,0,1,0,0,0,1,2,0,0,0,-1,0,0,0
40217.52,22.07,9.59,1,0,0,4,1,2,3,1822.05,311.4,4192.79,135,15,8.0,14,0,1,0,0,0,0,1,3,0,0,-1,0,2,1
54933.19,32.29,14.35,1,0,0,11,1,4,3,1701.1,357.3,3828.08,45,19,5.0,2,1,0,1,1,1,0,4,1,0,0,-1,0,1,1
1028.07,0.54,0.18,1,19,0,18,0,1,0,1902.35,583.5,5639.73,102,11,2.7,8,0,1,0,0,0,0,1,2,0,0,-1,0,0,0
876.21,0.76,0.18,0,7,0,12,0,3,3,1157.88,374.08,4779.66,152,6,7.8,4,0,1,0,0,0,0,2,1,0,0,-1,0,2,0
352.26,0.18,0.05,0,257,1,15,0,4,0,1958.87,465.4,7641.13,106,3,1.7,14,0,1,0,0,0,0,2,2,0,0,-1,0,2,0
80029.12,9.9,1.11,0,543,1,7,0,5,1,8080.27,1576.33,72026.21,180,8,4.6,2,0,1,0,0,0,0,0,1,0,0,-1,0,2,0
421.4,0.23,0.06,0,279,1,21,0,1,0,1853.97,3040.74,7302.08,55,3,4.2,13,0,1,0,0,0,0,2,2,0,0,-1,0,2,0
10775.98,19.51,7.51,1,0,0,8,0,2,2,552.47,336.0,1435.44,81,16,4.2,9,0,0,0,0,0,0,0,1,1,0,-1,0,0,1
295.93,0.32,0.16,0,26,1,21,0,2,3,936.62,421.82,1876.25,162,15,3.9,3,1,0,0,0,0,0,0,2,0,0,-1,0,1,0
64491.21,17.17,7.2,0,9,0,13,0,1,3,3756.02,302.99,8955.46,142,15,3.6,2,0,0,0,0,0,0,1,3,1,3,4,0,5,1
68684.66,21.21,5.72,1,5,0,23,0,0,2,3238.64,694.54,12003.99,234,18,4.6,12,0,0,0,0,0,0,2,3,1,4,45,1,2,1
18610.93,8.96,3.99,1,23,0,20,0,4,3,2076.75,908.51,4668.58,3,2,5.1,9,0,0,0,0,0,0,0,1,0,0,-1,0,0,0
26277.13,6.59,1.55,1,6,1,19,0,5,1,3988.89,615.36,16962.38,242,14,4.1,10,1,0,0,0,0,1,1,0,0,0,-1,0,0,0
1380.82,1.43,0.66,0,237,1,19,0,4,3,964.43,163.32,2096.76,85,2,1.3,11,0,0,1,0,0,0,1,2,0,0,-1,0,0,0
37622.84,32.43,8.47,0,7,0,11,0,1,3,1160.1,228.19,4442.48,185,8,4.6,5,0,1,0,0,0,1,2,1,1,3,60,1,6,1
29879.18,8.92,1.99,1,33,1,1,0,4,0,3348.89,860.2,15025.77,142,8,7.0,3,0,1,0,0,0,0,2,2,0,0,-1,0,0,0
128.96,0.37,0.1,0,307,1,21,0,3,3,353.03,2107.26,1322.34,201,11,4.2,1,0,1,0,0,0,0,2,0,0,0,-1,0,2,0
2199.46,2.81,0.56,0,364,1,1,0,5,1,783.67,426.1,3897.89,101,10,4.0,0,0,1,0,0,0,0,0,0,0,0,-1,0,0,0
54916.3,34.1,10.61,0,8,0,6,0,5,0,1610.6,205.83,5173.62,120,16,1.4,4,0,1,0,0,0,0,1,2,1,3,31,1,3,1
28682.77,5.88,1.29,1,7,0,0,0,1,3,4876.23,142.56,22164.53,218,17,3.0,11,1,0,0,0,0,0,2,2,0,0,-1,0,1,0
419.8,0.37,0.1,0,153,1,13,1,1,1,1142.7,962.39,4269.09,116,17,4.0,13,1,1,0,0,0,0,1,0,0,0,-1,0,2,0
557.69,0.51,0.19,0,312,1,7,0,4,1,1094.79,1876.64,2887.06,201,15,4.8,4,0,1,0,0,0,0,0,0,0,0,-1,0,2,0
51611.83,23.62,8.04,1,0,0,9,0,4,1,2185.17,904.98,6421.01,58,7,2.4,12,0,0,0,0,0,0,2,4,0,0,-1,0,3,1
3541.05,3.42,1.28,0,7,0,21,0,1,3,1035.42,1154.55,2771.02,60,5,1.4,9,1,0,0,0,0,0,0,0,0,0,-1,0,0,0
41968.87,17.03,4.31,1,8,0,8,0,2,2,2464.0,819.58,9729.37,185,8,6.0,0,0,0,0,0,0,0,2,1,1,4,37,1,4,1
605.4,0.48,0.22,1,327,1,4,0,2,1,1254.49,217.2,2739.25,86,6,3.7,0,0,1,0,0,0,0,0,0,0,0,-1,0,2,0
14395.77,6.87,2.75,1,0,0,11,0,3,2,2094.7,175.79,5225.99,56,19,0.7,1,1,1,0,0,0,0,2,3,0,0,-1,0,0,1
26101.44,13.08,4.7,1,0,0,19,0,3,0,1995.06,744.24,5550.42,4,17,1.3,8,1,1,1,0,0,0,0,3,0,0,-1,0,1,1
65633.56,48.39,16.5,1,0,0,2,0,5,0,1356.33,892.1,3978.93,189,18,7.1,1,0,0,1,0,0,0,2,4,0,0,-1,0,1,1
22804.2,16.97,6.3,1,0,0,20,0,5,1,1344.12,763.82,3620.45,132,12,1.1,5,0,1,0,0,0,0,1,3,0,0,-1,0,3,1
4325.25,0.9,0.39,1,43,0,12,1,3,3,4831.15,2887.3,11110.05,48,19,3.8,4,0,0,0,0,0,0,0,1,0,0,-1,0,0,0
2283.01,3.8,1.33,1,358,1,18,0,5,3,600.95,1565.69,1714.12,15,10,0.8,5,0,1,0,0,0,0,0,1,0,0,-1,0,1,0
127562.31,9.18,1.11,0,715,1,4,0,3,0,13897.76,184.54,114806.08,46,17,7.6,4,0,1,0,0,1,0,2,0,0,0,-1,0,0,0
243.22,0.21,0.05,0,273,0,8,0,0,3,1137.2,544.92,4713.48,91,14,4.2,9,0,1,0,0,0,0,0,1,0,0,-1,0,1,0
57825.09,3.53,1.11,0,250,1,6,0,2,1,16388.66,427.32,52042.58,119,12,2.2,6,1,0,0,0,0,0,1,0,0,0,-1,0,0,0
82672.7,3.47,1.11,0,352,1,18,0,0,1,23815.92,610.2,74405.43,273,15,0.8,8,1,1,0,0,0,0,1,2,0,0,-1,0,0,0
265.32,0.14,0.07,0,10,1,7,0,1,1,1890.53,285.15,3974.06,151,8,1.3,3,0,1,0,0,0,0,0,2,0,0,-1,0,1,0
42394.01,17.68,6.27,1,0,0,10,0,4,2,2398.01,258.28,6762.3,117,13,5.2,5,0,1,0,0,0,0,0,1,0,0,-1,0,2,1
3036.01,1.98,0.48,0,365,1,18,0,3,3,1537.19,979.16,6365.26,114,4,7.6,2,0,1,0,0,0,0,2,0,0,0,-1,0,1,0
47616.38,40.47,20.17,0,10,0,4,0,2,0,1176.55,557.76,2361.2,121,6,2.8,12,0,0,0,0,0,0,1,1,1,3,19,0,5,1
531.85,0.97,0.28,0,201,0,21,0,4,1,545.66,1063.2,1913.85,40,4,2.6,2,1,1,0,0,0,0,2,2,0,0,-1,0,0,0
2991.74,0.87,0.25,0,29,0,18,0,3,1,3433.48,178.69,11920.66,152,16,2.8,10,0,0,0,0,0,1,0,1,0,0,-1,0,1,0
34259.38,36.73,14.0,1,0,0,23,0,4,1,932.8,266.81,2447.23,160,19,6.1,7,0,1,1,0,0,0,0,2,0,0,-1,0,3,1
125360.39,8.42,1.11,0,717,1,6,0,3,1,14886.76,628.23,112824.35,198,9,2.1,9,0,1,0,0,0,0,2,2,0,0,-1,0,1,0
51804.1,20.07,7.28,1,0,0,14,1,7,5,2581.6,188.65,7119.99,192,15,7.8,0,1,0,1,1,0,0,3,2,0,0,-1,0,2,1
918.11,0.52,0.24,0,95,0,1,0,0,2,1754.42,1931.53,3846.9,162,18,0.7,10,0,0,0,0,0,0,0,0,0,0,-1,0,2,0
21645.75,14.56,5.84,1,14,0,11,1,0,3,1486.36,1370.35,3706.45,207,13,1.2,3,0,1,1,0,0,0,1,0,0,0,-1,0,0,0
41532.75,15.59,6.0,1,0,0,19,0,8,2,2664.28,458.19,6923.92,24,10,3.5,7,1,0,1,0,0,0,2,5,0,0,-1,0,0,1
139.72,0.1,0.02,0,61,1,15,0,3,0,1426.97,337.49,5817.4,68,18,6.8,5,1,0,0,0,0,0,1,1,0,0,-1,0,0,0
158.49,0.43,0.09,0,353,1,22,0,4,2,371.24,1103.38,1752.26,41,20,1.9,14,0,0,0,0,0,0,1,2,0,0,-1,0,2,0
230.47,0.28,0.07,1,57,1,17,0,3,0,812.61,226.53,3085.15,30,13,2.9,0,1,1,0,0,0,1,1,2,0,0,-1,0,0,0
41809.15,22.6,8.13,1,0,0,2,0,5,3,1850.23,332.71,5140.33,174,17,1.3,10,0,0,0,0,0,0,1,4,0,0,-1,0,2,1
10277.62,2.21,0.66,0,40,0,5,0,4,0,4641.69,322.42,15519.96,59,12,4.7,13,1,0,0,0,0,1,0,0,0,0,-1,0,0,0
13598.19,4.08,0.93,0,38,1,0,0,1,0,3328.89,858.5,14670.73,186,14,5.3,3,1,1,0,0,0,0,0,0,0,0,-1,0,1,0
397.84,0.22,0.07,0,256,1,5,1,0,3,1848.43,433.6,5753.79,77,11,1.8,4,1,1,0,0,0,0,2,2,0,0,-1,0,2,0
8579.7,4.78,1.26,0,72,0,9,0,2,1,1793.08,155.22,6832.01,67,12,7.4,2,1,0,0,0,0,0,2,1,0,0,-1,0,1,0
42847.48,82.02,39.24,1,0,0,18,0,3,2,522.4,1770.26,1091.82,59,12,2.3,9,1,0,1,0,0,0,2,2,0,0,-1,0,2,1
1011.18,3.29,0.88,0,37,1,0,0,1,2,307.43,1556.72,1154.54,107,5,3.2,0,0,0,0,0,1,0,0,0,0,0,-1,0,0,0
1261.41,0.8,0.17,0,41,0,14,1,1,3,1568.02,476.77,7619.57,199,13,4.9,5,1,0,0,0,0,0,2,2,0,0,-1,0,0,0
26139.41,9.58,2.75,0,24,1,4,0,2,0,2728.2,1147.65,9502.74,198,13,2.1,2,1,0,0,0,0,0,1,1,0,0,-1,0,0,0
584.41,0.46,0.21,0,116,1,12,0,2,0,1264.24,414.03,2814.89,57,7,4.3,13,1,0,0,0,1,0,0,2,0,0,-1,0,0,0
35292.87,16.7,5.7,1,0,0,1,0,7,3,2112.98,392.88,6188.4,240,13,2.1,10,1,0,1,1,1,0,3,3,0,0,-1,0,1,1
1315.95,0.82,0.19,0,169,1,4,0,4,2,1613.6,498.29,6844.58,146,4,3.8,5,0,1,0,0,1,0,0,2,0,0,-1,0,1,0
6661.45,4.93,2.44,1,69,1,19,0,0,1,1350.09,144.45,2730.88,152,5,2.6,1,1,0,0,0,0,0,1,1,0,0,-1,0,1,0
78567.42,47.22,17.7,0,11,0,12,0,5,3,1664.01,2277.11,4437.62,164,14,4.9,13,1,1,0,0,0,0,1,1,1,3,42,1,5,1
8859.79,3.77,1.84,1,63,1,0,0,0,0,2351.92,1371.58,4809.06,167,3,6.5,1,0,1,0,0,0,0,0,1,0,0,-1,0,1,0
316.41,0.2,0.04,0,153,1,20,0,4,0,1580.96,288.41,7845.72,8,6,5.1,10,1,0,0,0,0,0,1,0,0,0,-1,0,2,0
26038.08,9.64,2.66,0,7,0,19,1,5,1,2700.51,414.81,9800.64,152,20,3.7,2,1,1,0,0,0,0,1,0,1,3,18,1,3,1
60271.77,27.65,9.99,1,0,0,1,0,2,3,2180.09,545.07,6036.2,189,5,7.3,10,0,0,0,0,0,0,0,4,0,0,-1,0,1,1
820.08,0.6,0.15,0,252,0,5,0,0,3,1374.32,1033.79,5567.77,177,13,0.9,10,0,1,0,0,0,0,0,1,0,0,-1,0,0,0
5042.0,1.26,0.35,0,89,0,20,0,3,3,4002.64,842.09,14608.72,221,15,2.5,1,0,1,0,0,0,0,1,1,0,0,-1,0,1,0
98449.35,66.19,19.59,0,7,0,8,0,5,2,1487.45,804.62,5024.74,17,7,7.4,1,0,1,0,0,0,0,0,3,1,3,21,1,2,1
65714.93,36.54,17.65,1,0,0,14,0,1,0,1798.21,550.37,3723.13,204,13,6.4,1,1,0,1,0,0,0,0,3,0,0,-1,0,1,1
44301.71,13.01,4.23,0,10,0,8,0,3,1,3404.61,670.62,10474.9,190,3,7.3,3,1,0,0,0,0,0,1,2,1,3,11,0,5,1
2119.22,1.06,0.37,1,43,0,18,0,3,2,1998.78,302.6,5680.53,210,3,6.4,10,0,0,0,0,0,0,0,1,0,0,-1,0,0,0
513.25,0.28,0.13,0,299,1,0,0,1,0,1841.02,403.86,3830.0,58,14,4.5,10,0,1,0,0,0,0,2,1,0,0,-1,0,0,0
9995.93,2.48,0.68,0,49,0,15,0,1,1,4030.12,144.58,14689.83,163,16,6.1,1,0,1,0,0,0,0,2,0,0,0,-1,0,0,0
781.27,2.57,0.53,1,45,0,0,0,5,2,303.94,406.24,1464.91,202,5,2.0,13,1,1,0,0,0,0,0,1,0,0,-1,0,2,0
2448.86,2.58,0.52,0,331,1,2,0,1,1,949.25,700.38,4690.06,113,10,3.1,7,0,1,0,0,1,0,0,0,0,0,-1,0,2,0
76107.19,41.55,16.85,1,0,0,11,0,4,1,1831.58,595.48,4517.17,95,9,5.7,11,1,1,0,0,0,0,0,2,0,0,-1,0,2,1
448.93,0.26,0.06,1,149,1,13,0,0,0,1709.52,1081.08,7574.77,58,20,1.5,8,0,1,0,0,0,0,0,1,0,0,-1,0,0,0
2350.73,1.32,0.31,0,322,1,22,0,1,2,1775.24,457.6,7574.41,53,17,8.0,0,0,1,0,0,0,0,0,1,0,0,-1,0,1,0
24006.36,7.87,3.01,0,14,1,12,0,1,3,3051.95,1118.38,7986.8,168,3,7.3,3,1,1,0,0,0,0,0,2,0,0,-1,0,0,0
159.35,0.38,0.1,0,29,1,12,0,2,1,420.19,847.9,1521.07,155,2,7.4,8,0,0,0,1,0,0,2,0,0,0,-1,0,0,0
52971.29,13.86,3.98,0,5,0,0,0,5,3,3821.24,204.46,13307.78,56,17,7.3,2,0,1,0,0,0,0,0,2,1,2,42,1,6,1
6687.53,2.89,0.64,1,90,0,21,0,5,2,2315.99,311.92,10394.8,108,20,6.8,9,1,1,0,0,0,0,2,0,0,0,-1,0,1,0
59228.57,62.65,31.09,1,0,0,6,0,4,0,945.43,265.19,1905.09,28,18,6.1,13,1,1,0,0,0,0,2,2,0,0,-1,0,1,1
25799.62,8.25,2.41,1,68,0,22,0,3,3,3127.98,1190.04,10706.07,83,10,2.2,8,1,0,0,0,0,0,1,0,0,0,-1,0,0,0
292.09,0.34,0.08,0,214,1,2,0,3,3,852.87,389.86,3752.14,147,16,7.3,12,1,1,0,0,0,0,2,1,0,0,-1,0,2,0
86297.31,23.81,9.3,0,10,0,8,0,0,1,3625.16,1782.48,9276.15,176,7,4.7,4,0,0,0,0,0,0,0,0,1,4,42,1,3,1
7384.83,1.6,0.61,0,23,0,10,0,3,1,4626.19,788.48,12173.22,112,14,4.6,3,0,0,0,0,0,0,1,1,0,0,-1,0,1,0
1224.19,0.69,0.16,0,43,1,1,0,5,1,1779.67,1675.84,7853.17,78,12,6.1,2,0,0,0,0,0,0,1,0,0,0,-1,0,1,0
408.39,0.24,0.08,0,257,1,14,0,0,3,1713.68,888.74,5155.7,215,20,1.8,4,1,0,0,0,0,0,1,1,0,0,-1,0,2,0
16581.44,18.4,7.89,0,7,0,9,0,4,1,901.09,1408.94,2101.82,87,11,3.2,2,0,1,0,0,0,0,1,2,0,0,-1,0,1,0
17744.39,32.85,15.58,1,0,0,5,0,1,1,540.23,606.97,1139.1,192,13,7.8,1,0,0,1,0,0,0,0,2,0,0,-1,0,0,1
203.1,0.31,0.13,0,348,1,8,0,4,0,662.48,297.32,1558.09,127,2,1.7,9,1,1,0,0,0,0,0,2,0,0,-1,0,0,0
2290.47,0.5,0.15,1,80,0,9,0,4,2,4594.81,1459.5,15286.94,73,5,2.8,10,0,1,0,0,0,0,1,2,0,0,-1,0,1,0
126.22,0.11,0.04,0,245,1,15,1,2,3,1196.77,812.76,3604.88,118,7,5.0,9,1,0,0,0,0,0,0,1,0,0,-1,0,1,0
136.8,0.17,0.05,1,335,1,23,0,0,1,814.98,2171.72,2593.09,222,18,2.1,14,1,1,1,0,0,0,1,1,0,0,-1,0,0,0
25866.57,7.99,2.12,1,20,1,17,0,5,0,3237.03,736.97,12216.49,128,5,1.1,0,0,1,0,0,0,0,0,0,0,0,-1,0,1,0
184.68,0.12,0.04,0,156,1,15,0,2,3,1479.73,170.38,4947.61,33,5,3.4,5,0,1,0,0,0,0,1,1,0,0,-1,0,1,0
940.2,0.87,0.36,0,231,1,16,1,2,2,1086.38,379.02,2633.43,221,3,6.2,12,1,0,0,0,0,0,1,2,0,0,-1,0,1,0
703.09,0.66,0.27,0,57,1,17,0,4,3,1073.25,1020.35,2632.33,188,8,3.1,14,1,1,0,0,0,0,2,1,0,0,-1,0,1,0
90858.28,23.91,6.65,1,10,0,1,0,4,2,3799.35,358.37,13655.07,158,14,0.7,5,1,1,0,0,0,1,0,2,1,3,59,1,3,1
3590.8,1.2,0.55,0,46,1,4,0,5,2,2979.92,437.31,6552.91,46,9,6.9,14,0,1,1,0,0,0,0,1,0,0,-1,0,0,0
9152.52,2.61,0.78,1,39,0,21,0,5,3,3508.5,807.35,11664.31,231,11,1.9,8,1,1,1,0,0,0,0,0,0,0,-1,0,0,0
365.74,0.19,0.08,0,342,1,11,1,4,3,1958.51,147.84,4516.82,89,6,3.9,5,1,0,1,0,1,0,1,0,0,0,-1,0,2,0
18826.63,16.92,4.41,1,65,0,5,0,2,3,1112.59,569.0,4269.06,65,7,5.3,5,0,0,0,0,0,0,2,0,0,0,-1,0,0,0
83390.2,5.0,1.11,0,546,1,13,1,0,1,16676.55,524.78,75051.18,222,2,6.2,6,0,0,0,0,0,0,2,1,0,0,-1,0,2,0
444.98,0.36,0.15,0,44,1,16,0,0,0,1250.82,175.39,2897.5,67,12,1.7,0,0,1,0,0,0,0,1,2,0,0,-1,0,1,0
12212.95,7.38,3.08,1,0,0,20,1,5,2,1653.94,366.06,3965.33,199,14,6.3,9,0,0,0,0,0,0,0,1,0,0,-1,0,3,1
303.05,0.44,0.12,0,17,1,10,1,4,3,692.52,956.08,2632.49,158,8,3.3,11,0,1,0,0,0,0,0,1,0,0,-1,0,1,0
11883.12,9.03,2.09,0,56,0,11,0,0,3,1316.57,260.88,5692.56,223,19,0.7,2,1,1,1,0,0,1,0,2,0,0,-1,0,0,0
2341.38,5.96,1.29,0,241,1,10,1,1,0,392.66,1045.22,1820.86,72,15,3.1,12,0,0,0,0,0,0,1,2,0,0,-1,0,2,0
14751.92,11.06,4.12,1,0,0,3,0,4,2,1334.38,486.06,3582.2,82,8,2.8,7,1,0,1,0,0,0,4,2,0,0,-1,0,2,1
9130.56,1.97,0.43,1,6,1,7,1,2,2,4636.58,242.33,21255.54,32,3,2.8,8,1,0,0,1,0,0,0,0,0,0,-1,0,0,0
111172.9,12.24,1.11,0,723,1,9,0,3,2,9083.87,476.51,100055.61,59,4,4.2,7,0,0,0,0,0,0,0,1,0,0,-1,0,1,0
53276.58,23.23,9.07,1,0,0,18,0,4,1,2293.79,464.94,5873.66,52,8,3.8,7,0,0,1,0,0,0,0,2,0,0,-1,0,1,1
866.33,0.61,0.25,0,153,1,22,0,1,0,1430.14,421.59,3454.48,28,14,4.2,8,1,0,0,0,0,0,2,1,0,0,-1,0,0,0
76774.74,42.57,14.22,1,0,0,5,0,5,1,1803.42,309.67,5398.33,250,16,2.8,13,0,1,0,0,0,0,0,1,0,0,-1,0,2,1
56669.27,96.73,46.37,1,7,0,19,1,5,0,585.84,224.55,1221.98,178,9,5.8,5,0,0,0,0,0,0,2,1,1,2,10,0,2,1
745.84,0.51,0.21,0,46,1,4,0,4,2,1468.33,195.89,3489.59,56,18,7.0,5,0,1,0,0,0,0,2,1,0,0,-1,0,2,0
109.24,0.33,0.1,0,158,1,10,0,4,1,330.68,544.63,1043.28,218,13,7.8,4,0,1,1,0,1,0,0,1,0,0,-1,0,0,0
3871.25,1.01,0.28,0,8,0,2,0,3,2,3823.32,357.13,13663.23,42,14,3.5,13,1,1,0,0,0,0,2,3,1,3,47,1,6,1
100107.95,8.95,1.11,0,709,1,9,0,3,0,11188.63,421.07,90097.15,76,12,2.8,11,0,1,0,0,0,0,0,1,0,0,-1,0,1,0
70028.91,90.64,32.25,0,12,0,6,0,4,0,772.63,637.52,2171.53,66,4,6.0,7,0,1,0,0,0,0,0,3,1,3,54,1,3,1
380.98,0.42,0.1,0,293,0,7,0,0,2,906.61,171.93,3813.79,194,2,6.8,6,1,0,0,0,0,0,0,1,0,0,-1,0,1,0
103637.06,4.23,1.11,0,174,1,5,0,4,1,24475.04,1427.59,93273.35,300,5,0.6,8,0,1,0,0,0,1,0,2,0,0,-1,0,1,0
963.59,2.73,0.92,1,305,1,4,1,3,3,353.56,141.83,1046.03,83,4,2.4,11,0,0,0,0,0,0,2,2,0,0,-1,0,0,0
303.8,0.9,0.31,0,220,1,1,0,2,2,336.97,594.12,969.43,215,19,3.6,10,0,1,0,0,0,0,0,0,0,0,-1,0,2,0
1557.05,0.86,0.39,1,74,0,16,1,0,0,1817.02,187.03,3996.78,204,16,4.2,14,0,0,0,0,0,0,2,1,0,0,-1,0,1,0
93160.14,9.91,1.11,0,560,1,20,0,2,0,9402.57,473.84,83844.13,176,6,1.6,12,0,0,0,0,0,0,1,1,0,0,-1,0,0,0
561.1,0.88,0.24,0,349,1,5,0,2,3,635.11,577.76,2357.97,181,15,2.9,7,0,1,0,0,0,0,1,0,0,0,-1,0,0,0
610.56,0.32,0.08,0,172,1,20,0,3,2,1895.06,485.44,7362.34,241,9,3.1,7,0,0,0,0,0,0,0,2,0,0,-1,0,0,0
73691.7,3.75,1.11,0,663,1,9,0,4,0,19642.36,511.98,66322.53,173,10,4.5,3,0,0,0,0,0,1,2,2,0,0,-1,0,1,0
598.75,1.04,0.33,0,126,1,8,0,4,1,576.33,674.52,1811.92,90,15,7.0,12,0,0,0,0,0,0,2,1,0,0,-1,0,2,0
72925.05,134.4,44.41,0,0,0,19,0,5,2,542.59,2054.41,1642.02,241,9,5.7,9,1,1,0,0,0,0,0,3,1,3,38,1,6,1
24812.61,13.71,2.85,0,73,1,16,0,5,2,1810.22,657.46,8711.43,66,18,6.5,8,0,0,0,0,0,0,1,2,0,0,-1,0,1,0
943.56,0.52,0.14,0,28,1,18,0,4,0,1816.42,260.43,6921.08,101,9,5.7,11,0,1,0,0,0,0,1,0,0,0,-1,0,0,0
1706.24,1.52,0.34,0,215,1,9,0,3,3,1122.36,815.09,4954.26,142,17,2.7,3,0,1,0,0,0,0,0,1,0,0,-1,0,2,0
137776.12,27.35,1.11,0,495,1,4,1,4,2,5036.89,167.48,123998.51,142,14,4.2,11,0,1,0,1,0,0,1,0,0,0,-1,0,0,0
485.42,0.26,0.07,0,158,1,4,1,0,1,1850.43,170.78,7114.59,166,6,0.6,1,1,1,0,0,0,0,2,0,0,0,-1,0,2,0
674.33,1.26,0.27,1,210,1,3,0,5,2,535.53,717.9,2476.23,28,8,3.5,8,0,1,0,0,0,0,1,0,0,0,-1,0,0,0
547.22,0.28,0.07,0,40,0,15,0,3,3,1985.14,657.77,8061.23,78,17,1.9,4,0,1,0,0,0,0,1,1,0,0,-1,0,1,0
209.61,0.16,0.04,0,89,0,13,0,1,1,1328.52,649.88,5146.5,150,4,5.8,11,0,1,0,0,0,0,2,1,0,0,-1,0,0,0
1013.75,0.65,0.29,0,147,1,3,0,2,0,1548.01,364.94,3520.52,97,19,0.7,1,1,1,0,0,0,1,0,1,0,0,-1,0,2,0
138925.66,9.75,1.11,0,345,1,7,0,5,3,14250.27,149.2,125033.09,89,5,7.3,4,0,1,0,0,0,0,0,2,0,0,-1,0,2,0
97517.47,5.12,1.11,0,647,1,20,0,4,0,19048.24,342.33,87765.72,203,19,1.9,1,0,1,0,0,0,0,0,1,0,0,-1,0,2,0
262.28,0.19,0.06,0,157,1,18,0,5,3,1354.3,457.92,4046.24,102,7,3.9,12,0,1,0,0,0,0,2,2,0,0,-1,0,2,0
71244.86,68.51,33.9,0,13,0,7,0,2,0,1039.93,215.31,2101.42,166,3,2.4,0,1,0,0,0,0,0,2,1,1,4,1,0,1,1
23399.88,39.87,14.06,1,0,0,7,0,8,5,586.92,169.64,1663.84,76,9,6.0,11,1,0,1,1,1,0,3,4,0,0,-1,0,1,1
67832.16,98.6,44.38,1,0,0,22,1,2,0,687.93,161.47,1528.59,172,2,1.5,3,0,1,0,0,0,0,2,4,0,0,-1,0,2,1
23427.62,5.34,1.51,0,66,0,10,0,0,3,4389.11,547.92,15494.19,54,20,6.7,14,0,1,0,0,1,0,1,1,0,0,-1,0,0,0
2893.56,1.01,0.3,1,0,1,19,0,3,2,2875.49,167.34,9651.69,180,10,3.5,7,1,0,0,0,0,0,0,1,0,0,-1,0,0,0
125.67,0.11,0.03,0,297,0,19,0,3,1,1097.33,504.0,4943.83,215,7,5.9,0,1,1,0,0,0,0,2,1,0,0,-1,0,0,0
45782.83,1.89,0.63,0,251,1,7,1,2,0,24221.89,230.95,72665.68,184,18,4.7,11,0,0,0,0,0,0,1,0,0,0,-1,0,2,0
91901.73,53.91,19.89,0,9,0,4,0,3,2,1704.58,384.71,4619.8,120,5,2.7,10,0,1,0,0,0,0,2,2,1,3,35,0,6,1
99016.44,12.23,1.11,0,268,1,11,0,4,0,8095.23,750.14,89114.8,140,14,6.9,4,0,0,0,0,0,0,2,1,0,0,-1,0,1,0
410.24,0.38,0.13,0,174,1,22,0,2,2,1079.62,474.37,3174.83,234,8,3.6,9,0,0,0,0,0,0,0,0,0,0,-1,0,0,0
55713.47,40.62,12.12,0,1,0,23,0,0,0,1371.58,186.7,4595.13,26,15,1.6,11,0,0,0,0,0,0,1,2,1,2,32,1,1,1
250.1,0.2,0.04,1,348,0,15,0,3,0,1257.19,170.81,5862.78,111,5,6.9,6,0,1,1,0,1,1,0,0,0,0,-1,0,1,0
28156.21,2.49,0.83,0,126,1,16,1,1,0,11310.51,699.9,33931.52,66,2,1.5,7,0,1,0,0,1,0,2,0,0,0,-1,0,1,0
34374.07,17.39,6.43,1,0,0,20,0,7,5,1976.39,334.99,5348.43,228,2,3.5,6,1,0,1,1,0,0,3,1,0,0,-1,0,0,1
8330.18,4.77,1.93,1,0,0,1,0,2,3,1747.55,787.97,4324.11,58,16,1.8,7,0,1,1,0,0,0,2,1,0,0,-1,0,2,1
272.91,0.17,0.06,0,93,1,11,0,0,1,1564.07,248.44,4355.9,26,9,0.8,8,0,1,0,0,0,0,1,2,0,0,-1,0,0,0
1490.14,2.44,1.04,0,235,1,0,0,4,1,610.36,12133.45,1427.92,70,19,4.9,11,1,0,0,0,0,0,1,1,0,0,-1,0,0,0
400.32,0.22,0.07,0,7,1,9,1,2,3,1827.71,858.41,5427.89,56,16,3.7,3,1,1,0,0,0,0,1,2,0,0,-1,0,1,0
1208.49,1.26,0.51,1,266,0,10,1,2,3,962.46,2683.03,2388.94,243,6,3.5,8,0,1,0,0,0,0,0,1,0,0,-1,0,0,0
175.43,0.09,0.03,0,62,1,2,0,0,0,1991.21,253.87,5519.3,61,18,7.0,14,1,0,0,0,0,0,2,1,0,0,-1,0,0,0
1586.02,0.8,0.23,0,295,1,7,0,1,1,1979.3,2232.48,6849.98,96,15,1.7,9,0,0,0,0,0,0,1,2,0,0,-1,0,0,0
1557.23,4.43,1.4,0,363,1,8,0,4,3,351.57,708.45,1112.19,56,6,7.8,12,0,0,0,0,0,0,1,2,0,0,-1,0,1,0
882.84,0.77,0.27,0,209,1,2,0,4,0,1149.21,455.68,3243.83,49,14,6.2,9,0,0,0,0,0,1,0,1,0,0,-1,0,0,0
17085.26,5.38,2.36,1,6,0,11,0,1,1,3175.55,839.35,7228.52,36,4,3.2,2,0,1,0,0,0,0,2,1,1,2,17,1,5,1
19862.54,3.89,1.11,0,110,1,18,0,2,0,5109.41,2066.63,17876.29,76,7,4.5,13,1,1,0,0,0,0,1,1,0,0,-1,0,1,0
394.19,0.78,0.21,0,323,1,3,0,1,2,502.18,1109.22,1833.51,175,8,0.6,5,0,0,0,0,0,0,0,1,0,0,-1,0,2,0
117824.14,7.71,1.11,0,280,1,23,0,0,2,15287.94,587.14,106041.73,129,17,7.7,12,0,1,0,0,0,0,1,1,0,0,-1,0,2,0
778.96,0.45,0.1,0,98,1,20,0,3,1,1725.14,144.3,8165.17,88,14,6.7,3,1,1,0,0,0,0,1,0,0,0,-1,0,2,0
134565.44,26.88,1.11,0,678,1,22,0,2,1,5005.49,215.1,121108.9,215,13,5.6,14,0,0,0,0,0,0,0,0,0,0,-1,0,2,0
721.68,0.38,0.15,0,264,0,8,1,3,0,1910.77,759.66,4811.37,227,5,1.6,8,1,1,0,0,0,0,2,2,0,0,-1,0,2,0
918.37,0.78,0.26,1,258,1,8,0,4,2,1180.38,725.54,3550.81,49,8,1.5,5,0,1,0,0,1,0,2,2,0,0,-1,0,1,0
50576.21,27.48,14.56,1,0,0,22,0,2,2,1840.48,474.87,3473.38,68,20,0.6,7,0,1,0,0,0,0,2,4,0,0,-1,0,0,1
234.2,0.21,0.05,0,336,1,14,0,1,2,1104.81,254.24,4616.41,74,12,7.5,12,1,1,0,0,0,0,1,2,0,0,-1,0,2,0
20262.18,16.12,3.77,0,41,1,16,1,5,0,1256.67,454.91,5367.93,45,8,2.0,2,1,1,1,0,0,0,0,2,0,0,-1,0,0,0
345.73,0.36,0.11,0,275,1,22,0,3,1,972.78,975.49,3219.43,22,5,3.7,4,0,1,0,0,0,0,0,0,0,0,-1,0,1,0
20375.57,8.03,2.27,0,49,1,12,0,4,0,2537.85,910.99,8992.07,121,9,4.8,14,0,1,0,0,0,0,2,1,0,0,-1,0,1,0
74560.06,18.73,7.0,0,10,0,14,0,0,1,3980.95,1013.9,10655.37,161,4,1.2,4,0,1,0,0,0,0,0,1,1,4,47,0,2,1
16860.6,41.91,14.85,1,0,0,18,0,1,2,402.28,692.23,1135.45,243,7,3.1,10,1,1,1,0,0,0,0,3,0,0,-1,0,1,1
312.14,0.24,0.06,1,186,1,1,0,2,0,1326.22,491.11,5643.32,71,6,6.4,14,1,0,1,0,1,0,2,2,0,0,-1,0,1,0
12318.37,2.96,0.99,0,4,1,0,0,2,2,4160.92,1371.36,12469.02,67,15,2.0,9,0,0,0,0,0,0,2,0,0,0,-1,0,1,0
815.18,0.57,0.16,0,180,1,15,0,1,0,1425.56,491.1,4947.76,16,4,4.2,0,0,1,0,0,0,0,0,2,0,0,-1,0,1,0
425.73,0.39,0.1,0,38,0,3,0,2,2,1081.64,434.36,4071.27,228,20,0.9,12,0,1,0,0,0,0,0,0,0,0,-1,0,1,0
372.47,0.32,0.11,1,7,1,22,0,0,0,1158.35,2220.97,3341.18,34,9,3.8,8,1,0,0,0,0,0,0,1,0,0,-1,0,0,0
7060.66,2.67,1.33,0,13,1,9,0,3,3,2640.68,263.42,5307.06,73,2,5.1,5,1,1,0,0,1,0,2,2,0,0,-1,0,1,0
19283.9,15.0,5.31,1,41,1,12,0,4,2,1285.97,555.22,3632.9,250,12,0.8,5,1,1,0,0,0,0,0,2,0,0,-1,0,1,0
35549.69,68.97,23.51,1,0,0,17,0,4,2,515.44,283.15,1512.27,26,17,4.3,14,1,0,1,1,0,0,4,4,0,0,-1,0,2,1
298.3,0.2,0.05,0,234,0,22,0,1,3,1493.28,374.27,5866.58,23,18,4.5,13,0,1,0,0,0,1,0,1,0,0,-1,0,0,0
28351.26,2.7,0.9,0,269,1,8,0,5,2,10489.27,2037.69,31467.81,300,8,5.1,12,1,1,0,0,0,0,2,0,0,0,-1,0,2,0
11219.5,0.54,0.18,0,593,1,3,0,0,2,20599.84,694.91,61799.51,190,19,6.6,14,0,0,0,0,0,0,0,0,0,0,-1,0,1,0
22578.46,10.66,5.02,0,51,0,16,0,2,1,2118.48,170.32,4501.73,4,3,1.4,1,0,0,0,0,0,0,1,2,0,0,-1,0,1,0
586.72,0.48,0.1,0,199,1,14,0,2,0,1217.6,383.58,5906.4,189,9,3.0,13,0,1,0,0,0,0,2,0,0,0,-1,0,2,0
26690.81,41.45,17.15,1,0,0,14,1,3,0,643.99,932.45,1556.44,57,5,5.3,3,0,1,1,0,0,0,2,2,0,0,-1,0,2,1
711.35,0.94,0.23,0,233,1,18,1,1,2,758.61,287.58,3119.41,92,4,4.5,7,0,1,0,0,0,1,2,1,0,0,-1,0,0,0
44941.08,3.57,1.11,0,121,1,14,0,4,3,12586.0,242.48,40446.97,269,13,6.8,10,0,0,0,0,0,0,0,0,0,0,-1,0,0,0
12694.7,9.41,3.08,0,21,0,15,0,5,0,1349.59,236.3,4116.39,175,7,5.6,5,0,0,0,0,1,0,1,1,0,0,-1,0,1,0
52745.87,26.01,11.19,1,0,0,15,0,5,3,2027.59,498.83,4714.56,164,2,7.8,8,1,0,1,0,0,0,3,4,0,0,-1,0,1,1
134474.33,13.41,1.11,0,173,1,20,0,4,0,10027.17,1392.11,121026.9,57,18,0.9,14,0,1,0,0,0,0,1,2,0,0,-1,0,0,0
29998.4,9.09,3.49,1,26,1,17,0,1,0,3300.64,530.89,8592.11,19,18,0.7,5,0,0,0,0,0,0,0,1,0,0,-1,0,0,0
1150.75,2.57,0.69,0,212,1,14,0,0,2,446.92,756.12,1678.37,85,15,6.3,13,0,0,0,0,0,0,2,1,0,0,-1,0,1,0
26032.57,7.74,1.8,0,49,0,1,0,0,0,3365.44,1016.23,14458.41,5,5,4.6,11,1,1,0,0,1,0,1,2,0,0,-1,0,1,0
83051.33,25.06,8.85,1,0,0,7,0,0,0,3314.63,887.86,9385.41,245,17,4.2,2,0,1,0,0,0,0,1,1,1,3,23,1,2,1
91504.88,5.69,1.11,0,584,1,7,0,5,1,16080.44,343.18,82354.39,138,18,1.6,13,0,1,0,0,0,1,2,1,0,0,-1,0,2,0
19788.23,12.19,3.82,0,47,0,0,0,5,0,1623.93,1481.01,5183.94,15,9,2.2,7,1,0,1,0,0,0,0,2,0,0,-1,0,1,0
20809.38,4.29,1.81,0,44,0,0,0,0,0,4855.19,250.08,11478.42,152,10,6.1,5,1,0,0,0,0,0,0,1,0,0,-1,0,0,0
262.67,0.65,0.2,0,58,1,15,0,1,3,402.31,179.96,1344.63,76,2,6.2,13,0,1,1,0,0,0,2,0,0,0,-1,0,1,0
12206.88,2.77,0.64,1,38,1,4,0,3,0,4414.58,180.35,19039.81,180,12,4.0,10,0,0,0,0,1,1,0,0,0,0,-1,0,1,0
77707.85,8.12,1.11,0,575,1,11,0,1,0,9568.74,2126.8,69937.07,184,19,1.5,13,0,1,0,0,1,0,1,0,0,0,-1,0,0,0
16466.23,6.16,2.41,1,0,0,21,0,6,3,2672.54,1030.77,6841.36,183,17,2.4,9,1,0,1,1,0,0,4,3,0,0,-1,0,0,1
473.29,0.68,0.17,0,249,1,13,0,2,3,692.79,570.65,2707.78,107,17,4.3,9,1,1,0,0,0,0,1,2,0,0,-1,0,2,0
28811.25,24.85,7.39,0,4,0,4,0,0,1,1159.34,390.95,3897.35,40,14,5.6,7,0,0,0,0,0,1,1,0,0,0,-1,0,0,0
67324.68,22.74,8.29,0,1,0,16,0,4,1,2960.4,759.75,8124.02,239,19,0.7,12,0,1,0,0,0,0,0,1,1,4,53,1,2,1
235.83,0.2,0.06,0,6,1,0,0,0,2,1187.15,744.0,4192.18,152,12,7.0,4,0,1,0,0,0,0,0,2,0,0,-1,0,2,0
15547.27,4.65,1.04,0,3,1,1,0,0,1,3345.73,613.25,14976.04,187,19,1.8,1,0,1,0,0,0,0,0,1,0,0,-1,0,1,0
26436.15,9.93,3.29,1,3,0,2,1,1,1,2661.66,607.13,8029.57,242,15,7.1,6,0,0,0,1,0,0,2,0,0,0,-1,0,0,0
923.52,0.88,0.36,1,189,1,4,0,2,0,1048.61,1317.71,2548.1,223,13,2.4,5,0,1,0,0,0,0,2,0,0,0,-1,0,2,0
36459.63,16.03,6.6,1,0,0,11,0,3,3,2274.06,302.11,5527.47,88,9,1.6,13,1,0,1,1,0,0,4,1,0,0,-1,0,1,1
106183.67,11.82,1.11,0,87,1,0,0,2,1,8980.01,185.0,95565.3,59,18,5.3,8,1,1,0,0,0,0,1,1,0,0,-1,0,1,0
466.41,0.24,0.09,0,164,0,9,0,2,1,1967.06,456.66,5266.3,66,20,4.7,5,1,1,0,0,0,0,2,1,0,0,-1,0,1,0
133373.93,6.73,1.11,0,171,1,18,0,4,3,19831.55,555.15,120036.54,229,4,4.2,6,0,0,0,0,0,0,1,1,0,0,-1,0,2,0
116729.67,5.38,1.11,0,532,1,1,0,3,1,21705.98,149.88,105056.7,196,9,1.9,0,0,1,0,0,0,0,1,0,0,0,-1,0,0,0
166.38,0.46,0.15,0,335,0,14,0,4,3,363.93,203.59,1130.45,228,20,5.3,9,0,1,0,0,0,0,1,2,0,0,-1,0,2,0
61965.64,24.6,6.32,0,1,0,22,0,2,1,2519.32,1015.63,9811.27,155,17,4.0,5,0,0,0,0,0,0,0,3,1,3,36,0,5,1
409.86,0.29,0.08,1,291,1,12,0,4,1,1397.9,1074.81,4972.04,153,9,7.0,3,0,1,0,0,0,0,2,0,0,0,-1,0,1,0
13980.56,6.0,1.66,0,51,1,10,0,1,1,2331.98,378.42,8440.68,245,9,2.0,9,0,0,0,0,0,0,0,1,0,0,-1,0,0,0
753.83,0.49,0.11,0,358,1,11,1,2,0,1547.32,494.11,7062.61,25,4,2.0,0,0,0,0,0,0,0,1,2,0,0,-1,0,1,0
323.56,0.38,0.12,1,66,1,2,0,0,1,851.17,160.48,2661.22,49,10,6.3,2,0,1,0,0,0,0,2,0,0,0,-1,0,0,0
90220.49,4.35,1.11,0,685,1,8,0,0,0,20753.04,385.98,81198.44,92,12,6.1,13,0,0,0,0,0,0,2,2,0,0,-1,0,2,0
287.69,0.18,0.04,0,38,1,19,0,4,1,1562.02,830.58,7755.02,62,2,3.2,11,1,0,0,0,0,0,1,1,0,0,-1,0,0,0
573.91,0.34,0.07,0,124,1,22,1,2,2,1682.12,242.94,7683.18,130,3,6.5,4,0,1,0,0,0,0,1,1,0,0,-1,0,0,0
910.7,2.37,0.72,0,199,1,17,0,0,2,383.66,303.69,1272.09,240,9,5.4,3,0,0,0,0,0,0,1,0,0,0,-1,0,1,0
112683.69,10.81,1.11,0,586,1,14,0,4,2,10422.57,735.37,101415.32,42,17,3.5,2,0,1,1,0,0,0,0,0,0,0,-1,0,1,0
502.67,1.57,0.57,0,247,1,3,0,4,1,320.12,741.19,880.97,250,5,5.7,13,0,1,0,0,0,0,0,0,0,0,-1,0,2,0
115.67,0.31,0.08,0,188,1,4,0,2,0,372.28,148.61,1399.5,230,4,7.0,14,1,0,0,0,1,0,0,0,0,0,-1,0,1,0
15348.94,8.92,2.37,0,85,0,7,1,3,3,1720.48,563.09,6487.2,85,8,2.0,5,0,0,0,0,0,0,0,0,0,0,-1,0,0,0
314.83,0.32,0.07,0,54,0,14,0,4,2,982.49,2292.93,4629.32,205,14,7.8,5,1,1,0,0,0,1,0,2,0,0,-1,0,1,0
91634.98,46.6,16.24,0,2,0,7,0,5,0,1966.32,156.87,5643.96,5,15,7.0,7,0,0,0,0,0,0,1,1,1,3,24,0,3,1
170.45,0.36,0.13,0,364,1,15,0,1,0,473.01,184.13,1264.81,181,12,4.3,14,1,1,0,0,0,0,2,0,0,0,-1,0,1,0
54341.46,3.77,1.11,0,641,1,18,0,0,1,14406.7,592.49,48907.31,231,20,1.3,5,1,1,0,0,0,0,0,0,0,0,-1,0,0,0
5651.45,1.36,0.45,0,44,1,22,0,4,3,4148.62,383.99,12450.81,156,8,3.3,1,0,0,0,0,0,0,2,1,0,0,-1,0,1,0
86605.36,13.98,1.11,0,508,1,23,0,4,0,6195.22,1611.49,77944.82,297,13,2.6,1,0,1,0,0,0,0,0,0,0,0,-1,0,2,0
216.58,0.14,0.03,0,213,0,13,0,0,3,1527.46,235.56,6885.31,99,8,1.6,1,0,1,0,0,0,0,2,0,0,0,-1,0,0,0
58939.77,22.18,7.67,0,12,0,15,0,2,3,2657.85,992.84,7683.38,143,12,7.1,9,1,1,0,0,0,0,0,1,1,4,21,1,2,1
693.07,0.45,0.09,0,132,1,1,0,3,1,1533.21,322.11,7548.77,192,19,4.6,14,1,1,0,0,0,0,2,0,0,0,-1,0,2,0
412.15,0.42,0.1,0,30,1,21,0,3,2,975.02,1901.15,4191.95,23,16,1.7,14,0,0,0,0,0,0,2,0,0,0,-1,0,1,0
633.4,0.93,0.26,0,210,1,7,1,2,3,679.41,810.47,2410.1,48,3,4.6,14,1,0,0,0,0,0,0,2,0,0,-1,0,2,0
4568.87,2.4,0.69,1,37,0,23,0,0,1,1905.06,524.09,6602.43,160,20,3.5,3,0,0,0,0,0,0,0,0,0,0,-1,0,1,0
623.97,0.66,0.13,0,325,1,0,0,2,2,949.75,272.64,4636.52,63,18,2.6,0,0,1,0,0,1,0,1,0,0,0,-1,0,1,0
10780.75,2.27,0.93,1,30,0,2,0,4,2,4739.9,1483.58,11547.11,132,6,5.6,1,0,0,0,0,1,0,1,0,0,0,-1,0,0,0
565.66,1.05,0.46,0,107,1,2,0,3,3,539.01,261.61,1229.8,133,3,4.7,5,0,1,0,0,0,0,1,2,0,0,-1,0,1,0
732.15,1.89,0.49,0,316,0,1,0,5,3,386.97,219.48,1501.17,218,20,1.3,9,1,1,0,0,0,0,1,0,0,0,-1,0,1,0
1081.26,0.9,0.37,0,165,1,18,0,1,0,1207.97,208.49,2922.77,220,3,1.1,1,0,1,0,0,0,0,0,1,0,0,-1,0,2,0
13515.74,3.87,1.35,1,48,0,17,0,0,3,3496.92,931.25,10015.52,139,15,2.5,14,1,1,0,0,0,0,0,1,0,0,-1,0,1,0
27045.92,13.09,4.03,1,60,0,0,0,3,1,2066.79,289.85,6709.07,20,6,3.0,13,0,1,0,0,0,1,1,2,0,0,-1,0,1,0
14363.86,2.94,0.61,0,73,1,16,0,3,1,4878.96,536.27,23675.69,213,6,6.5,3,1,1,1,0,0,0,0,0,0,0,-1,0,0,0
18077.1,17.71,7.2,0,4,0,3,0,4,3,1020.6,1866.38,2509.72,20,11,7.1,7,0,1,0,0,0,0,2,3,1,3,21,1,5,1
199.32,0.18,0.05,0,356,0,7,0,3,0,1079.68,266.53,4286.54,83,10,0.7,6,0,1,0,0,0,0,0,2,0,0,-1,0,2,0
797.32,0.43,0.17,0,138,1,0,0,0,3,1862.88,1379.7,4615.97,57,9,6.8,7,0,0,0,0,0,0,1,2,0,0,-1,0,0,0
519.06,0.27,0.14,1,117,1,15,0,5,3,1913.3,437.95,3827.04,223,17,5.3,0,0,0,0,0,0,0,1,1,0,0,-1,0,1,0
28222.05,8.46,1.81,1,84,1,7,0,0,0,3334.55,1355.45,15629.21,59,11,5.0,13,0,1,0,0,0,0,2,1,0,0,-1,0,1,0
27415.99,15.51,5.97,1,0,0,19,0,4,5,1767.96,799.35,4591.14,192,13,1.4,11,1,0,1,1,0,0,4,2,0,0,-1,0,0,1
292.85,0.15,0.04,0,239,1,12,0,1,2,1925.51,179.01,6869.56,157,2,6.8,0,0,1,0,0,0,0,2,2,0,0,-1,0,0,0
492.71,0.61,0.27,0,97,1,19,0,0,2,813.29,829.41,1853.13,192,20,0.7,14,0,0,0,0,0,0,1,0,0,0,-1,0,0,0
600.48,1.88,0.81,0,337,1,21,0,0,2,319.69,814.83,737.64,38,12,1.2,10,0,0,0,0,0,0,0,2,0,0,-1,0,0,0
19764.09,5.11,1.86,0,68,1,23,0,2,3,3865.78,775.33,10633.06,119,13,6.6,7,0,0,1,0,0,0,2,1,0,0,-1,0,0,0
26270.36,6.18,1.26,0,15,1,1,0,5,3,4247.76,896.51,20880.58,14,15,5.9,4,1,1,0,0,0,0,0,2,0,0,-1,0,0,0
45309.7,26.94,9.42,1,0,0,13,1,3,2,1681.77,869.74,4810.84,114,5,7.7,2,1,0,1,1,0,1,2,5,0,0,-1,0,2,1
417.19,0.42,0.14,0,171,1,14,0,4,1,990.11,344.1,2939.54,14,8,3.8,0,1,1,0,0,0,0,2,0,0,0,-1,0,0,0
123502.97,7.24,1.11,0,708,1,16,1,0,1,17048.93,399.61,111152.67,208,3,3.1,2,0,0,0,0,0,0,1,1,0,0,-1,0,1,0
1665.58,1.59,0.77,0,104,1,3,0,1,0,1046.17,1046.25,2171.55,101,5,0.9,10,0,1,0,0,0,0,1,1,0,0,-1,0,1,0
65998.33,32.39,13.63,1,0,0,14,0,3,0,2037.86,421.84,4843.79,74,11,3.3,4,1,0,1,0,0,0,0,1,0,0,-1,0,2,1
1282.45,1.19,0.41,0,211,0,5,0,5,3,1073.2,698.18,3159.03,49,20,3.8,13,1,0,0,0,0,0,0,1,0,0,-1,0,1,0
509.19,0.65,0.28,1,235,1,2,0,2,1,779.11,366.2,1815.31,170,5,2.6,10,0,1,0,0,0,0,2,2,0,0,-1,0,1,0
1003.61,0.74,0.31,0,242,1,5,1,4,3,1357.39,272.56,3188.5,211,8,0.7,10,0,1,0,0,0,0,1,2,0,0,-1,0,0,0
279.35,0.49,0.15,0,98,1,22,0,1,2,564.96,1530.17,1873.77,95,18,4.7,2,0,1,0,0,0,0,2,2,0,0,-1,0,1,0
76928.13,103.08,38.59,1,0,0,12,0,2,0,746.28,188.46,1993.32,31,4,3.2,13,0,1,0,0,0,0,2,1,0,0,-1,0,3,1
19025.76,7.63,2.48,1,23,0,22,0,5,3,2493.2,2381.83,7664.31,44,2,2.4,6,0,0,0,0,0,0,2,0,0,0,-1,0,1,0
200.09,0.57,0.12,0,125,1,14,0,0,2,352.01,933.1,1694.16,105,15,4.7,4,0,0,0,0,0,1,1,0,0,0,-1,0,1,0
869.86,0.45,0.18,1,77,1,12,0,1,0,1945.85,321.71,4763.19,143,6,2.5,10,0,0,0,0,0,0,0,2,0,0,-1,0,1,0
1031.21,3.12,0.86,0,134,1,8,0,0,1,330.73,1148.08,1201.58,134,14,7.1,5,0,0,0,0,0,0,1,0,0,0,-1,0,1,0
403.85,0.25,0.11,0,214,1,22,0,0,0,1598.7,177.56,3615.1,249,13,5.7,10,0,0,0,0,0,0,2,2,0,0,-1,0,0,0
338.75,0.35,0.1,1,30,1,13,1,5,0,963.08,501.79,3372.09,70,14,3.4,11,1,1,0,0,0,0,2,0,0,0,-1,0,0,0
91231.3,24.86,7.15,0,8,0,16,0,5,3,3669.52,394.98,12763.22,197,16,2.1,8,0,1,0,0,0,0,0,1,1,2,43,1,4,1
819.38,0.54,0.12,0,216,1,2,0,1,0,1520.23,801.33,6818.87,138,19,1.5,2,0,1,0,0,0,0,1,0,0,0,-1,0,0,0
33596.63,69.78,26.73,1,0,0,11,0,3,2,481.44,529.33,1256.97,180,18,1.3,1,1,1,0,0,0,0,0,3,0,0,-1,0,1,1
28798.87,43.11,15.12,1,0,0,20,0,5,2,668.06,612.6,1904.77,141,13,3.2,2,1,0,1,1,1,1,2,2,0,0,-1,0,2,1
93331.49,75.38,23.18,0,13,0,21,1,4,2,1238.23,512.52,4027.07,154,13,1.1,2,0,1,0,0,1,0,0,1,1,3,44,1,2,1
277.79,0.71,0.2,0,355,1,7,0,5,2,393.77,446.66,1404.92,115,19,4.9,12,0,0,0,0,0,0,1,1,0,0,-1,0,1,0
98459.54,69.48,22.32,0,10,0,22,0,1,3,1417.12,599.12,4410.31,198,17,7.2,2,0,1,0,0,0,0,2,2,1,3,0,0,4,1
24060.06,18.62,4.64,1,3,1,21,0,3,1,1292.28,267.29,5183.37,52,6,7.8,2,0,1,1,0,0,0,2,1,0,0,-1,0,0,0
30928.43,19.86,8.81,0,4,0,20,0,2,2,1557.44,519.84,3512.21,182,10,6.6,5,0,1,0,0,0,0,2,2,1,4,3,0,5,1
55035.45,20.44,7.39,1,0,0,8,0,3,4,2692.84,377.0,7444.52,34,13,4.5,9,1,0,1,0,1,0,3,5,0,0,-1,0,2,1
302.49,0.33,0.15,0,305,1,15,0,4,0,930.49,174.49,1963.19,29,20,7.2,3,1,0,0,0,0,0,2,2,0,0,-1,0,0,0
443.05,1.02,0.27,0,344,0,9,0,5,3,432.59,2113.27,1662.03,195,3,5.7,7,0,1,0,0,0,0,1,0,0,0,-1,0,2,0
125141.28,8.91,1.11,0,222,1,14,0,4,3,14047.14,1007.06,112627.15,131,18,5.9,12,0,0,0,0,0,1,2,0,0,0,-1,0,2,0
846.51,1.06,0.4,0,110,1,11,0,2,3,797.63,708.25,2122.86,67,13,7.0,3,0,0,0,0,0,0,2,2,0,0,-1,0,0,0
223.15,0.12,0.03,0,351,1,17,1,4,3,1919.53,355.04,7544.73,144,4,2.2,13,0,1,0,0,0,0,1,2,0,0,-1,0,2,0
57026.18,21.85,8.82,1,0,0,4,0,3,4,2609.36,864.07,6465.68,184,20,5.2,7,1,0,1,1,0,0,5,5,0,0,-1,0,1,1
12798.41,6.02,1.37,0,64,0,20,0,5,0,2127.22,459.16,9332.39,64,9,3.5,14,0,1,0,0,0,0,0,0,0,0,-1,0,1,0
26137.2,10.09,3.39,0,6,0,9,0,4,2,2589.99,617.72,7700.69,23,15,2.3,0,0,1,0,0,0,0,1,1,1,3,16,1,3,1
31892.38,15.54,5.6,0,8,0,2,1,5,2,2052.25,765.89,5695.65,155,9,1.0,1,0,1,0,0,0,0,1,3,1,3,12,0,5,1
161.97,0.09,0.02,0,68,1,14,0,3,0,1842.18,534.36,8086.16,31,7,6.3,14,0,1,0,0,0,0,2,0,0,0,-1,0,0,0
60443.28,2.55,0.85,0,322,1,12,0,1,1,23737.13,344.48,71211.38,121,17,7.5,5,1,1,0,0,0,0,1,0,0,0,-1,0,1,0
42911.41,2.31,0.77,0,613,1,22,0,4,2,18570.65,354.67,55711.94,177,16,2.9,1,0,0,1,0,0,0,0,1,0,0,-1,0,1,0
5205.18,3.99,0.91,0,76,0,14,0,4,3,1303.14,345.8,5697.93,96,13,2.3,12,1,0,0,0,0,0,1,0,0,0,-1,0,0,0
2093.45,2.21,0.61,1,209,1,7,0,1,3,945.36,519.41,3410.66,97,18,0.6,13,0,0,0,0,0,0,0,0,0,0,-1,0,0,0
40122.38,10.66,2.68,1,14,0,15,0,5,0,3762.23,834.91,14948.22,249,11,5.2,6,0,1,0,0,0,0,2,3,1,3,58,1,6,1
32265.64,2.68,0.89,0,591,1,20,0,0,0,12054.83,378.3,36164.48,271,18,7.8,9,0,1,0,0,0,0,1,1,0,0,-1,0,2,0
74971.25,71.07,21.05,0,7,0,16,1,5,2,1054.96,392.53,3561.7,118,16,7.0,12,0,0,0,0,0,1,0,3,1,3,56,0,2,1
50104.78,24.47,8.86,1,0,0,14,0,2,3,2047.75,385.86,5657.83,124,6,3.2,3,1,0,1,0,0,0,1,3,0,0,-1,0,2,1
11988.44,6.32,3.07,0,79,0,18,0,4,2,1896.37,1002.77,3899.03,216,10,3.2,12,1,1,0,0,0,0,1,1,0,0,-1,0,1,0
117.22,0.12,0.03,0,99,0,13,1,0,3,939.13,720.56,4030.34,188,11,2.4,0,0,1,0,0,0,0,2,2,0,0,-1,0,0,0
23135.94,13.11,2.66,0,47,0,17,0,5,3,1764.76,158.44,8694.6,71,14,6.2,14,1,0,0,0,0,0,1,2,0,0,-1,0,1,0
11963.04,4.38,1.8,1,0,0,1,0,7,3,2732.35,374.84,6647.65,136,18,4.9,4,1,0,1,1,0,0,5,2,0,0,-1,0,0,1
106.45,0.07,0.01,0,26,0,2,0,1,1,1611.4,148.29,7388.89,44,18,6.9,3,0,0,0,0,0,0,1,2,0,0,-1,0,1,0
77390.39,12.19,1.11,0,132,1,5,0,5,2,6350.29,2709.38,69651.35,293,20,6.7,3,0,1,0,0,0,0,0,0,0,0,-1,0,1,0
13453.79,21.74,10.05,1,0,0,20,0,7,4,618.76,1028.84,1339.33,45,3,6.5,7,1,0,1,0,0,0,2,1,0,0,-1,0,2,1
120057.72,8.1,1.11,0,216,1,16,0,5,0,14822.11,184.11,108051.95,161,3,7.0,10,0,1,0,0,0,0,1,2,0,0,-1,0,1,0
2492.52,0.99,0.25,0,50,1,15,1,4,1,2506.83,740.47,10032.23,81,4,1.0,12,1,1,0,0,0,0,0,2,0,0,-1,0,0,0
5989.7,2.16,0.44,0,23,0,12,0,4,1,2779.09,145.11,13661.55,80,14,4.4,4,0,1,0,0,0,0,0,1,0,0,-1,0,1,0
27413.01,9.79,3.3,0,52,0,7,0,1,1,2799.82,459.9,8312.76,73,6,5.9,4,0,0,0,0,0,0,0,1,0,0,-1,0,0,0
25412.9,21.81,9.8,0,14,0,4,0,0,2,1165.12,400.36,2593.24,219,18,4.7,8,0,0,0,0,0,0,1,2,1,3,38,1,6,1
263.39,0.5,0.15,0,188,1,16,0,4,3,521.93,498.46,1754.27,163,10,6.8,2,0,0,0,1,1,0,0,0,0,0,-1,0,2,0
187.68,0.18,0.04,0,102,1,13,0,4,2,1042.46,551.67,4957.09,129,8,5.7,3,1,1,0,0,0,0,1,0,0,0,-1,0,2,0
4702.56,2.74,0.65,1,19,0,17,0,4,3,1716.81,240.63,7241.41,114,4,3.3,13,1,0,0,0,0,0,2,1,0,0,-1,0,1,0
568.92,0.65,0.3,0,283,0,23,0,4,1,874.31,1457.06,1885.54,190,9,6.4,3,0,1,0,0,0,0,2,2,0,0,-1,0,1,0
384.15,0.29,0.07,0,118,1,7,0,2,0,1334.04,524.73,5228.56,106,18,2.9,3,0,1,0,0,0,1,2,2,0,0,-1,0,2,0
29962.91,5.77,1.11,0,399,1,22,0,2,2,5188.6,610.69,26966.62,156,3,1.1,2,1,1,0,0,0,0,2,1,0,0,-1,0,0,0
374.72,0.44,0.1,0,335,1,5,0,5,0,844.85,674.58,3745.01,47,7,1.6,7,1,1,0,0,0,0,1,1,0,0,-1,0,0,0
275.01,0.37,0.16,0,93,1,15,0,3,1,735.09,307.29,1754.42,86,4,1.7,11,0,1,0,0,1,0,0,0,0,0,-1,0,2,0
6423.32,1.63,0.6,0,36,0,22,0,4,0,3928.77,581.78,10746.23,158,3,8.0,8,1,1,0,0,0,0,0,1,0,0,-1,0,0,0
295.61,0.53,0.14,0,142,1,1,0,5,1,553.38,428.99,2151.18,105,20,7.3,14,1,1,0,1,0,0,2,1,0,0,-1,0,1,0
29024.94,14.2,5.16,1,0,0,21,0,6,2,2043.46,434.52,5627.94,213,16,5.3,10,1,0,1,1,1,0,2,1,0,0,-1,0,1,1
7741.55,11.55,4.3,1,9,0,3,0,0,0,670.54,281.13,1798.53,92,3,1.5,7,0,0,0,0,0,0,0,1,1,2,5,1,1,1
227.72,0.37,0.12,0,14,1,12,0,0,0,611.29,301.02,1968.19,141,19,3.3,14,0,1,0,0,0,0,2,0,0,0,-1,0,0,0
617.7,0.48,0.12,0,204,1,21,0,2,1,1298.96,532.78,5096.33,49,9,7.1,1,0,0,0,0,0,0,2,0,0,0,-1,0,2,0
1881.22,1.12,0.5,1,31,1,0,0,1,1,1673.98,183.9,3773.9,43,5,2.1,9,0,1,0,0,0,0,1,0,0,0,-1,0,1,0
43138.78,32.33,10.82,1,0,0,3,0,2,3,1334.23,464.38,3986.44,24,10,7.0,10,0,1,0,0,0,0,0,3,0,0,-1,0,1,1
7565.22,5.03,2.06,0,31,0,8,1,4,0,1505.51,370.68,3663.69,206,18,5.3,3,0,1,0,0,0,0,1,0,0,0,-1,0,0,0
156.81,0.19,0.08,0,74,1,22,0,4,0,823.52,358.61,1970.05,228,5,5.9,0,0,0,0,0,0,0,2,0,0,0,-1,0,0,0
54854.29,4.72,1.11,0,615,1,5,0,0,1,11614.91,566.38,49368.86,117,20,7.9,12,0,0,0,0,0,0,0,1,0,0,-1,0,1,0
21413.12,17.77,6.29,1,0,0,7,0,6,2,1205.28,311.29,3404.78,16,19,6.4,1,1,0,1,0,1,0,3,4,0,0,-1,0,0,1
185.18,0.19,0.04,0,130,1,4,0,5,3,985.04,1793.95,4277.7,137,14,6.2,0,0,1,0,0,0,0,0,1,0,0,-1,0,1,0
1428.42,3.28,0.89,0,190,1,19,0,4,3,435.47,1015.2,1603.14,52,20,2.7,3,0,0,0,0,0,0,0,2,0,0,-1,0,2,0
30949.88,12.72,5.84,1,0,0,3,0,2,2,2433.52,340.96,5302.6,53,5,4.5,1,0,0,0,0,0,0,0,1,0,0,-1,0,1,1
28318.23,21.81,5.65,0,13,0,8,1,3,1,1298.13,1040.9,5008.96,39,19,4.7,4,1,1,0,0,1,1,2,3,1,4,54,0,2,1
836.85,0.42,0.1,0,309,0,14,0,2,3,1970.44,545.59,8686.49,200,18,4.7,9,1,1,0,0,0,1,0,2,0,0,-1,0,1,0
858.89,0.48,0.11,0,218,1,8,0,3,3,1801.39,327.84,7509.99,162,13,3.9,6,0,0,0,0,0,0,0,2,0,0,-1,0,1,0
15335.29,3.4,0.77,0,89,0,3,0,5,0,4515.19,340.31,19983.86,115,9,0.9,7,1,1,0,0,0,0,0,1,0,0,-1,0,1,0
19512.43,22.12,10.5,0,0,0,19,0,1,1,882.01,606.46,1858.73,221,4,6.8,1,0,1,0,0,1,0,2,2,1,4,35,1,4,1
16451.65,8.37,2.81,1,6,0,12,0,2,0,1965.07,253.6,5850.4,67,19,2.9,10,0,0,0,0,0,0,1,2,1,3,0,1,6,1
465.08,0.7,0.31,0,78,1,5,0,0,1,664.33,681.78,1489.56,101,13,3.0,11,0,1,0,0,0,0,1,0,0,0,-1,0,0,0
905.63,2.86,0.95,0,197,1,9,0,2,1,316.31,1096.83,950.53,154,17,8.0,12,0,1,0,0,0,1,1,0,0,0,-1,0,1,0
812.02,2.05,0.88,0,79,0,6,0,1,2,396.0,542.38,922.58,32,17,1.8,4,0,1,0,0,0,0,2,2,0,0,-1,0,1,0
584.53,0.58,0.21,1,161,1,23,0,5,2,1004.04,1562.87,2798.94,165,18,7.5,4,0,0,0,0,0,0,1,0,0,0,-1,0,1,0
221.3,0.16,0.04,0,233,1,6,0,2,1,1353.74,1672.68,6028.34,165,20,2.7,6,0,0,0,0,0,0,2,2,0,0,-1,0,0,0
2080.49,2.44,0.57,1,261,1,22,0,1,2,852.31,823.26,3659.11,104,15,6.1,14,0,0,0,0,0,0,0,1,0,0,-1,0,1,0
91.13,0.06,0.03,1,253,1,8,0,1,3,1419.74,2360.05,3589.04,41,8,0.7,12,0,1,0,0,0,0,0,0,0,0,-1,0,0,0
64232.27,83.99,44.99,1,0,0,18,0,1,2,764.76,556.59,1427.57,80,5,5.3,12,0,1,1,0,0,0,1,1,0,0,-1,0,3,1
498.63,0.6,0.12,0,253,1,18,0,2,2,825.07,214.4,4004.5,181,14,1.5,11,0,1,0,0,0,0,2,2,0,0,-1,0,2,0
50732.91,67.17,25.17,1,0,0,22,0,8,5,755.27,774.24,2015.91,131,4,3.4,0,1,0,1,0,1,0,4,4,0,0,-1,0,1,1
14085.48,5.75,2.13,0,14,0,2,0,1,3,2447.85,193.92,6623.95,194,12,5.5,9,0,1,0,0,0,0,1,1,1,2,31,0,3,1
182.8,0.18,0.04,0,300,1,21,0,2,2,1041.87,563.38,5160.08,250,10,3.1,8,1,1,0,0,0,0,1,0,0,0,-1,0,1,0
29189.8,6.18,1.27,0,73,1,12,0,0,1,4719.7,215.6,22989.05,83,13,7.1,2,0,1,1,0,0,0,0,1,0,0,-1,0,0,0
18783.76,15.67,6.9,0,12,0,2,0,1,3,1199.04,158.08,2722.81,12,10,6.8,0,0,0,0,0,0,0,2,1,0,0,-1,0,0,0
198.16,0.52,0.13,0,222,1,12,0,1,3,381.61,1755.77,1518.08,250,2,0.6,4,0,1,0,0,0,0,0,0,0,0,-1,0,0,0
29027.61,5.0,1.11,0,445,1,9,0,3,0,5804.01,330.55,26124.85,101,12,0.8,2,0,0,0,0,0,0,0,1,0,0,-1,0,2,0
53551.31,19.89,5.18,1,4,0,19,1,5,1,2692.85,260.62,10342.67,137,3,6.0,8,1,1,0,0,0,0,2,0,1,3,22,1,4,1
260.71,0.31,0.07,0,312,1,8,0,3,1,828.93,468.43,3698.67,192,12,7.6,8,0,1,0,0,0,0,0,2,0,0,-1,0,2,0
962.45,0.63,0.2,0,319,1,20,0,1,0,1525.18,652.1,4829.65,246,20,4.2,3,1,1,1,0,0,0,0,2,0,0,-1,0,1,0
71143.22,12.39,1.11,0,310,1,0,0,0,0,5739.76,302.85,64028.9,297,3,6.0,0,0,1,0,0,0,0,0,2,0,0,-1,0,0,0
37275.67,32.62,17.98,1,0,0,3,0,1,1,1142.64,671.75,2072.73,17,10,4.0,13,0,1,0,0,0,0,2,3,0,0,-1,0,1,1
475.17,0.51,0.14,0,220,1,4,0,0,3,936.71,151.28,3371.3,37,3,1.4,14,0,1,0,0,0,0,0,2,0,0,-1,0,0,0
1088.45,0.63,0.23,1,135,1,12,0,3,3,1723.29,646.48,4675.86,130,3,1.6,11,0,0,1,0,0,1,0,0,0,0,-1,0,0,0
13378.26,7.34,3.42,1,0,0,21,0,2,0,1823.25,391.89,3913.93,193,14,0.6,12,0,0,0,0,0,0,1,4,0,0,-1,0,2,1
121198.44,14.72,1.11,0,704,1,23,0,4,3,8235.81,178.71,109078.6,226,5,6.9,0,0,1,0,0,0,1,2,1,0,0,-1,0,2,0
17682.41,9.13,2.99,0,10,0,20,0,2,2,1936.07,366.2,5910.24,44,14,3.7,10,1,1,0,1,0,0,2,1,1,4,2,1,4,1
48418.82,2.34,0.78,0,465,1,21,0,4,1,20718.95,531.6,62156.85,100,16,3.8,13,1,0,0,0,0,0,1,2,0,0,-1,0,1,0
9782.89,2.48,0.61,0,3,1,19,1,0,3,3941.27,146.34,15988.31,238,10,7.3,5,0,0,0,1,0,0,1,2,0,0,-1,0,0,0
182.73,0.16,0.06,1,152,1,11,0,3,1,1129.81,434.09,2977.79,201,20,2.3,12,0,0,0,0,0,0,1,2,0,0,-1,0,0,0
1044.87,0.86,0.19,0,125,1,8,0,2,1,1210.37,473.18,5568.55,147,3,1.6,11,0,0,0,0,0,0,0,2,0,0,-1,0,1,0
27507.28,14.44,4.46,0,17,1,4,0,2,1,1905.22,482.26,6165.53,64,12,0.7,9,0,1,0,0,0,0,1,2,0,0,-1,0,1,0
144660.58,12.42,1.11,0,355,1,21,0,5,3,11645.09,577.09,130194.52,59,7,0.7,3,0,1,0,0,0,0,2,1,0,0,-1,0,1,0
503.54,0.33,0.14,0,82,1,1,0,0,0,1525.09,286.05,3670.86,173,6,7.0,11,0,1,0,0,0,1,1,1,0,0,-1,0,2,0
9405.84,4.86,1.72,1,0,0,2,0,8,5,1934.98,209.92,5461.03,48,14,7.4,4,1,0,1,1,1,0,5,2,0,0,-1,0,1,1
77314.16,44.89,19.86,1,0,0,12,0,4,1,1722.24,1144.03,3892.93,233,10,2.9,13,0,0,0,0,0,0,1,3,0,0,-1,0,3,1
4710.86,2.37,0.63,0,11,1,6,0,4,0,1985.1,324.61,7470.62,70,16,0.5,11,0,1,1,0,0,0,2,0,0,0,-1,0,1,0
62618.5,117.04,63.82,1,0,0,11,0,3,1,535.02,388.24,981.11,214,8,2.0,4,0,0,0,0,0,1,2,4,0,0,-1,0,1,1
687.77,0.68,0.14,1,306,1,20,0,2,2,1004.6,541.8,4801.87,14,7,4.2,13,1,0,0,0,0,0,0,1,0,0,-1,0,0,0
55688.83,43.58,20.37,1,0,0,5,0,3,3,1277.82,636.01,2734.42,236,18,4.6,0,1,0,1,0,0,0,2,2,0,0,-1,0,0,1
22022.44,23.44,10.21,1,0,0,19,0,2,3,939.69,345.28,2157.02,180,3,6.1,10,0,0,0,0,0,0,0,4,0,0,-1,0,0,1
634.9,0.72,0.29,1,97,1,12,1,1,1,885.03,546.61,2152.55,248,5,4.1,8,0,1,0,0,0,0,0,1,0,0,-1,0,1,0
247.23,0.14,0.04,0,54,1,16,1,0,2,1731.25,1724.55,6586.91,200,19,3.6,5,0,1,0,0,0,0,1,2,0,0,-1,0,2,0
19462.66,8.72,4.32,1,0,0,15,0,3,1,2231.5,225.04,4508.18,221,16,3.5,7,1,1,1,0,0,0,1,3,0,0,-1,0,1,1
12684.34,8.13,3.6,1,0,0,11,1,2,3,1561.12,278.09,3523.48,100,8,4.4,12,0,0,0,0,0,0,0,1,0,0,-1,0,0,1
280.14,0.19,0.04,0,245,0,8,0,1,2,1502.09,1244.48,6248.29,119,9,1.1,9,0,1,0,0,0,0,2,0,0,0,-1,0,2,0
26673.08,29.93,11.98,1,16,1,6,0,2,1,891.1,283.31,2226.7,150,11,7.1,14,0,0,1,0,0,1,1,2,0,0,-1,0,0,0
283.72,0.34,0.16,0,297,1,13,0,3,0,837.26,517.08,1810.07,93,4,3.2,5,0,0,0,0,1,0,2,2,0,0,-1,0,0,0
23901.05,10.0,3.49,0,11,1,13,0,5,1,2389.24,614.68,6843.69,179,15,3.8,7,0,0,0,0,0,0,0,0,0,0,-1,0,1,0
88818.35,27.85,9.19,0,2,0,16,0,5,2,3189.58,884.24,9665.2,178,15,2.7,6,0,1,0,0,0,0,1,0,1,3,35,1,1,1
38160.08,64.52,23.26,1,0,0,10,0,7,5,591.45,219.84,1640.31,21,12,1.9,9,1,0,1,0,0,0,2,5,1,0,-1,0,1,1
12298.56,3.06,1.06,1,60,0,9,1,2,3,4015.31,1658.63,11581.97,39,6,7.8,11,0,1,0,1,0,0,2,1,0,0,-1,0,1,0
34239.78,18.79,6.25,0,13,0,17,0,5,1,1822.4,251.62,5474.79,222,7,5.6,3,0,1,0,0,0,0,0,2,1,2,55,1,2,1
148073.77,16.08,1.11,0,632,1,6,0,2,3,9207.73,160.96,133266.39,205,19,1.6,2,1,0,1,0,0,0,2,0,0,0,-1,0,0,0
145731.78,5.99,1.11,0,453,1,10,0,2,0,24310.25,922.46,131158.6,221,18,2.8,14,1,1,1,0,0,0,1,1,0,0,-1,0,2,0
27796.54,11.9,4.51,0,1,0,6,0,0,3,2336.59,1007.05,6168.47,172,16,2.3,5,1,0,0,1,0,0,0,1,1,2,33,1,3,1
94412.29,78.72,29.96,0,8,0,10,0,2,0,1199.4,174.57,3151.41,100,11,7.3,4,0,1,0,0,0,0,0,3,1,4,51,1,6,1
451.7,0.42,0.14,0,291,1,15,0,1,3,1064.75,289.72,3198.49,231,18,4.5,5,1,1,0,0,1,0,0,0,0,0,-1,0,1,0
140.54,0.13,0.06,0,265,1,1,0,4,0,1056.0,251.28,2255.82,142,20,5.4,4,0,1,0,0,0,0,2,1,0,0,-1,0,1,0
103902.7,15.59,1.11,0,340,1,8,0,0,3,6666.25,1289.72,93512.43,276,2,4.4,11,1,0,0,0,0,0,1,0,0,0,-1,0,1,0
327.97,0.92,0.22,0,9,1,22,0,4,2,357.54,371.96,1467.31,200,8,2.4,7,0,0,0,0,0,0,1,2,0,0,-1,0,2,0
624.48,0.61,0.24,0,155,1,3,0,2,1,1017.8,1059.64,2623.66,44,14,6.0,5,1,0,1,0,0,0,0,0,0,0,-1,0,1,0
47255.0,23.16,9.22,1,0,0,11,0,4,0,2040.16,2777.67,5123.58,44,8,3.0,12,0,1,0,0,0,0,1,3,0,0,-1,0,3,1
46127.81,2.65,0.88,0,557,1,3,0,4,1,17381.15,810.72,52143.46,46,20,3.0,4,0,0,0,0,0,0,1,2,0,0,-1,0,1,0
2371.65,0.75,0.15,0,36,0,13,0,0,2,3144.12,851.47,15597.95,79,9,7.5,7,1,1,1,0,0,0,1,1,0,0,-1,0,1,0
111928.73,5.63,1.11,0,144,1,22,0,1,3,19876.74,2462.01,100735.86,54,6,4.5,4,0,0,0,0,1,0,2,0,0,0,-1,0,0,0
19338.47,0.79,0.26,0,407,1,10,0,5,3,24432.72,1204.52,73298.15,243,6,1.5,9,1,1,0,0,0,0,1,2,0,0,-1,0,0,0
1029.68,2.29,0.71,1,191,1,4,0,1,0,449.59,1016.18,1449.07,152,14,0.7,0,0,1,0,0,0,0,1,0,0,0,-1,0,1,0
416.12,0.24,0.05,0,246,1,12,0,0,3,1731.46,1563.94,7840.53,106,16,4.0,10,1,0,1,0,0,0,2,2,0,0,-1,0,2,0
24401.19,12.44,3.23,1,66,0,5,0,4,2,1961.26,1063.6,7556.77,63,6,5.2,9,0,1,0,0,0,0,2,2,0,0,-1,0,1,0
39465.67,20.05,7.93,1,0,0,20,0,5,5,1968.07,260.15,4978.55,12,3,7.5,0,1,0,1,1,1,0,3,3,0,0,-1,0,2,1
1126.28,2.81,1.19,0,38,1,0,0,0,1,400.75,200.44,944.48,180,6,5.7,4,0,0,0,0,0,0,0,0,0,0,-1,0,1,0
20111.14,9.14,1.95,0,64,1,23,0,5,3,2200.62,4635.25,10301.88,15,20,4.7,6,0,1,0,0,0,0,1,0,0,0,-1,0,1,0
58911.71,40.74,15.25,1,0,0,6,0,4,5,1445.96,539.52,3864.29,171,6,2.4,4,1,0,1,0,1,0,3,3,1,0,-1,0,1,1
12112.1,25.27,9.24,1,0,0,9,0,4,0,479.25,670.0,1310.28,97,17,3.8,3,0,1,0,0,0,0,0,4,0,0,-1,0,1,1
956.13,0.77,0.21,1,316,1,1,1,2,0,1247.79,2025.36,4540.7,184,19,6.3,5,1,1,0,0,0,0,2,0,0,0,-1,0,1,0
44877.37,4.18,1.11,0,359,1,7,0,4,3,10735.46,573.93,40389.63,259,17,2.6,6,0,0,0,0,0,0,2,0,0,0,-1,0,2,0
38754.4,16.96,7.82,1,0,0,7,0,8,4,2284.92,649.49,4955.86,202,10,6.6,13,1,0,1,0,1,0,3,4,0,0,-1,0,2,1
56036.02,3.36,1.11,0,559,1,0,0,3,1,16686.06,531.69,50432.42,195,4,6.1,14,0,1,0,0,0,0,1,1,0,0,-1,0,0,0
91030.39,24.3,7.36,0,10,0,7,0,1,2,3745.62,1546.75,12371.78,42,14,0.7,0,0,0,0,0,0,0,1,1,1,4,25,0,3,1
71.75,0.15,0.03,1,56,1,23,0,4,0,463.49,1104.0,2091.25,39,5,7.7,12,0,1,0,0,0,0,0,0,0,0,-1,0,0,0
919.63,2.54,0.83,0,53,1,5,0,2,3,361.51,879.73,1109.37,141,4,7.3,8,0,1,0,0,0,0,2,2,0,0,-1,0,1,0
125.15,0.2,0.04,0,263,1,15,1,3,1,616.01,297.05,2982.23,41,4,0.6,2,1,0,0,0,0,0,1,2,0,0,-1,0,1,0
9266.83,2.37,1.0,1,81,0,19,0,5,2,3906.11,978.79,9259.44,74,5,4.4,0,0,0,0,1,0,0,1,2,0,0,-1,0,1,0
469.05,0.3,0.07,0,159,1,22,0,2,1,1575.01,355.89,6676.36,155,17,1.2,1,0,0,0,0,0,0,1,0,0,0,-1,0,2,0
18238.39,33.23,14.66,1,0,0,16,0,5,0,548.8,254.28,1244.48,224,7,7.4,4,0,0,0,0,0,0,0,2,0,0,-1,0,3,1
271.04,0.84,0.25,1,217,1,19,0,1,3,321.04,880.65,1098.0,87,10,4.5,3,1,0,0,0,0,0,0,0,0,0,-1,0,0,0
490.01,0.73,0.2,0,246,0,21,0,5,2,674.93,512.16,2408.13,89,20,3.2,6,1,0,1,0,0,0,1,2,0,0,-1,0,0,0
24656.43,6.65,1.36,0,82,0,0,0,2,0,3708.96,266.07,18104.75,4,16,7.5,3,1,0,1,0,0,0,1,0,0,0,-1,0,0,0
95079.49,177.03,45.28,0,12,0,6,0,0,0,537.09,1022.88,2099.83,210,11,1.5,14,0,0,0,0,0,0,0,3,1,3,17,0,1,1
191.07,0.34,0.09,0,76,1,21,0,3,0,561.29,1633.42,2117.72,167,11,5.1,2,0,1,0,0,0,0,2,1,0,0,-1,0,2,0
1012.9,3.11,1.04,1,58,1,12,0,3,1,325.21,452.85,977.32,135,6,7.0,0,0,0,0,0,0,0,0,2,0,0,-1,0,2,0
2860.73,0.73,0.24,0,33,0,4,0,2,3,3942.06,152.96,12145.05,160,15,6.4,6,1,1,0,0,0,0,2,1,0,0,-1,0,0,0
629.34,0.33,0.11,0,177,1,3,0,1,0,1917.82,167.75,5713.38,206,2,6.6,3,1,1,0,0,0,0,1,1,0,0,-1,0,0,0
198.93,0.47,0.16,0,293,1,17,0,1,1,421.45,1307.15,1275.79,66,4,3.3,4,0,0,0,0,0,0,2,1,0,0,-1,0,0,0
182.44,0.12,0.03,0,68,1,16,0,1,2,1464.71,501.81,5903.24,25,11,3.5,5,0,1,1,0,0,0,0,0,0,0,-1,0,2,0
418.7,0.6,0.24,1,359,1,19,1,5,3,700.15,388.67,1718.37,113,18,7.6,9,0,0,1,0,0,1,1,0,0,0,-1,0,0,0
267.44,0.24,0.07,0,68,1,11,0,2,3,1130.16,551.36,4071.91,190,11,1.3,12,1,0,0,0,0,0,0,1,0,0,-1,0,2,0
136557.8,13.31,1.11,0,211,1,23,0,1,0,10260.85,180.37,122902.02,245,5,6.4,6,0,1,0,0,0,0,0,0,0,0,-1,0,2,0
46200.54,15.44,6.85,0,11,0,17,0,4,2,2991.53,578.62,6741.83,145,9,4.0,1,0,1,0,0,0,0,1,2,1,4,43,1,2,1
2411.66,4.68,1.41,1,251,1,14,0,2,1,515.52,730.61,1715.41,23,9,6.8,2,1,0,0,0,0,0,0,0,0,0,-1,0,1,0
36968.86,21.29,9.67,1,0,0,14,0,5,0,1736.13,416.02,3821.5,218,9,1.0,4,1,1,0,0,0,1,2,2,0,0,-1,0,1,1
28578.42,10.83,3.76,1,0,0,7,0,6,2,2638.69,169.24,7609.83,131,13,6.6,14,1,0,1,0,0,0,2,1,0,0,-1,0,2,1
369.12,0.29,0.08,0,215,0,23,0,0,1,1280.3,625.46,4737.92,248,5,5.3,2,0,1,0,0,0,0,2,2,0,0,-1,0,0,0
114536.03,16.83,1.11,0,726,1,14,0,0,1,6806.74,537.9,103082.43,295,13,7.6,6,0,1,0,0,0,0,2,1,0,0,-1,0,1,0
70472.84,6.26,1.11,0,264,1,0,0,2,1,11251.97,205.05,63425.56,226,11,6.8,9,1,1,0,0,0,0,2,1,0,0,-1,0,2,0
22509.86,22.74,5.77,0,61,1,17,0,4,3,989.97,284.58,3898.81,44,11,1.5,14,0,1,0,0,0,0,2,0,0,0,-1,0,0,0
25814.01,19.26,6.11,0,60,0,16,0,0,1,1339.96,553.26,4227.34,6,16,4.1,2,0,0,1,0,0,1,2,0,0,0,-1,0,1,0
241.83,0.24,0.05,0,273,1,18,0,5,1,999.57,1698.35,4959.32,48,18,3.1,2,0,0,0,0,0,0,1,2,0,0,-1,0,2,0
44786.53,19.35,5.04,0,6,0,15,0,0,0,2314.23,684.4,8889.2,248,20,3.2,13,0,1,0,0,0,1,1,3,1,3,15,0,6,1
474.85,0.48,0.11,0,346,1,23,0,0,3,994.71,1709.74,4423.59,76,6,3.8,1,0,0,0,0,0,1,0,2,0,0,-1,0,1,0
1501.2,1.27,0.45,0,132,1,7,0,3,3,1178.72,787.26,3325.97,47,18,4.3,3,1,1,0,0,0,0,2,0,0,0,-1,0,0,0
8129.28,7.06,2.95,1,0,0,20,0,5,4,1151.53,1290.67,2757.63,38,14,5.6,14,1,0,1,1,0,0,2,3,0,0,-1,0,0,1
140453.43,20.01,1.11,0,677,1,3,1,2,2,7018.72,1058.34,126408.09,196,15,5.5,12,0,1,0,0,0,0,1,0,0,0,-1,0,1,0
318.2,0.3,0.06,0,326,0,3,0,4,2,1056.39,151.72,5145.17,68,2,6.2,6,0,1,1,0,0,0,0,1,0,0,-1,0,0,0
95918.21,4.08,1.11,0,171,1,22,0,1,2,23523.49,730.65,86326.39,80,11,2.2,8,1,1,0,0,0,0,1,0,0,0,-1,0,2,0
305.01,0.19,0.06,0,301,1,14,0,3,2,1625.78,1542.14,4913.0,156,11,1.2,8,0,0,0,0,1,0,1,1,0,0,-1,0,2,0
1127.16,0.74,0.18,0,154,1,17,0,5,2,1522.62,582.94,6319.26,162,19,2.7,8,0,0,0,0,0,0,2,2,0,0,-1,0,2,0
2249.2,1.49,0.37,0,187,1,10,0,0,2,1508.14,1146.2,6136.93,96,3,3.8,2,1,0,0,0,0,0,2,0,0,0,-1,0,0,0
531.75,0.67,0.14,0,72,1,14,0,5,0,798.39,361.28,3919.07,229,16,1.2,6,0,1,0,0,0,0,0,1,0,0,-1,0,0,0
1588.08,1.08,0.54,0,59,1,8,0,0,2,1466.88,358.85,2967.77,175,10,0.6,12,0,0,0,0,0,0,2,1,0,0,-1,0,0,0
8570.9,3.79,1.82,0,82,1,3,0,5,0,2259.21,2142.77,4722.09,124,12,4.1,9,1,0,0,0,0,0,1,2,0,0,-1,0,0,0
54921.05,20.98,7.12,1,0,0,17,0,5,3,2617.5,222.17,7715.26,238,9,5.2,11,1,0,1,1,1,0,3,1,0,0,-1,0,0,1
687.46,1.26,0.27,0,287,1,3,0,4,3,546.14,645.89,2574.82,31,10,6.3,14,0,1,0,0,0,0,0,0,0,0,-1,0,1,0
68377.68,7.51,1.11,0,394,1,6,0,0,3,9098.83,1602.24,61539.91,239,9,4.3,4,0,1,0,0,0,0,0,0,0,0,-1,0,2,0
1268.11,1.06,0.35,1,340,1,18,0,5,0,1194.59,330.35,3573.43,136,10,7.8,10,0,0,0,0,0,0,2,1,0,0,-1,0,1,0
21924.14,12.88,4.7,0,50,1,9,0,0,1,1702.79,616.37,4668.98,56,9,3.7,14,1,0,0,0,0,0,0,0,0,0,-1,0,0,0
122317.67,17.08,1.11,0,371,1,6,0,4,0,7162.01,431.12,110085.9,82,5,7.7,9,0,1,0,0,0,0,1,0,0,0,-1,0,0,0
19783.83,4.03,0.88,0,69,0,8,0,2,1,4912.18,2378.97,22540.51,120,12,2.6,13,1,0,0,0,0,1,0,2,0,0,-1,0,0,0
476.39,0.3,0.09,0,215,1,20,0,3,3,1600.47,630.95,5306.41,156,4,5.0,3,0,1,0,0,0,0,2,0,0,0,-1,0,0,0
4108.92,1.25,0.45,0,42,1,3,0,1,0,3286.07,397.12,9160.57,132,7,4.0,4,0,1,0,0,0,0,2,1,0,0,-1,0,0,0
78.94,0.26,0.06,1,263,0,23,0,4,2,307.36,609.17,1283.55,221,18,6.4,9,0,1,0,0,0,1,0,2,0,0,-1,0,1,0
262.93,0.14,0.05,0,314,1,12,0,4,2,1928.77,507.63,5321.83,55,17,3.8,7,1,1,0,0,0,0,1,0,0,0,-1,0,1,0
97443.08,6.6,1.11,0,586,1,6,1,2,3,14762.24,847.69,87698.77,147,18,7.8,8,0,1,0,0,0,0,2,0,0,0,-1,0,1,0
39739.49,15.61,7.74,1,0,0,0,0,4,5,2545.0,581.88,5131.83,168,20,1.7,10,1,0,1,0,1,0,4,4,0,0,-1,0,0,1
107501.55,5.44,1.11,0,640,1,18,0,2,0,19757.0,2421.71,96751.4,63,10,5.2,3,0,1,0,0,0,0,0,0,0,0,-1,0,0,0
104.69,0.32,0.13,1,167,1,10,0,3,1,325.63,412.66,789.93,226,18,7.0,4,0,0,0,0,0,1,0,2,0,0,-1,0,0,0
855.97,1.21,0.31,0,135,1,10,0,5,1,710.03,1968.95,2722.7,188,20,6.3,13,0,1,0,0,0,0,1,2,0,0,-1,0,0,0
34186.77,17.39,6.9,1,0,0,23,1,7,4,1966.3,909.73,4958.1,75,17,2.3,7,1,0,1,1,0,0,2,2,0,0,-1,0,2,1
222.34,0.11,0.03,0,261,1,20,1,4,2,1989.99,974.67,7421.31,81,17,6.9,11,0,0,1,0,0,0,1,2,0,0,-1,0,1,0
38069.49,14.68,5.47,1,0,0,2,0,5,3,2593.98,1030.52,6958.24,196,12,4.2,5,1,0,1,1,0,0,3,1,0,0,-1,0,0,1
70533.25,3.1,1.03,0,687,1,7,0,3,2,22731.94,740.02,68195.83,109,8,2.2,5,0,0,0,0,0,0,1,1,0,0,-1,0,1,0
156.85,0.08,0.02,1,39,1,19,0,2,2,1881.37,794.31,8780.32,102,15,4.8,4,0,0,0,0,0,0,1,1,0,0,-1,0,1,0
266.88,0.63,0.14,0,184,0,20,0,2,2,425.83,752.18,1955.25,244,14,7.1,12,0,1,0,0,0,0,0,0,0,0,-1,0,0,0
2312.35,2.05,0.57,0,125,1,3,0,3,0,1129.51,2165.52,4092.27,107,6,1.1,12,0,1,0,0,0,0,2,2,0,0,-1,0,1,0
334.4,0.26,0.12,0,249,0,3,0,5,3,1280.33,342.67,2768.64,198,19,7.7,13,1,1,0,0,0,0,1,1,0,0,-1,0,2,0
251.17,0.29,0.09,0,295,1,19,0,5,2,879.52,995.34,2735.46,72,11,7.4,5,0,0,0,0,0,0,2,0,0,0,-1,0,2,0
78066.94,41.67,21.04,1,0,0,9,0,4,1,1873.43,618.91,3709.77,249,5,1.8,10,0,1,1,0,0,0,1,3,0,0,-1,0,2,1
28596.43,21.19,8.76,0,84,0,0,0,4,0,1349.34,1545.35,3265.24,91,15,7.5,1,1,1,0,0,0,1,0,1,0,0,-1,0,1,0
7595.34,4.69,1.06,0,32,1,2,0,5,3,1618.22,229.11,7132.83,134,8,3.8,13,0,1,1,0,0,0,0,1,0,0,-1,0,0,0
9701.57,4.32,1.49,0,37,0,2,0,5,1,2245.41,536.31,6526.25,101,3,2.1,14,0,0,0,0,1,0,2,2,0,0,-1,0,1,0
78671.16,48.88,25.86,1,0,0,6,0,1,2,1609.39,286.54,3041.89,178,3,7.3,3,0,0,0,0,0,0,1,1,0,0,-1,0,1,1
17750.64,1.06,0.35,0,65,1,14,0,2,2,16667.45,1031.68,50002.35,220,6,4.3,7,0,1,0,0,0,0,0,1,0,0,-1,0,1,0
19139.03,14.19,3.02,0,19,0,1,0,5,0,1349.03,578.84,6342.66,52,18,1.5,4,0,0,0,0,0,0,0,1,0,0,-1,0,0,0
27345.66,11.73,5.03,1,0,0,2,0,6,5,2331.43,2977.25,5440.2,187,7,5.1,3,1,0,1,1,0,0,3,4,0,0,-1,0,2,1
77422.59,3.24,1.08,0,284,1,19,0,1,0,23860.84,251.25,71582.52,71,14,1.4,7,1,1,0,0,0,0,0,2,0,0,-1,0,2,0
356.18,0.23,0.09,0,16,1,9,0,1,0,1555.01,188.8,3838.7,42,19,3.5,2,0,0,0,0,0,0,0,1,0,0,-1,0,0,0
795.32,0.43,0.18,0,353,1,12,0,0,0,1857.62,502.99,4301.71,207,19,1.6,1,1,0,0,0,0,0,1,2,0,0,-1,0,1,0
1159.85,0.7,0.22,0,166,1,15,0,2,2,1661.67,186.81,5382.92,74,2,6.9,9,0,1,0,0,0,0,2,1,0,0,-1,0,2,0
111787.6,4.7,1.11,0,433,1,17,1,2,3,23771.44,876.58,100608.84,47,8,3.0,14,0,0,0,0,0,0,0,0,0,0,-1,0,2,0
7837.31,7.21,1.92,0,9,1,2,0,2,3,1086.64,784.73,4084.98,76,3,5.2,2,0,1,0,0,0,0,0,2,0,0,-1,0,1,0
25264.49,1.41,0.47,0,550,1,18,0,1,2,17898.98,697.65,53696.93,65,3,3.2,3,1,0,0,0,0,0,0,2,0,0,-1,0,0,0
856.98,0.59,0.14,0,34,1,22,0,2,1,1459.08,733.31,6147.98,91,2,5.7,13,0,1,0,0,0,0,2,1,0,0,-1,0,1,0
177.99,0.11,0.06,1,209,1,13,0,1,2,1558.25,1350.05,3223.91,24,4,3.7,0,0,0,0,0,0,0,2,0,0,0,-1,0,1,0
15735.58,4.08,0.82,0,84,0,1,0,2,0,3852.46,733.68,19138.75,188,11,0.5,1,1,1,0,0,0,0,1,1,0,0,-1,0,1,0
136996.5,7.18,1.11,0,248,1,23,0,3,0,19078.42,502.51,123296.85,56,18,2.8,0,1,1,0,0,0,0,2,2,0,0,-1,0,1,0
73569.74,6.78,1.11,0,595,1,20,0,0,1,10858.57,591.32,66212.77,239,19,2.9,8,0,1,0,0,0,0,2,1,0,0,-1,0,0,0
584.89,1.12,0.5,0,251,1,12,0,5,3,520.43,194.53,1176.61,110,2,3.8,0,0,0,0,0,0,0,1,1,0,0,-1,0,0,0
881.19,0.45,0.1,0,128,1,11,0,4,1,1963.68,449.23,8816.18,226,10,4.3,12,0,1,0,0,0,0,2,1,0,0,-1,0,1,0
144.91,0.13,0.06,0,130,0,17,0,4,0,1103.75,392.55,2374.98,142,4,6.0,12,0,1,0,0,0,0,1,2,0,0,-1,0,2,0
24821.12,22.0,5.35,0,81,0,15,0,4,3,1128.22,185.47,4642.63,212,13,7.4,11,1,1,0,0,1,0,2,2,0,0,-1,0,0,0
297.67,0.26,0.08,0,34,1,20,0,3,2,1133.77,148.8,3707.73,72,16,3.9,6,0,1,0,0,0,0,2,2,0,0,-1,0,1,0
18098.2,16.37,6.48,1,0,0,11,0,4,2,1105.8,1037.35,2793.18,94,20,7.3,3,0,0,1,0,0,0,2,1,0,0,-1,0,3,1
64552.32,122.03,47.09,0,10,0,15,0,2,2,529.0,315.78,1370.89,195,12,5.2,7,1,1,0,0,0,0,0,0,1,3,27,0,2,1
5893.05,1.69,0.45,0,6,0,10,0,0,0,3479.48,986.77,13195.91,225,18,7.4,5,0,0,0,0,0,0,2,3,1,3,7,1,1,1
459.43,0.37,0.12,0,227,0,10,0,3,0,1230.04,3403.78,3933.95,111,4,3.3,12,0,0,0,0,0,0,0,0,0,0,-1,0,1,0
461.32,0.48,0.15,0,10,1,13,0,2,2,956.25,478.98,3149.15,53,5,7.4,5,0,1,0,0,0,0,1,0,0,0,-1,0,1,0
854.76,0.72,0.29,0,274,1,17,0,1,2,1182.12,329.3,2999.03,164,10,7.0,13,1,0,0,0,0,0,0,2,0,0,-1,0,2,0
2736.62,1.65,0.68,0,39,1,11,1,3,1,1660.25,857.02,4019.39,39,16,1.0,9,0,0,0,0,0,0,2,2,0,0,-1,0,0,0
896.62,1.08,0.31,0,357,0,13,0,0,1,829.75,538.39,2920.85,162,7,7.4,10,1,1,0,0,0,0,0,2,0,0,-1,0,1,0
36289.59,2.47,0.82,0,625,1,6,0,2,3,14696.42,919.33,44089.26,176,3,1.4,2,1,1,1,0,0,0,0,1,0,0,-1,0,2,0
49160.04,34.47,13.84,1,0,0,15,0,2,1,1426.05,221.29,3552.57,144,20,3.2,5,0,0,1,0,0,0,1,2,0,0,-1,0,3,1
766.82,1.55,0.38,0,182,1,20,0,0,1,495.08,1393.8,2038.22,27,15,5.8,9,0,1,1,0,0,0,1,1,0,0,-1,0,1,0
22094.17,1.23,0.41,0,461,1,21,0,2,0,17911.98,1181.15,53735.94,256,14,1.0,1,0,0,0,0,0,0,2,2,0,0,-1,0,2,0
34227.11,16.43,5.74,1,0,0,4,0,8,5,2083.51,627.6,5968.0,35,7,5.4,9,1,0,1,1,1,1,5,4,0,0,-1,0,2,1
134.86,0.43,0.17,0,338,1,18,0,0,0,310.79,560.86,788.87,196,15,1.8,5,0,1,0,0,0,0,2,2,0,0,-1,0,0,0
24415.86,9.31,2.27,1,41,0,3,0,2,0,2623.63,909.1,10750.64,201,8,4.8,14,0,1,0,0,0,0,1,0,0,0,-1,0,0,0
835.16,0.79,0.39,0,218,0,11,0,1,0,1055.14,245.58,2123.37,15,2,2.4,7,0,1,0,0,0,0,2,1,0,0,-1,0,0,0
167.73,0.1,0.03,0,361,0,0,0,1,0,1706.69,225.35,5246.2,4,2,5.5,6,1,1,0,0,0,0,0,2,0,0,-1,0,0,0
79873.72,25.57,12.32,1,13,0,11,0,5,2,3123.73,676.36,6485.37,243,6,2.1,14,1,0,0,0,0,0,0,0,1,3,6,1,1,1
1227.48,0.85,0.33,0,64,0,14,1,1,2,1450.73,445.96,3724.45,14,5,3.7,4,0,0,0,0,0,0,0,0,0,0,-1,0,1,0
991.8,0.54,0.14,1,349,0,16,0,0,2,1851.64,1146.32,7272.16,145,15,6.5,4,0,1,1,0,0,0,2,0,0,0,-1,0,0,0
6536.18,3.91,1.54,0,84,0,23,0,3,1,1671.03,606.74,4234.5,189,8,5.4,6,1,1,0,0,0,0,1,2,0,0,-1,0,1,0
1535.9,0.98,0.35,0,207,1,23,0,2,1,1570.19,435.62,4403.96,59,14,3.4,10,0,1,0,0,0,0,0,1,0,0,-1,0,1,0
310.81,0.34,0.08,0,216,1,10,0,5,2,921.35,1663.43,3905.83,74,2,2.4,10,1,1,0,0,0,0,0,1,0,0,-1,0,0,0
218.77,0.23,0.06,0,184,1,22,0,3,1,966.04,2327.25,3541.85,47,2,6.0,4,1,1,0,0,0,0,0,2,0,0,-1,0,2,0
126441.71,7.4,1.11,0,318,1,14,0,1,2,17085.32,2166.79,113797.54,203,5,3.4,14,0,1,1,0,0,0,0,2,0,0,-1,0,2,0
25757.14,5.56,1.64,0,54,0,10,0,0,0,4634.93,1094.3,15685.86,27,4,3.7,8,0,0,0,0,0,0,0,0,0,0,-1,0,1,0
62825.71,51.16,21.57,1,0,0,10,0,4,0,1228.13,394.0,2912.27,3,19,2.7,8,0,1,0,0,0,0,1,3,0,0,-1,0,0,1
289.44,0.19,0.04,0,6,1,13,0,0,3,1510.13,459.76,6485.16,55,20,4.6,12,1,0,0,0,0,0,2,2,0,0,-1,0,0,0
406.07,0.22,0.07,0,253,1,13,0,2,1,1829.62,248.1,5888.24,109,16,3.8,0,0,1,0,0,0,0,2,2,0,0,-1,0,0,0
334.9,0.39,0.1,1,138,0,22,0,2,2,853.56,631.14,3305.42,125,7,4.4,9,0,0,0,0,0,0,2,1,0,0,-1,0,1,0
20115.06,15.52,4.26,0,85,1,22,0,2,0,1296.45,253.02,4723.0,103,18,4.6,0,0,0,0,0,1,0,2,2,0,0,-1,0,0,0
818.8,0.92,0.36,0,8,1,20,0,4,3,893.19,990.69,2279.13,235,7,6.5,0,1,1,0,0,0,0,0,2,0,0,-1,0,1,0
98749.93,49.86,23.34,1,0,0,22,0,3,2,1980.39,707.64,4230.6,123,10,4.4,13,1,0,0,0,0,0,1,3,1,2,21,1,5,1
346.03,0.41,0.15,0,182,1,16,0,1,1,835.98,309.9,2273.63,86,8,6.7,8,0,1,0,0,0,0,0,2,0,0,-1,0,1,0
225.87,0.35,0.16,0,85,1,19,0,0,2,645.69,705.57,1399.85,192,20,3.8,9,0,0,0,0,1,0,0,1,0,0,-1,0,0,0
48687.74,53.49,17.94,1,0,0,7,0,7,5,910.17,365.42,2713.6,170,11,2.7,6,1,0,1,0,0,0,5,5,0,0,-1,0,0,1
19029.05,7.88,3.57,0,9,0,20,0,5,2,2414.99,1383.35,5334.17,141,14,1.9,5,0,0,0,0,0,0,1,2,1,4,33,1,4,1
217.44,0.12,0.04,0,173,0,1,0,4,1,1863.33,1194.38,4896.62,37,14,5.3,14,0,1,0,0,0,0,2,0,0,0,-1,0,0,0
1746.75,0.93,0.27,0,193,0,23,0,4,1,1876.64,513.17,6492.28,209,4,4.2,3,0,1,0,0,0,0,0,0,0,0,-1,0,1,0
1564.57,0.88,0.27,1,216,1,2,0,2,1,1771.34,149.86,5828.07,73,20,4.6,5,1,1,0,0,0,0,2,0,0,0,-1,0,2,0
310.69,0.82,0.21,1,233,0,6,0,5,3,379.83,318.97,1474.34,67,6,1.7,12,0,1,1,0,0,0,1,1,0,0,-1,0,0,0
667.87,0.67,0.16,0,53,0,12,0,5,0,1000.43,1402.94,4193.25,160,19,1.9,2,1,0,0,0,0,0,0,2,0,0,-1,0,1,0
33389.28,27.98,14.2,1,0,0,11,0,1,2,1193.32,253.71,2350.76,12,11,0.9,3,0,0,0,0,0,0,0,2,0,0,-1,0,1,1
15707.6,11.2,5.5,0,6,0,3,0,4,1,1402.2,368.29,2856.6,246,3,0.9,4,0,0,0,0,0,1,1,2,1,2,31,1,4,1
274.18,0.18,0.04,1,296,1,6,0,4,0,1487.79,446.88,7355.73,107,5,6.8,6,0,0,0,0,0,0,0,2,0,0,-1,0,1,0
78858.4,36.08,18.8,1,0,0,15,0,4,0,2185.81,1474.65,4195.36,121,10,5.6,11,0,0,1,0,0,0,2,1,1,0,-1,0,0,1
14160.65,11.88,2.53,1,30,0,15,0,2,3,1192.21,302.54,5596.89,158,19,7.3,14,0,0,0,0,0,1,0,1,0,0,-1,0,1,0
78032.77,23.99,7.56,0,0,0,11,0,0,1,3253.03,832.1,10325.2,197,9,2.1,3,0,1,0,0,0,0,2,0,1,3,33,1,5,1
22418.09,7.9,3.67,1,0,0,22,0,5,2,2839.17,905.4,6113.95,166,9,2.2,7,1,0,1,0,0,0,5,5,0,0,-1,0,0,1
3504.04,1.55,0.55,0,90,0,0,0,1,2,2258.83,1109.85,6420.78,97,17,1.0,10,1,1,0,0,0,0,2,1,0,0,-1,0,1,0
23274.91,9.23,1.87,0,23,0,3,0,3,2,2522.68,509.46,12455.79,51,16,0.8,2,1,1,0,0,0,0,2,0,0,0,-1,0,0,0
654.46,0.86,0.3,0,219,1,1,0,1,1,757.72,1993.16,2153.18,160,8,1.2,0,1,1,0,0,0,0,1,1,0,0,-1,0,1,0
1421.82,1.23,0.59,0,245,1,21,0,4,3,1152.05,1690.26,2392.7,190,11,5.0,8,1,1,0,0,0,1,2,2,0,0,-1,0,1,0
11570.98,2.84,0.92,0,23,0,12,1,2,3,4069.4,854.4,12555.79,55,2,3.4,5,1,0,0,0,0,0,1,0,0,0,-1,0,0,0
94.32,0.09,0.02,0,256,1,16,0,2,2,1060.66,307.76,4570.67,246,10,0.9,10,1,1,0,0,0,0,0,0,0,0,-1,0,0,0
3011.83,0.67,0.17,1,86,0,1,0,3,2,4511.85,821.76,17579.78,74,13,2.5,2,1,1,0,0,0,0,2,1,0,0,-1,0,0,0
21185.61,5.83,1.68,0,8,0,5,0,4,0,3634.66,1511.35,12597.99,134,18,4.0,2,0,1,0,0,1,0,2,3,1,3,49,1,4,1
90885.48,3.83,1.11,0,693,1,2,0,5,0,23713.4,477.98,81796.93,125,11,6.7,4,0,1,0,0,0,1,0,1,0,0,-1,0,0,0
8855.38,2.85,0.82,0,18,0,21,0,3,1,3109.76,1324.8,10816.79,20,15,1.5,12,1,1,0,0,0,0,0,0,0,0,-1,0,0,0
461.17,0.66,0.19,0,210,0,8,1,1,3,698.54,190.8,2425.1,110,6,5.4,8,0,1,0,0,0,0,1,2,0,0,-1,0,1,0
36272.93,12.64,3.59,0,9,0,20,0,4,2,2869.12,713.25,10095.97,29,15,2.1,8,0,0,0,0,0,0,2,0,1,3,1,0,5,1
55668.12,19.37,7.05,1,0,0,8,0,8,2,2873.69,705.15,7894.4,18,14,5.0,14,1,0,1,1,0,0,3,3,0,0,-1,0,0,1
20608.57,33.43,14.57,1,0,0,21,0,6,3,616.51,1276.48,1414.8,215,17,3.5,6,1,0,1,0,0,0,4,5,0,0,-1,0,1,1
118.52,0.18,0.04,0,62,1,0,0,0,0,656.01,394.04,2950.73,75,7,7.4,3,1,0,0,0,0,0,1,2,0,0,-1,0,1,0
19741.37,22.29,10.3,1,0,0,6,0,2,3,885.8,170.79,1915.97,86,16,0.8,5,1,1,0,0,0,0,1,4,0,0,-1,0,0,1
620.04,0.37,0.14,0,124,1,12,0,4,3,1695.27,802.47,4430.96,20,15,0.7,13,0,0,0,0,0,0,2,0,0,0,-1,0,2,0
808.96,0.48,0.13,0,317,1,18,0,4,2,1678.19,1349.31,6316.34,196,3,6.2,7,0,1,0,0,0,0,0,1,0,0,-1,0,0,0
361.01,0.75,0.26,0,299,1,4,0,2,2,480.8,871.93,1399.58,83,19,4.9,11,0,0,0,0,0,0,0,2,0,0,-1,0,2,0
847.6,0.52,0.12,0,293,1,2,0,2,1,1626.9,650.77,7042.53,96,20,3.4,9,0,0,0,0,1,0,1,2,0,0,-1,0,0,0
649.9,1.41,0.48,1,206,1,21,0,3,0,462.07,322.17,1344.89,179,4,3.4,8,0,0,0,0,0,0,2,1,0,0,-1,0,2,0
259.35,0.22,0.08,0,190,1,20,0,2,1,1184.58,143.68,3080.61,76,18,2.1,12,0,1,0,0,0,0,2,2,0,0,-1,0,2,0
1977.99,1.07,0.51,0,295,1,18,0,1,0,1853.77,917.02,3864.4,64,10,4.5,12,0,0,0,0,0,0,0,0,0,0,-1,0,1,0
157.67,0.08,0.02,0,218,1,3,0,3,0,1916.6,917.83,7911.76,217,5,6.8,13,0,0,0,0,0,0,0,1,0,0,-1,0,1,0
404.23,0.61,0.25,1,212,1,22,0,5,2,665.84,1117.63,1587.69,119,18,6.5,9,0,1,0,0,0,0,2,1,0,0,-1,0,0,0
630.27,0.37,0.1,0,75,1,23,0,0,2,1723.11,182.27,6147.63,165,16,6.7,5,0,0,0,0,0,0,1,2,0,0,-1,0,0,0
184.17,0.18,0.07,0,224,1,16,0,1,0,1002.46,420.6,2825.99,43,7,7.8,2,0,0,0,0,0,0,1,2,0,0,-1,0,2,0
135995.39,12.3,1.11,0,491,1,10,0,5,2,11060.31,583.14,122395.85,204,13,6.3,2,0,1,0,0,0,0,1,2,0,0,-1,0,0,0
3106.94,0.83,0.18,0,31,0,1,0,1,0,3745.48,301.39,17422.24,52,5,2.9,5,0,0,1,0,0,0,1,1,0,0,-1,0,1,0
16582.7,0.86,0.29,0,590,1,14,0,1,2,19371.52,1062.09,58114.57,212,6,0.9,9,0,1,0,0,0,0,0,2,0,0,-1,0,0,0
30635.31,30.56,9.5,0,0,0,7,0,3,0,1002.44,270.96,3225.68,194,3,6.9,14,0,1,0,0,0,0,2,0,1,3,50,1,3,1
2632.79,2.12,0.98,0,75,0,8,0,0,0,1240.49,966.55,2678.02,99,6,3.1,10,0,1,1,0,0,0,1,1,0,0,-1,0,0,0
400.87,0.21,0.05,0,226,1,10,0,2,1,1873.34,157.77,8349.09,187,11,7.8,4,0,1,0,0,0,0,0,2,0,0,-1,0,2,0
335.57,0.2,0.04,0,235,1,7,0,4,2,1660.14,522.13,7750.24,102,4,2.0,6,1,1,0,0,0,0,0,0,0,0,-1,0,1,0
3930.79,1.66,0.66,0,83,0,17,0,1,0,2373.91,356.35,5939.54,186,9,1.4,13,1,0,1,0,0,0,0,1,0,0,-1,0,1,0
21632.59,1.29,0.43,0,321,1,0,0,4,1,16818.16,287.57,50454.47,232,10,5.8,14,0,1,0,0,0,0,0,0,0,0,-1,0,0,0
654.24,0.36,0.09,0,179,1,21,0,2,2,1810.72,621.31,7038.84,130,4,6.0,7,1,0,0,0,0,0,0,0,0,0,-1,0,0,0
113874.44,4.91,1.11,0,455,1,12,0,2,2,23191.64,603.03,102487.0,84,2,1.0,14,1,1,0,0,0,0,0,2,0,0,-1,0,1,0
6353.65,3.12,1.1,1,0,0,9,0,7,3,2034.96,169.13,5779.21,19,18,0.6,14,1,0,1,0,1,0,3,5,0,0,-1,0,2,1
313.87,0.52,0.13,0,77,0,9,0,0,1,602.23,529.89,2404.63,165,10,6.8,10,1,1,0,0,0,0,0,0,0,0,-1,0,1,0
341.36,0.22,0.08,0,364,1,9,0,0,2,1549.6,182.4,4252.87,66,5,3.2,8,1,1,0,0,0,0,0,1,0,0,-1,0,2,0
947.05,0.81,0.2,0,263,1,5,0,4,2,1169.81,1111.0,4774.49,152,20,5.6,4,0,1,0,0,1,0,1,0,0,0,-1,0,0,0
9178.41,2.18,0.63,1,71,1,11,0,2,0,4202.89,1967.25,14636.54,63,12,5.6,9,1,1,0,0,0,0,1,2,0,0,-1,0,1,0
116592.36,5.0,1.11,0,328,1,19,0,1,1,23313.57,427.69,104933.12,94,11,7.8,6,0,1,0,0,0,0,1,1,0,0,-1,0,2,0
259.09,0.15,0.05,0,158,0,21,0,2,1,1766.38,681.83,5645.49,214,20,1.3,9,0,1,0,0,0,0,2,2,0,0,-1,0,0,0
969.41,0.85,0.19,1,226,0,4,0,1,0,1142.79,2312.65,5066.6,170,17,6.2,2,0,1,0,0,0,1,1,0,0,0,-1,0,0,0
11586.66,6.18,1.28,0,1,0,3,0,5,3,1873.47,265.9,9059.77,178,10,1.4,14,0,0,1,0,0,0,0,1,0,0,-1,0,1,0
167.67,0.29,0.08,1,290,1,16,0,2,0,574.03,252.77,2174.02,124,6,1.9,13,1,0,1,0,0,0,0,1,0,0,-1,0,2,0
67847.75,37.82,18.51,1,0,0,15,0,2,3,1793.74,1505.84,3665.63,228,15,2.9,12,1,1,0,0,0,0,2,2,0,0,-1,0,1,1
13688.92,15.63,3.91,0,55,1,23,0,1,3,875.62,326.37,3504.5,94,19,6.4,3,0,0,0,0,0,0,0,2,0,0,-1,0,1,0
321.49,0.3,0.09,0,198,1,8,0,4,0,1062.09,907.01,3464.03,5,4,1.2,13,0,1,0,0,0,0,2,0,0,0,-1,0,1,0
377.25,0.34,0.08,0,193,1,21,0,3,1,1097.38,3754.51,4564.74,232,17,5.8,9,0,1,0,0,0,0,2,2,0,0,-1,0,0,0
21860.79,8.74,2.07,0,26,1,22,0,5,2,2499.85,548.84,10571.66,54,18,1.0,8,1,0,0,0,0,0,2,2,0,0,-1,0,1,0
15377.32,3.26,0.8,0,20,0,18,0,1,0,4723.76,1421.17,19223.82,130,18,6.2,4,1,1,1,0,0,0,0,0,0,0,-1,0,1,0
21091.26,14.95,3.48,0,39,0,10,0,4,2,1410.7,736.92,6067.35,114,20,7.2,12,1,1,0,1,0,1,1,1,0,0,-1,0,0,0
3210.44,2.9,0.86,0,69,1,22,0,1,0,1106.43,480.77,3732.06,211,18,7.2,5,0,0,0,0,0,0,1,0,0,0,-1,0,1,0
697.79,0.79,0.19,0,143,1,13,1,1,3,886.29,760.13,3725.91,124,3,7.7,13,0,0,0,0,0,0,2,0,0,0,-1,0,0,0
103363.71,6.36,1.11,0,563,1,18,0,2,2,16247.88,1018.45,93027.34,118,9,7.6,7,0,0,0,0,0,0,2,2,0,0,-1,0,1,0
347.22,0.22,0.05,0,155,1,15,1,5,0,1563.37,763.5,6689.22,76,8,6.9,5,0,1,0,0,0,0,2,2,0,0,-1,0,2,0
120654.07,10.58,1.11,0,551,1,2,0,0,1,11400.44,602.99,108588.66,144,9,3.1,4,0,0,0,0,0,0,1,2,0,0,-1,0,2,0
21150.87,14.73,3.64,0,14,1,5,0,0,2,1435.95,591.7,5805.99,58,11,1.1,0,0,0,0,0,0,1,1,0,0,0,-1,0,0,0
19014.21,11.71,2.97,0,30,1,23,0,1,0,1623.4,236.5,6407.11,235,2,0.5,5,0,1,1,0,0,0,0,0,0,0,-1,0,0,0
785.51,0.77,0.19,0,339,1,20,0,0,1,1015.64,2457.48,4038.37,127,19,5.2,0,0,1,0,0,0,0,2,1,0,0,-1,0,2,0
451.82,0.26,0.11,1,353,1,4,0,4,2,1723.77,445.44,3988.73,191,14,6.5,9,1,1,0,0,0,0,2,0,0,0,-1,0,1,0
5736.99,1.21,0.51,0,80,0,9,0,5,1,4745.89,225.33,11208.28,195,8,6.4,5,0,0,1,0,0,0,1,1,0,0,-1,0,0,0
144766.36,6.16,1.11,0,716,1,14,0,1,2,23513.31,979.61,130289.72,171,11,1.9,1,0,1,0,0,0,0,0,0,0,0,-1,0,0,0
330.31,0.27,0.06,0,112,1,23,0,1,2,1207.7,1490.87,5498.7,83,15,1.4,13,1,0,0,0,0,0,2,1,0,0,-1,0,0,0
142348.01,6.04,1.11,0,473,1,6,0,4,3,23576.81,786.81,128113.21,188,11,3.0,14,0,0,0,0,0,0,1,2,0,0,-1,0,0,0
724.43,0.39,0.08,1,321,1,11,0,2,0,1858.36,537.81,8764.8,198,20,2.3,7,0,0,0,0,0,0,0,1,0,0,-1,0,1,0
6973.89,4.01,1.94,1,0,0,19,0,3,3,1738.15,376.22,3600.04,36,3,4.5,12,1,0,1,1,1,0,5,1,1,0,-1,0,2,1
312.43,0.37,0.09,0,210,1,18,0,3,0,840.17,538.04,3589.5,92,19,1.1,12,0,0,0,0,0,0,1,0,0,0,-1,0,1,0
114843.87,7.65,1.11,0,383,1,21,0,3,0,15005.46,732.96,103359.48,96,14,2.4,4,0,1,0,0,0,0,1,2,0,0,-1,0,1,0
37368.79,3.49,1.11,0,529,1,6,0,5,0,10716.42,1237.18,33631.91,165,2,0.6,13,0,1,0,0,0,0,1,0,0,0,-1,0,2,0
34518.97,18.29,8.53,1,0,0,0,0,6,4,1887.47,362.33,4045.59,240,15,2.3,3,1,0,1,0,0,0,2,3,0,0,-1,0,2,1
412.76,0.24,0.08,0,41,1,5,0,3,1,1709.65,1019.29,5501.62,227,2,4.0,5,0,1,1,0,0,0,0,0,0,0,-1,0,2,0
18920.17,21.34,4.76,0,2,1,7,0,3,3,886.75,185.73,3976.76,122,17,7.0,3,0,0,0,0,0,0,0,1,0,0,-1,0,1,0
8923.79,2.28,0.53,0,75,0,9,0,2,1,3913.67,952.33,16869.25,152,17,1.3,10,0,1,0,0,0,1,2,0,0,0,-1,0,1,0
31856.7,33.94,11.63,1,0,0,21,0,5,2,938.51,178.97,2738.64,127,17,2.0,8,1,0,1,1,0,0,2,2,0,0,-1,0,1,1
13373.78,0.83,0.28,0,104,1,16,1,4,1,16193.86,1456.79,48581.59,80,14,5.3,2,0,1,0,0,0,0,0,1,0,0,-1,0,0,0
95283.41,68.57,18.74,0,12,0,10,0,5,0,1389.64,1163.85,5084.86,105,16,4.8,8,0,1,0,0,0,0,1,1,1,3,11,1,5,1
79638.0,4.13,1.11,0,664,1,0,0,4,2,19301.5,658.76,71674.2,168,3,3.1,14,0,1,0,0,0,1,1,0,0,0,-1,0,0,0
141848.34,9.55,1.11,0,433,1,10,1,4,2,14852.58,254.8,127663.51,274,9,5.6,11,0,1,0,0,0,0,1,0,0,0,-1,0,1,0
75375.82,22.09,7.02,0,12,0,11,0,0,2,3412.18,371.88,10736.15,213,16,7.0,12,0,1,0,0,0,0,1,2,1,4,26,1,4,1
662.26,0.9,0.44,0,8,1,11,0,5,3,738.27,151.47,1488.65,208,17,6.4,6,0,1,0,0,0,0,1,0,0,0,-1,0,0,0
6310.11,6.34,1.36,0,17,0,17,0,4,2,995.31,187.34,4629.62,131,17,6.4,2,0,1,0,0,0,0,0,2,0,0,-1,0,0,0
8150.05,2.92,1.42,0,78,0,15,0,1,2,2795.86,248.28,5737.99,150,2,3.5,5,0,0,1,0,1,0,2,0,0,0,-1,0,1,0
76599.83,6.75,1.11,0,422,1,6,0,5,2,11341.16,1254.03,68939.85,208,20,4.8,13,0,1,0,0,0,0,0,2,0,0,-1,0,2,0
2342.15,0.49,0.14,0,68,0,14,0,5,1,4734.36,387.21,17342.33,133,2,5.0,6,1,1,1,0,0,0,2,2,0,0,-1,0,0,0
6365.43,4.69,1.32,0,10,0,14,0,4,1,1357.51,284.71,4818.87,156,15,6.2,7,0,1,0,0,0,0,0,3,1,2,16,1,1,1
29472.59,6.73,1.77,0,51,0,18,0,0,1,4376.87,893.76,16678.12,240,3,0.9,6,0,1,0,0,0,0,2,1,0,0,-1,0,0,0
182.25,0.15,0.06,0,330,1,19,0,2,0,1187.34,1220.06,3000.99,187,9,1.4,8,0,1,0,0,0,1,1,2,0,0,-1,0,0,0
27645.3,9.53,3.64,1,0,0,23,0,3,2,2901.79,1644.88,7598.96,88,18,6.3,11,1,0,1,0,1,0,3,3,0,0,-1,0,0,1
90502.14,4.97,1.11,0,430,1,14,0,4,0,18214.64,622.81,81451.93,72,5,3.1,0,1,0,0,0,0,0,1,1,0,0,-1,0,1,0
417.45,0.23,0.05,0,209,1,9,0,3,3,1830.86,532.7,8625.15,98,2,2.9,3,0,0,0,0,0,0,2,0,0,0,-1,0,1,0
822.41,0.95,0.22,0,146,0,9,0,3,2,861.27,2619.15,3717.2,199,14,7.5,8,0,0,0,0,0,0,2,0,0,0,-1,0,2,0
336.08,0.3,0.09,0,105,1,19,0,5,2,1128.61,322.38,3687.79,152,6,5.8,1,0,1,0,0,0,0,1,2,0,0,-1,0,2,0
3052.49,4.19,1.21,0,77,1,6,0,2,0,728.08,239.35,2529.12,183,5,0.7,6,1,1,0,0,0,0,1,0,0,0,-1,0,1,0
68587.67,7.93,1.11,0,316,1,10,0,4,3,8646.76,701.41,61728.9,217,18,0.9,5,1,0,0,0,1,0,1,2,0,0,-1,0,1,0
22599.13,6.65,1.77,0,29,1,16,0,5,0,3396.92,290.14,12732.1,131,10,4.1,14,0,0,0,0,1,0,0,0,0,0,-1,0,0,0
375.06,0.6,0.25,0,60,1,9,1,0,0,623.25,1043.06,1520.31,48,19,6.0,0,0,1,0,0,0,1,0,2,0,0,-1,0,0,0
611.93,0.35,0.16,0,274,0,6,0,3,1,1763.04,330.13,3945.3,218,11,5.6,11,0,1,0,0,0,0,2,1,0,0,-1,0,0,0
356.58,0.22,0.09,1,170,1,23,0,0,0,1616.5,354.06,4072.09,11,9,2.5,1,1,0,0,0,0,0,0,1,0,0,-1,0,0,0
59152.39,19.71,5.81,0,14,0,22,0,4,1,3001.66,388.1,10188.14,190,12,7.6,2,0,1,0,0,0,0,2,0,1,3,0,1,3,1
228.88,0.14,0.04,1,163,1,4,1,4,2,1684.88,482.97,5482.46,201,18,1.2,9,0,1,0,0,0,0,1,1,0,0,-1,0,2,0
372.07,0.4,0.18,0,85,1,15,0,4,0,928.65,5742.63,2013.55,49,17,2.8,6,0,1,0,0,1,0,1,0,0,0,-1,0,1,0
613.2,1.02,0.21,0,47,0,15,0,4,1,600.54,731.43,2971.64,99,4,6.7,2,0,1,0,0,0,0,2,1,0,0,-1,0,1,0
39356.53,40.43,11.46,1,11,0,8,0,5,3,973.55,557.86,3434.16,79,3,5.8,6,0,0,0,0,0,0,1,3,1,2,53,0,5,1
238.68,0.28,0.06,0,335,1,3,0,3,1,843.03,710.18,3983.72,42,19,3.2,4,0,1,0,0,0,0,0,1,0,0,-1,0,2,0
19295.75,11.53,4.9,1,0,0,7,0,4,3,1673.46,552.24,3938.68,153,12,4.0,3,1,0,1,0,0,0,5,1,0,0,-1,0,2,1
18925.86,5.84,2.47,0,4,0,0,0,3,3,3241.73,220.21,7666.96,171,12,7.4,10,0,1,0,0,1,0,2,2,1,3,48,1,2,1
928.03,0.66,0.2,0,86,1,20,1,5,1,1401.22,290.3,4674.14,29,11,1.3,4,1,1,0,0,0,0,0,2,0,0,-1,0,2,0
36999.11,1.5,0.5,0,254,1,15,1,1,1,24682.73,621.46,74048.2,213,7,6.0,14,1,0,0,0,0,0,1,0,0,0,-1,0,0,0
769.51,0.4,0.13,0,262,1,2,0,0,0,1917.08,184.53,5906.27,91,14,2.2,3,0,1,0,0,0,0,2,0,0,0,-1,0,1,0
143958.47,6.04,1.11,0,521,1,1,0,1,1,23846.27,979.21,129562.62,250,15,7.7,1,0,1,0,0,0,0,1,1,0,0,-1,0,2,0
16580.33,6.65,2.39,1,0,0,10,0,3,2,2492.71,186.31,6941.06,134,7,8.0,4,0,0,0,0,0,1,2,4,0,0,-1,0,1,1
91634.6,201.24,99.28,1,5,0,19,0,2,3,455.36,536.64,922.97,99,12,1.0,4,0,1,0,0,0,0,2,1,1,2,9,1,1,1
246.35,0.28,0.06,0,58,1,1,0,5,3,866.05,1471.57,3935.74,234,9,5.4,1,0,1,0,0,0,0,0,1,0,0,-1,0,1,0
17217.53,7.35,1.83,0,25,0,4,0,0,0,2341.59,638.38,9432.37,202,6,3.5,13,1,0,0,0,0,0,0,1,0,0,-1,0,1,0
144.51,0.14,0.03,0,130,1,23,0,4,0,1046.08,716.17,4826.63,90,10,7.4,5,1,0,0,0,0,0,2,0,0,0,-1,0,2,0
54268.48,34.59,15.54,0,12,0,19,0,4,0,1568.91,1075.52,3491.91,135,16,6.4,11,0,1,1,0,0,0,2,3,1,3,10,0,4,1
96.72,0.13,0.05,0,198,1,22,0,1,2,720.42,809.94,2029.71,58,19,6.0,0,0,0,0,0,0,0,0,0,0,0,-1,0,0,0
15982.79,6.15,2.46,0,68,0,12,0,3,1,2596.91,431.41,6495.25,209,18,4.0,10,0,1,0,0,0,0,2,0,0,0,-1,0,0,0
81663.54,11.4,1.11,0,168,1,22,0,2,3,7165.79,484.42,73497.19,91,16,5.8,4,0,1,0,0,1,0,0,1,0,0,-1,0,0,0
21900.71,10.2,2.29,1,67,0,5,0,0,0,2146.16,562.54,9553.98,30,5,1.4,2,1,1,0,1,0,0,2,2,0,0,-1,0,1,0
29081.58,30.15,8.04,0,41,0,13,0,3,0,964.72,989.24,3615.57,208,10,1.3,3,1,1,0,0,0,0,1,0,0,0,-1,0,1,0
28397.48,20.3,5.2,0,8,0,14,0,4,3,1398.61,534.2,5458.91,119,4,5.5,2,1,1,0,0,0,0,1,2,0,0,-1,0,0,0
452.44,0.32,0.15,0,40,1,14,0,5,0,1409.95,600.98,2927.84,190,3,1.3,4,0,1,0,0,0,0,0,0,0,0,-1,0,2,0
41950.95,20.41,6.86,0,2,0,4,0,4,3,2055.51,1490.98,6115.83,42,14,3.2,2,0,1,0,0,0,0,2,3,1,3,56,0,1,1
621.65,0.36,0.14,1,46,0,1,0,0,3,1749.62,803.95,4325.59,203,16,2.6,11,1,0,0,0,1,0,0,2,0,0,-1,0,0,0
75662.98,81.73,23.72,0,2,0,15,0,4,0,925.76,694.93,3189.91,155,2,7.2,1,0,1,0,0,0,0,2,0,1,3,47,1,6,1
4083.43,1.39,0.63,0,2,1,22,0,0,1,2933.05,888.16,6459.7,190,12,1.2,13,1,0,0,0,0,0,1,1,0,0,-1,0,0,0
46381.64,42.66,18.49,1,0,0,21,0,6,3,1087.31,433.87,2508.2,82,17,5.7,8,1,0,1,1,0,0,2,5,0,0,-1,0,0,1
12525.08,6.81,1.41,0,85,0,17,0,1,1,1840.17,362.74,8868.73,235,16,7.6,2,0,1,1,0,0,0,0,2,0,0,-1,0,0,0
17578.02,3.65,1.15,0,49,0,20,0,3,1,4813.23,1116.71,15219.59,39,10,6.5,13,0,1,0,0,0,0,2,2,0,0,-1,0,0,0
317.02,0.2,0.09,1,345,1,10,0,3,3,1589.25,694.28,3369.79,109,4,4.9,5,0,1,0,0,0,1,0,0,0,0,-1,0,1,0
16397.56,13.53,5.03,1,0,0,6,0,3,3,1211.66,289.58,3260.33,219,3,1.8,14,1,0,1,0,1,0,5,5,0,0,-1,0,2,1
61504.74,2.71,0.9,0,398,1,20,0,5,3,22703.92,995.42,68111.75,151,15,5.9,9,1,1,0,0,1,1,2,2,0,0,-1,0,0,0
2139.92,0.57,0.13,0,9,0,16,1,4,0,3731.76,518.95,16848.09,232,10,7.5,12,1,0,0,0,0,0,0,1,0,0,-1,0,1,0
6998.6,3.89,1.84,1,0,0,2,1,0,1,1800.58,1978.82,3806.83,63,6,2.4,0,0,1,1,0,0,0,0,3,1,3,8,0,1,1
422.51,0.31,0.11,0,276,1,7,0,3,2,1377.07,919.01,3934.73,124,10,7.5,6,0,0,0,0,0,0,1,0,0,0,-1,0,2,0
39178.12,14.53,6.57,1,0,0,7,0,5,5,2696.25,1056.18,5967.18,4,6,6.3,11,1,0,1,0,0,0,5,3,0,0,-1,0,0,1
187.88,0.13,0.06,1,49,0,16,0,1,1,1420.43,517.13,3079.16,243,13,1.3,3,0,1,0,0,0,0,1,1,0,0,-1,0,0,0
25297.39,14.2,3.96,1,11,0,22,0,3,2,1782.02,707.11,6394.53,142,8,6.6,8,1,1,0,0,0,1,2,1,1,4,29,0,2,1
120279.11,7.38,1.11,0,410,1,19,0,0,2,16290.74,405.1,108251.2,137,9,1.3,14,0,1,0,0,0,0,2,1,0,0,-1,0,1,0
1724.29,1.13,0.47,1,266,1,13,0,0,3,1528.61,2347.53,3708.03,247,10,5.5,10,0,1,0,0,0,0,0,0,0,0,-1,0,1,0
42832.43,31.54,14.27,1,0,0,16,0,1,0,1357.99,191.18,3002.25,226,2,7.5,3,1,0,0,0,0,0,2,2,0,0,-1,0,3,1
47428.22,19.18,9.13,1,0,0,1,0,1,3,2473.38,549.65,5194.06,185,5,5.3,3,0,0,0,0,0,1,1,2,0,0,-1,0,3,1
56713.61,124.07,44.51,1,0,0,6,0,3,3,457.12,529.81,1274.21,231,8,7.3,0,1,1,0,0,0,0,0,4,0,0,-1,0,3,1
472.13,0.61,0.19,1,67,1,21,0,0,1,769.55,604.94,2532.53,19,2,4.4,0,0,1,0,0,0,0,1,2,0,0,-1,0,0,0
251.22,0.13,0.06,0,253,1,7,0,0,2,1971.25,684.95,4433.89,220,17,6.8,6,1,0,0,0,0,0,1,1,0,0,-1,0,1,0
543.37,0.43,0.09,0,333,1,15,0,1,0,1250.66,245.13,5959.76,244,17,3.2,11,0,1,0,0,0,0,2,1,0,0,-1,0,2,0
154.35,0.4,0.14,1,78,1,5,0,3,3,389.49,846.59,1101.53,163,4,3.2,13,0,0,0,0,0,0,1,0,0,0,-1,0,1,0
115207.36,16.37,1.11,0,573,1,12,0,2,1,7037.01,1487.73,103686.62,53,11,7.1,5,1,0,0,0,0,0,1,2,0,0,-1,0,1,0
10817.57,3.24,0.91,0,89,0,20,0,1,3,3334.99,2192.29,11892.1,225,20,6.6,10,0,0,0,0,0,0,2,0,0,0,-1,0,1,0
4244.87,0.97,0.24,1,40,1,19,0,5,3,4373.03,181.01,17436.51,247,13,5.1,10,0,0,0,0,1,0,2,2,0,0,-1,0,0,0
5872.27,4.51,1.22,0,44,1,3,0,0,2,1302.69,304.94,4814.33,104,14,1.7,9,0,0,0,0,0,0,1,0,0,0,-1,0,0,0
8592.37,1.98,0.88,0,90,0,18,0,4,1,4335.02,1675.14,9804.08,184,11,5.7,11,0,0,0,0,0,0,2,2,0,0,-1,0,0,0
18933.63,9.64,2.23,0,57,0,15,0,4,1,1963.42,176.89,8472.39,184,17,5.4,13,0,1,0,0,0,0,0,1,0,0,-1,0,1,0
84701.9,3.47,1.11,0,511,1,8,0,2,2,24398.89,5343.82,76231.71,206,3,7.3,10,0,1,0,0,0,0,1,2,0,0,-1,0,0,0
139937.11,7.11,1.11,0,229,1,22,0,2,3,19668.72,382.46,125943.4,217,17,5.2,0,0,0,0,0,0,0,0,2,0,0,-1,0,1,0
71754.75,12.14,1.11,0,559,1,8,0,5,3,5909.73,1354.73,64579.28,43,10,2.5,9,1,1,0,0,0,0,2,0,0,0,-1,0,1,0
3345.63,1.84,0.83,0,3,0,10,0,3,2,1818.0,271.73,4031.48,85,14,4.2,14,1,1,0,0,0,0,0,0,1,3,8,1,3,1
90415.28,9.93,1.11,0,505,1,17,0,2,0,9103.39,603.37,81373.75,273,8,3.0,14,0,1,0,0,0,0,1,2,0,0,-1,0,0,0
1179.83,0.84,0.24,0,145,1,0,0,5,2,1411.56,295.51,4885.9,236,18,0.8,13,0,1,0,0,0,0,0,2,0,0,-1,0,2,0
403.85,0.23,0.05,0,328,1,15,0,5,3,1790.98,548.44,8557.98,205,10,6.5,6,0,0,0,0,0,0,2,1,0,0,-1,0,0,0
820.35,0.51,0.14,0,210,1,0,0,2,0,1610.38,927.88,5864.72,108,2,6.0,13,0,1,0,0,0,0,1,0,0,0,-1,0,2,0
585.36,1.7,0.82,0,78,0,11,0,1,3,343.91,473.41,717.22,242,18,7.7,11,0,1,0,0,0,0,1,1,0,0,-1,0,1,0
6002.32,3.96,1.59,1,0,0,14,0,8,5,1516.88,2426.18,3780.98,202,17,4.7,4,1,0,1,1,0,0,4,1,0,0,-1,0,2,1
42210.5,23.54,11.36,1,0,0,3,0,5,5,1792.77,1319.49,3715.9,49,14,6.6,2,1,0,1,0,1,0,5,2,0,0,-1,0,1,1
140.81,0.16,0.04,0,316,0,7,0,2,2,879.2,851.77,3623.64,3,3,4.7,12,0,1,0,0,0,0,2,2,0,0,-1,0,1,0
192.58,0.11,0.03,0,224,1,14,0,0,3,1678.78,213.1,5557.2,176,19,5.5,11,1,1,0,0,0,0,1,2,0,0,-1,0,1,0
1031.53,0.8,0.19,0,357,1,22,1,1,0,1283.27,614.34,5470.51,112,17,3.1,12,0,0,0,0,0,0,0,0,0,0,-1,0,2,0
20485.99,12.18,3.04,0,57,1,19,0,0,1,1682.28,1204.01,6744.04,114,6,6.9,1,1,1,0,0,0,1,0,2,0,0,-1,0,0,0
193.86,0.23,0.05,1,346,0,22,0,3,1,827.7,348.43,3683.09,73,14,3.6,3,0,0,0,0,0,0,2,2,0,0,-1,0,2,0
115919.1,5.12,1.11,0,234,1,11,0,4,3,22626.91,321.05,104327.19,210,9,0.5,0,0,1,0,0,0,0,1,0,0,0,-1,0,1,0
854.91,0.48,0.14,0,235,1,23,0,0,2,1770.59,586.86,6306.98,51,3,3.6,6,1,0,1,0,0,0,0,2,0,0,-1,0,0,0
640.53,0.33,0.08,0,273,1,20,0,5,3,1934.38,371.13,8435.65,242,4,6.5,12,0,0,1,0,0,0,2,2,0,0,-1,0,0,0
28370.27,1.15,0.38,0,554,1,23,0,0,3,24774.75,201.84,74324.25,193,4,7.6,1,0,0,0,0,1,0,2,1,0,0,-1,0,2,0
28627.75,6.7,2.64,0,59,1,9,0,2,1,4272.87,870.82,10858.93,207,14,2.3,6,1,0,0,1,0,0,2,0,0,0,-1,0,0,0
11624.82,6.05,1.58,0,13,0,8,0,0,2,1922.32,350.9,7357.29,44,8,3.4,9,0,0,0,0,0,0,0,1,1,3,25,0,3,1
757.97,1.46,0.39,1,130,1,12,0,1,0,517.44,414.13,1961.93,221,3,5.9,1,1,1,0,0,0,0,2,2,0,0,-1,0,0,0
71485.86,45.82,19.52,1,0,0,8,0,4,1,1560.02,466.89,3661.48,218,18,2.9,14,0,0,1,0,0,0,2,2,0,0,-1,0,1,1
662.39,0.41,0.14,0,291,1,5,0,0,1,1619.88,688.49,4792.42,231,2,1.8,4,0,1,0,0,0,0,1,1,0,0,-1,0,1,0
3303.83,8.3,2.43,0,340,1,0,0,4,3,398.06,186.34,1357.27,101,10,4.7,13,0,1,0,0,0,0,2,0,0,0,-1,0,1,0
614.63,0.39,0.18,0,310,1,23,0,3,2,1595.3,1416.58,3452.81,16,6,3.1,4,0,1,1,0,0,1,1,0,0,0,-1,0,0,0
24221.35,11.58,3.55,0,11,1,9,0,4,2,2092.33,1509.44,6829.19,147,15,5.0,8,1,0,1,0,0,0,2,1,0,0,-1,0,1,0
6646.26,1.78,0.62,1,85,0,5,0,1,2,3723.86,236.91,10759.3,92,13,3.3,3,0,1,0,0,0,0,2,0,0,0,-1,0,0,0
16167.17,14.47,4.06,0,22,0,18,0,4,2,1117.01,1111.87,3978.38,218,13,2.8,2,1,1,0,0,0,0,1,2,0,0,-1,0,1,0
4168.36,1.5,0.69,0,7,1,16,0,2,2,2771.1,916.59,6050.0,133,18,7.5,4,1,1,0,0,0,0,0,2,0,0,-1,0,0,0
7566.15,2.58,0.69,1,5,0,16,0,0,1,2928.19,215.22,10914.46,24,14,5.0,13,0,1,0,0,0,0,2,2,1,3,1,1,2,1
24646.45,9.19,1.84,0,54,0,3,0,3,1,2680.43,372.98,13391.55,43,2,4.2,2,1,1,1,0,0,0,0,2,0,0,-1,0,1,0
352.73,0.23,0.06,0,238,1,3,1,1,0,1510.95,180.55,5635.77,246,13,4.4,12,0,0,0,0,0,0,0,0,0,0,-1,0,1,0
58043.08,26.21,9.01,1,0,0,3,0,3,2,2214.24,239.05,6445.11,98,17,5.8,6,1,1,0,0,0,0,1,4,0,0,-1,0,1,1
322.77,0.3,0.12,0,75,1,19,0,4,3,1092.99,304.74,2796.71,62,20,7.3,4,0,1,0,0,1,0,2,1,0,0,-1,0,2,0
61929.64,16.56,5.72,0,6,0,17,0,1,2,3740.22,558.04,10834.32,71,8,5.0,11,1,0,0,0,0,1,2,1,1,3,36,1,5,1
1217.8,0.91,0.25,0,110,1,7,0,5,2,1341.7,734.94,4879.22,65,16,5.9,14,1,0,1,0,0,0,2,1,0,0,-1,0,1,0
253.87,0.29,0.06,1,103,1,22,0,0,1,890.27,228.81,4076.52,240,12,5.1,14,0,1,0,0,0,0,2,1,0,0,-1,0,2,0
881.34,0.52,0.16,0,205,1,8,0,2,2,1686.53,817.23,5678.24,92,11,6.3,14,1,0,0,0,0,0,1,1,0,0,-1,0,2,0
20453.85,5.3,2.45,0,5,1,6,0,4,3,3862.5,1288.16,8355.84,83,20,5.8,3,0,1,1,0,0,0,0,1,0,0,-1,0,0,0
26811.41,20.17,7.83,1,11,0,14,0,2,0,1329.03,487.26,3425.85,147,18,1.3,5,0,1,0,0,0,0,2,3,1,3,4,0,6,1
87915.3,22.64,9.53,0,6,0,20,1,3,0,3882.88,1076.72,9221.96,226,10,3.6,5,1,1,0,0,0,0,2,0,1,3,47,0,1,1
49160.48,3.88,1.11,0,456,1,12,0,4,0,12686.41,735.7,44244.43,81,8,6.2,6,0,0,0,0,0,0,1,2,0,0,-1,0,1,0
23626.1,22.76,7.93,1,45,1,8,0,2,2,1038.06,518.8,2978.43,114,7,5.8,10,1,0,1,0,0,0,2,2,0,0,-1,0,1,0
7158.57,1.9,0.82,1,53,0,3,0,0,2,3775.27,1603.34,8728.46,27,2,7.7,1,1,0,0,0,0,0,1,2,0,0,-1,0,0,0
627.14,0.46,0.11,0,47,1,13,0,0,2,1351.65,750.64,5939.36,160,14,7.8,5,0,1,0,0,0,0,1,1,0,0,-1,0,2,0
498.67,0.41,0.1,1,362,1,21,0,5,2,1210.73,635.0,4895.49,24,18,2.5,3,0,1,0,0,0,0,0,2,0,0,-1,0,1,0
327.67,0.17,0.04,0,132,1,14,0,5,2,1970.69,747.31,7305.56,177,19,4.1,13,0,1,0,0,0,0,0,1,0,0,-1,0,1,0
479.47,0.34,0.11,0,322,1,18,0,4,3,1428.22,262.26,4322.83,63,19,2.1,8,0,1,1,0,0,0,2,0,0,0,-1,0,1,0
251.24,0.21,0.07,0,147,0,17,0,3,2,1207.06,547.97,3470.94,3,7,4.8,9,0,1,0,0,0,0,0,1,0,0,-1,0,2,0
253.73,0.58,0.19,1,15,1,6,1,0,1,435.36,1819.66,1363.65,195,5,4.5,14,1,0,0,0,0,0,2,0,0,0,-1,0,2,0
195.65,0.17,0.04,0,247,1,3,1,1,2,1141.3,865.59,5442.03,52,16,7.9,5,0,0,0,0,0,0,2,0,0,0,-1,0,2,0
16724.9,6.64,2.99,1,0,0,11,0,3,2,2518.25,2226.58,5596.06,33,9,7.5,14,1,0,1,1,0,0,4,5,1,0,-1,0,2,1
3136.28,0.73,0.35,0,34,0,19,1,0,2,4289.67,326.85,9035.13,178,9,2.1,7,1,1,1,0,0,0,2,2,0,0,-1,0,1,0
414.93,0.75,0.17,0,20,1,16,0,3,0,553.13,871.37,2460.6,108,16,3.7,3,0,0,0,0,0,0,0,1,0,0,-1,0,1,0
14885.64,15.57,7.29,0,38,1,3,0,3,2,955.89,759.79,2042.21,66,19,7.9,13,0,0,1,0,0,0,1,0,0,0,-1,0,1,0
58251.51,45.23,21.85,1,0,0,3,0,2,2,1287.87,358.02,2665.55,164,6,4.1,6,0,0,0,0,0,0,0,4,0,0,-1,0,1,1
17936.12,20.64,4.43,0,13,1,21,0,0,0,869.08,554.47,4051.85,190,6,6.3,3,0,0,0,0,0,0,2,1,0,0,-1,0,0,0
143.65,0.08,0.02,0,105,0,1,1,2,3,1719.8,375.74,7869.98,169,13,2.8,14,0,0,0,0,0,0,2,2,0,0,-1,0,0,0
57130.46,30.53,13.85,1,0,0,0,0,2,1,1871.49,376.3,4126.09,121,3,1.3,13,1,1,0,0,0,0,0,2,0,0,-1,0,3,1
40770.63,18.77,8.57,1,0,0,20,0,1,3,2171.69,153.77,4755.49,162,14,1.8,9,0,1,0,0,0,0,2,3,0,0,-1,0,0,1
17116.22,5.62,2.11,1,90,1,23,1,2,1,3045.91,1355.34,8128.03,126,9,4.7,10,1,0,0,0,0,0,2,1,0,0,-1,0,1,0
445.78,1.15,0.24,0,38,1,9,0,1,2,387.34,735.82,1868.22,139,6,2.6,0,0,1,0,0,0,0,0,2,0,0,-1,0,1,0
23355.09,8.72,3.17,1,50,1,7,0,1,0,2678.47,151.22,7356.27,233,6,5.8,2,0,1,0,0,0,0,0,0,0,0,-1,0,1,0
37473.01,2.54,0.85,0,654,1,8,0,5,1,14757.42,874.71,44272.25,180,11,3.0,12,0,1,0,0,0,0,2,0,0,0,-1,0,0,0
6327.93,2.17,0.56,0,39,0,14,0,5,0,2911.52,733.49,11378.91,109,13,2.3,4,1,0,0,0,0,0,2,0,0,0,-1,0,0,0
394.59,0.31,0.08,0,267,0,8,0,0,0,1285.92,170.43,5099.87,12,19,2.0,3,0,1,0,0,0,0,2,2,0,0,-1,0,2,0
886.46,0.52,0.26,0,289,1,23,0,2,2,1703.82,485.92,3432.18,55,9,3.5,6,1,1,0,0,0,0,1,0,0,0,-1,0,2,0
535.44,0.29,0.13,0,252,1,17,0,2,3,1815.88,536.49,3986.33,18,16,4.6,12,0,0,0,0,0,0,1,1,0,0,-1,0,1,0
2182.32,1.37,0.6,0,287,1,3,0,1,1,1591.3,609.14,3628.95,67,13,2.5,6,0,1,0,0,0,0,1,2,0,0,-1,0,0,0
43453.06,1.93,0.64,0,475,1,10,0,3,0,22473.36,638.69,67420.08,220,19,2.0,7,0,0,0,0,0,0,0,1,0,0,-1,0,2,0
5394.86,3.31,0.88,1,0,0,0,0,0,0,1629.91,636.23,6159.72,87,15,1.3,3,0,0,0,0,0,0,0,1,1,2,50,1,5,1
17999.11,5.52,2.19,0,83,0,2,0,3,0,3258.64,878.51,8201.84,74,15,5.4,14,0,1,1,0,0,0,0,2,0,0,-1,0,1,0
60974.92,121.72,53.82,1,0,0,23,0,1,1,500.96,275.51,1133.01,244,7,0.8,2,1,0,0,0,0,0,1,3,0,0,-1,0,0,1
316.22,0.46,0.2,0,161,1,6,0,5,3,680.44,876.18,1549.23,231,16,3.7,6,0,0,0,0,0,0,0,0,0,0,-1,0,2,0
11456.65,0.94,0.31,0,605,1,13,0,4,3,12207.98,2973.04,36623.94,147,2,2.1,1,0,1,1,0,0,1,1,0,0,0,-1,0,0,0
15978.03,12.81,4.66,1,0,0,19,0,3,1,1247.51,207.0,3425.25,139,4,3.4,6,0,1,1,1,0,0,1,3,0,0,-1,0,2,1
1643.2,0.95,0.28,0,356,1,14,0,1,3,1728.34,961.96,5871.29,173,19,1.0,7,0,0,0,0,0,0,0,0,0,0,-1,0,2,0
6879.62,1.79,0.43,0,29,1,3,0,4,0,3834.98,887.58,15946.69,15,7,6.6,3,0,1,0,0,0,0,1,2,0,0,-1,0,0,0
481.09,1.12,0.26,0,320,1,13,0,2,2,430.67,1013.47,1873.95,180,11,6.0,9,0,0,0,0,0,0,1,2,0,0,-1,0,1,0
992.48,2.82,0.57,0,212,1,22,0,3,3,352.35,1031.58,1728.89,146,17,3.9,0,1,1,0,0,0,0,1,0,0,0,-1,0,2,0
1073.54,2.54,1.25,0,144,0,13,0,1,2,423.07,706.08,857.43,42,12,3.1,6,0,1,0,0,0,0,0,0,0,0,-1,0,0,0
838.78,0.61,0.18,0,297,0,13,0,1,1,1367.15,238.36,4718.71,121,13,0.7,2,1,1,0,0,0,0,1,1,0,0,-1,0,1,0
25077.62,5.95,1.34,1,34,0,9,0,1,0,4214.67,460.69,18658.26,29,16,1.7,9,0,0,1,0,0,0,2,2,0,0,-1,0,0,0
11932.4,4.23,0.92,0,88,1,23,1,2,2,2820.82,391.81,12985.31,220,14,4.1,3,0,0,1,0,0,0,0,2,0,0,-1,0,1,0
69250.51,96.48,38.4,1,0,0,2,0,3,0,717.79,1013.69,1803.42,22,13,5.4,0,1,1,1,0,0,0,0,4,0,0,-1,0,3,1
2383.35,0.49,0.16,0,38,0,6,0,1,0,4912.25,773.08,15298.05,174,14,1.2,8,0,0,0,0,0,0,0,1,0,0,-1,0,1,0
922.14,0.63,0.16,0,237,1,11,0,2,1,1472.71,765.7,5928.27,69,8,7.6,0,0,0,1,0,0,0,1,0,0,0,-1,0,2,0
20817.56,14.21,3.27,0,34,1,8,0,4,2,1465.35,840.65,6375.44,127,17,4.5,3,1,0,0,0,0,0,2,0,0,0,-1,0,1,0
27311.84,11.09,3.89,1,86,0,10,0,5,3,2463.58,740.94,7028.2,214,3,7.2,14,0,0,0,0,0,0,2,2,0,0,-1,0,0,0
45637.32,11.6,4.73,0,1,0,9,1,2,1,3935.37,152.72,9644.88,248,3,7.7,11,0,0,0,0,0,0,1,0,1,2,24,1,6,1
16826.76,8.54,2.25,1,21,0,19,0,2,2,1970.25,318.7,7493.02,56,3,0.9,12,0,1,0,0,0,0,2,0,0,0,-1,0,0,0
95065.61,8.33,1.11,0,112,1,16,0,2,2,11418.96,170.27,85559.05,272,20,5.8,4,1,0,1,0,0,0,0,0,0,0,-1,0,1,0
52971.59,2.67,0.89,0,242,1,6,0,4,3,19839.28,1074.8,59517.83,86,7,5.8,6,0,0,1,0,0,0,0,2,0,0,-1,0,1,0
137546.58,10.27,1.11,0,116,1,8,0,0,2,13389.97,609.19,123791.92,177,20,8.0,12,0,0,0,0,0,0,2,2,0,0,-1,0,0,0
457.24,0.62,0.15,0,313,0,7,0,5,3,742.53,246.71,2988.37,38,8,2.4,6,0,1,0,0,0,1,2,0,0,0,-1,0,2,0
225.11,0.18,0.04,0,189,1,6,0,4,3,1247.46,188.09,5712.68,125,9,6.5,2,1,1,0,1,0,0,2,2,0,0,-1,0,2,0
116285.36,4.77,1.11,0,226,1,21,0,4,1,24361.82,769.86,104656.82,261,13,2.4,13,0,1,0,0,0,0,2,0,0,0,-1,0,2,0
632.94,0.89,0.26,0,173,1,23,1,3,0,713.22,736.97,2459.01,186,18,5.2,7,1,0,0,0,0,0,0,2,0,0,-1,0,1,0
569.63,0.63,0.28,1,274,1,1,0,1,3,901.24,528.08,2021.11,118,4,2.4,11,1,0,0,0,0,0,0,0,0,0,-1,0,1,0
421.72,0.92,0.22,0,244,1,23,1,0,3,459.17,672.35,1928.86,215,19,2.3,10,1,1,0,0,0,0,1,2,0,0,-1,0,2,0
84196.31,3.49,1.11,0,576,1,19,0,1,3,24119.96,699.62,75776.68,164,2,0.7,3,1,1,0,0,0,0,2,1,0,0,-1,0,0,0
587.6,0.32,0.08,1,277,1,18,0,1,2,1832.73,457.51,6963.37,178,12,7.4,9,0,0,0,0,1,0,2,2,0,0,-1,0,0,0
48341.9,19.56,9.12,1,0,0,22,0,7,4,2471.81,192.24,5302.13,22,8,5.0,10,1,0,1,0,0,1,2,2,0,0,-1,0,2,1
51789.77,20.25,7.68,1,0,0,5,0,4,4,2557.45,846.86,6742.86,143,15,6.1,14,1,0,1,0,0,0,3,3,0,0,-1,0,1,1
564.71,0.61,0.18,0,357,1,0,0,0,3,930.2,2565.81,3147.92,193,10,2.5,7,1,1,0,0,0,0,2,1,0,0,-1,0,1,0
270.79,0.14,0.03,0,360,1,13,0,0,2,1939.78,328.95,9516.89,66,17,5.0,3,1,0,0,1,0,0,1,1,0,0,-1,0,1,0
1132.09,1.18,0.3,0,266,1,21,0,0,1,957.84,572.1,3799.75,105,5,1.9,14,0,1,0,0,0,0,0,0,0,0,-1,0,2,0
805.22,0.58,0.14,0,90,1,15,0,4,0,1391.84,606.2,5938.23,24,6,5.0,13,0,1,0,0,0,0,2,2,0,0,-1,0,2,0
617.94,0.46,0.18,0,317,1,8,0,5,3,1349.88,372.69,3455.96,89,12,4.9,3,0,1,0,0,0,0,2,2,0,0,-1,0,2,0
24393.83,11.08,2.39,1,47,1,3,0,5,1,2202.12,318.46,10187.83,105,8,7.4,7,1,1,0,0,0,0,1,0,0,0,-1,0,1,0
122095.03,5.97,1.11,0,125,1,3,0,5,0,20442.9,1428.91,109885.53,176,9,5.7,8,1,0,0,0,0,0,2,2,0,0,-1,0,0,0
45570.8,27.82,10.01,1,0,0,1,0,5,5,1637.82,152.33,4554.56,245,10,2.7,11,1,0,1,1,0,0,3,3,0,0,-1,0,1,1
28191.09,6.78,1.76,1,68,0,4,0,1,1,4156.38,364.48,15975.87,120,18,3.8,13,1,1,0,0,0,0,0,0,0,0,-1,0,0,0
55511.92,31.03,14.37,1,0,0,12,1,4,3,1789.21,1198.53,3862.61,174,5,3.7,11,0,0,1,1,1,0,2,2,0,0,-1,0,1,1
18751.5,16.14,7.5,1,0,0,7,0,1,2,1161.51,182.15,2501.18,132,14,2.7,2,1,1,0,1,0,0,0,4,0,0,-1,0,2,1
43319.73,65.67,31.77,1,0,0,14,0,8,3,659.69,467.5,1363.67,13,14,0.7,2,1,0,1,1,0,0,4,2,0,0,-1,0,2,1
51964.5,41.88,16.35,0,1,0,16,0,2,2,1240.67,156.75,3178.53,36,12,4.4,2,0,0,0,0,0,0,1,2,1,4,43,1,5,1
29198.4,9.2,1.92,0,42,1,12,0,3,1,3174.67,532.47,15194.62,130,12,5.6,2,0,1,0,0,0,0,0,2,0,0,-1,0,1,0
55976.48,10.01,1.11,0,148,1,15,0,3,1,5590.51,475.75,50378.83,191,5,4.2,5,1,1,0,0,0,0,0,1,0,0,-1,0,1,0
42977.12,12.75,5.7,0,12,0,8,0,4,3,3370.26,562.85,7542.33,128,10,4.7,14,1,1,0,0,0,0,2,2,1,2,49,1,1,1
92564.6,6.66,1.11,0,172,1,16,0,1,3,13893.08,1432.38,83308.14,81,16,3.6,5,0,1,0,0,0,0,2,2,0,0,-1,0,1,0
140779.03,6.69,1.11,0,540,1,4,0,1,1,21029.69,696.53,126701.13,118,10,6.0,2,0,1,0,0,0,0,0,1,0,0,-1,0,0,0
10291.41,9.46,3.38,1,0,0,13,0,4,1,1088.02,280.45,3040.34,242,4,3.4,8,1,1,0,0,0,0,2,1,0,0,-1,0,3,1
2737.82,1.21,0.31,1,39,1,13,1,1,3,2258.53,952.09,8828.65,116,16,7.1,3,0,1,0,0,0,0,1,2,0,0,-1,0,0,0
25120.83,1.61,0.54,0,514,1,8,0,4,0,15561.66,480.44,46684.97,69,17,4.4,13,0,1,0,0,0,0,1,1,0,0,-1,0,2,0
7358.67,9.05,4.45,1,0,0,11,0,8,4,813.42,689.64,1653.95,160,10,5.0,5,1,0,1,0,1,0,2,4,0,0,-1,0,2,1
830.64,0.46,0.18,0,236,1,9,0,2,0,1811.32,2745.09,4555.98,18,19,3.1,10,0,1,0,0,0,0,2,2,0,0,-1,0,0,0
601.42,0.37,0.14,1,10,1,5,0,4,1,1621.41,860.61,4360.65,176,2,7.8,0,0,0,0,0,0,0,1,2,0,0,-1,0,2,0
125.14,0.08,0.02,0,240,1,18,0,2,2,1641.77,1512.55,6484.96,240,17,5.4,13,1,0,0,0,0,1,0,1,0,0,-1,0,0,0
7927.25,3.82,1.88,1,0,0,13,0,8,4,2074.79,1802.32,4227.55,22,11,1.7,0,1,0,1,0,1,0,2,2,0,0,-1,0,0,1
265.55,0.21,0.1,0,228,0,12,0,2,0,1285.34,556.93,2650.09,29,5,0.7,5,0,1,0,0,0,0,1,1,0,0,-1,0,1,0
22774.71,15.65,4.99,0,1,1,10,0,3,3,1455.1,920.62,4563.98,45,13,8.0,7,1,0,0,0,0,0,2,0,0,0,-1,0,1,0
441.99,0.91,0.18,0,278,1,13,0,5,2,488.14,181.28,2396.66,45,2,5.3,14,0,1,0,0,0,0,2,1,0,0,-1,0,0,0
55268.33,100.62,45.96,1,0,0,15,0,3,1,549.29,198.86,1202.51,128,13,1.2,14,1,1,0,0,0,0,0,3,0,0,-1,0,3,1
67139.88,3.35,1.11,0,224,1,17,0,1,0,20048.11,402.68,60425.89,266,20,3.6,2,0,1,0,0,0,0,1,0,0,0,-1,0,1,0
739.47,0.78,0.25,0,15,1,17,0,1,1,947.61,1261.22,2973.71,139,15,1.7,8,1,1,0,0,0,0,2,0,0,0,-1,0,0,0
172.32,0.24,0.05,0,165,1,0,0,5,1,718.39,357.61,3472.49,82,15,5.1,9,0,1,0,0,0,0,1,2,0,0,-1,0,0,0
471.51,0.47,0.16,1,189,1,15,0,2,3,1010.76,208.73,2959.02,87,3,4.9,11,0,1,0,0,0,1,0,0,0,0,-1,0,0,0
28637.04,17.8,5.67,0,6,0,1,0,1,1,1608.63,655.75,5054.58,206,9,5.6,8,0,0,0,0,0,0,2,0,0,0,-1,0,0,0
16019.87,5.17,1.91,0,46,0,5,0,4,2,3097.14,298.25,8405.81,139,5,5.0,5,0,1,0,0,0,0,2,0,0,0,-1,0,0,0
6212.76,2.12,0.74,1,0,0,21,0,7,4,2936.46,1718.29,8398.17,107,15,2.7,3,1,0,1,1,1,0,3,4,0,0,-1,0,2,1
25787.49,9.08,2.36,1,66,1,16,0,5,0,2841.4,543.46,10949.06,144,15,1.0,14,0,0,1,0,1,1,0,2,0,0,-1,0,0,0
624.19,0.32,0.07,0,167,1,5,0,3,3,1976.83,163.77,9522.18,179,7,7.7,6,0,1,0,0,0,0,0,0,0,0,-1,0,2,0
24963.35,7.12,2.29,0,57,0,10,1,0,0,3505.72,976.82,10878.37,48,13,3.1,11,1,0,0,0,0,0,1,0,0,0,-1,0,1,0
22098.6,1.82,0.61,0,355,1,21,0,3,3,12155.81,658.92,36467.43,50,16,5.1,0,0,1,0,0,0,0,2,1,0,0,-1,0,0,0
20784.01,12.0,4.49,1,0,0,0,0,3,5,1732.36,434.42,4626.85,216,18,1.6,4,1,0,1,1,1,0,4,2,0,0,-1,0,1,1
31528.76,10.83,3.71,0,3,0,20,0,4,1,2911.88,167.07,8497.98,15,8,0.5,11,0,1,0,0,0,0,0,2,1,3,10,0,3,1
78346.68,102.89,32.41,1,14,0,18,0,3,2,761.49,356.96,2417.17,169,19,1.5,13,0,1,0,0,0,0,0,1,1,4,11,1,6,1
269.91,0.15,0.04,1,358,0,13,0,1,1,1818.07,176.98,6153.07,182,2,5.1,9,0,1,0,0,0,0,0,1,0,0,-1,0,2,0
9048.09,3.38,1.51,0,4,1,21,0,0,3,2677.47,1010.54,5980.99,81,5,3.7,2,0,1,0,0,0,0,0,1,0,0,-1,0,1,0
103018.82,5.91,1.11,0,101,1,11,1,2,3,17433.05,1645.77,92716.94,216,20,4.0,11,0,1,0,0,0,0,2,2,0,0,-1,0,2,0
695.32,0.48,0.23,0,119,0,5,1,4,2,1440.86,610.42,3040.89,214,15,7.7,12,0,0,0,0,0,1,1,1,0,0,-1,0,2,0
719.49,0.61,0.16,0,356,1,6,0,5,2,1181.88,346.39,4428.92,195,14,5.0,14,0,0,1,0,0,0,0,2,0,0,-1,0,1,0
218.63,0.31,0.12,1,159,1,15,0,3,3,705.85,367.45,1867.49,114,4,0.8,10,0,0,1,0,0,0,2,1,0,0,-1,0,2,0
2102.59,2.02,0.42,1,45,1,23,0,5,3,1039.85,552.37,4959.19,245,17,4.0,13,0,0,0,0,0,0,2,0,0,0,-1,0,0,0
228.79,0.12,0.03,0,287,1,20,0,3,2,1947.47,287.41,8195.16,56,4,2.5,2,0,0,1,0,0,0,2,1,0,0,-1,0,1,0
4172.8,1.66,0.54,0,45,1,0,0,1,0,2509.79,390.07,7703.54,203,19,0.8,12,0,1,0,0,0,0,0,1,0,0,-1,0,0,0
24470.99,13.43,5.93,0,56,0,16,0,4,1,1822.75,889.32,4129.73,243,19,4.2,5,0,0,0,0,0,0,1,2,0,0,-1,0,0,0
32236.45,17.78,5.88,0,14,0,17,0,1,1,1812.74,1843.39,5481.29,6,17,1.2,2,0,1,0,0,0,0,2,3,1,3,44,1,3,1
186.78,0.55,0.21,0,109,1,5,0,4,3,338.67,418.97,889.7,115,3,7.4,3,0,1,0,0,0,0,0,0,0,0,-1,0,0,0
4577.04,1.77,0.58,1,59,1,0,0,3,1,2592.67,558.62,7837.08,90,13,0.7,12,1,1,0,1,0,0,0,2,0,0,-1,0,1,0
75617.83,18.99,7.34,0,1,0,14,0,2,3,3982.83,719.33,10299.9,10,19,0.9,14,0,0,0,0,0,0,2,2,1,3,0,1,3,1
866.15,0.46,0.14,1,335,1,19,1,1,2,1876.06,179.77,6262.48,20,4,6.8,11,0,1,0,0,1,0,0,1,0,0,-1,0,1,0
488.81,1.43,0.49,0,284,0,0,0,1,1,341.23,512.7,1000.14,180,18,4.4,12,0,0,0,0,0,0,2,2,0,0,-1,0,0,0
110351.05,9.09,1.11,0,477,1,23,0,2,0,12146.24,806.27,99315.95,43,7,3.6,14,0,1,0,0,0,0,0,2,0,0,-1,0,1,0
6385.81,2.47,0.53,0,74,0,15,0,4,2,2583.57,186.87,12013.47,11,3,5.7,0,1,1,0,0,0,0,0,0,0,0,-1,0,1,0
455.79,0.26,0.08,0,153,0,20,0,5,2,1721.68,816.49,6044.72,241,19,7.6,12,0,0,0,0,0,0,2,2,0,0,-1,0,0,0
873.14,1.02,0.21,0,137,1,14,1,0,1,852.67,449.95,4150.1,234,6,4.8,14,1,0,0,0,0,0,2,2,0,0,-1,0,1,0
59780.61,2.83,0.94,0,568,1,8,0,5,2,21092.96,331.25,63278.87,228,2,5.3,10,0,0,0,0,0,0,0,0,0,0,-1,0,1,0
10425.52,3.18,1.02,1,72,0,11,0,3,0,3281.28,394.26,10257.69,250,18,3.9,8,0,0,0,0,0,0,1,2,0,0,-1,0,1,0
491.21,0.29,0.06,1,244,1,21,0,4,3,1715.0,1302.1,8556.0,159,4,3.1,14,1,1,0,0,0,0,0,2,0,0,-1,0,2,0
92462.59,8.07,1.11,0,295,1,16,0,2,1,11453.06,376.62,83216.33,186,18,5.5,10,0,1,0,0,0,0,0,2,0,0,-1,0,0,0
342.77,0.26,0.05,0,111,0,12,0,1,3,1321.64,887.86,6569.95,189,8,0.5,10,0,0,0,0,0,0,2,2,0,0,-1,0,0,0
2376.48,0.62,0.17,0,35,0,7,0,1,1,3861.09,1378.57,13649.65,56,18,6.0,8,0,0,0,0,0,1,1,0,0,0,-1,0,1,0
621.54,0.37,0.09,0,33,1,19,0,2,1,1696.32,516.22,6690.32,182,5,7.4,10,1,1,0,0,0,1,0,2,0,0,-1,0,1,0
913.5,0.62,0.15,0,30,1,7,0,2,3,1464.81,1245.41,6096.86,181,7,1.6,3,0,0,0,0,0,0,1,0,0,0,-1,0,1,0
19246.94,1.15,0.38,0,430,1,8,0,1,0,16739.89,458.71,50219.66,287,20,6.0,11,0,1,0,0,1,0,1,2,0,0,-1,0,1,0
405.49,0.3,0.14,0,326,0,6,0,5,1,1337.66,243.52,2976.28,44,18,4.4,11,0,1,0,0,0,0,1,0,0,0,-1,0,2,0
1063.58,0.69,0.14,0,254,1,19,0,4,0,1550.73,153.67,7396.18,220,20,4.1,13,0,1,0,0,1,0,0,2,0,0,-1,0,2,0
192.98,0.25,0.07,0,88,1,0,0,4,3,757.91,1114.27,2828.89,180,15,6.0,7,0,1,0,0,0,0,0,0,0,0,-1,0,2,0
89604.6,48.61,22.45,0,14,0,18,0,4,2,1843.43,159.05,3992.13,226,18,3.4,4,0,1,0,0,0,0,2,0,1,3,28,1,2,1
13599.76,2.99,0.66,0,13,0,22,0,2,3,4548.19,626.35,20608.21,162,10,2.9,13,0,0,0,0,0,0,1,1,0,0,-1,0,0,0
1177.08,2.12,0.52,1,214,1,23,0,5,0,556.48,377.09,2263.29,177,17,4.4,14,1,0,0,0,0,0,1,2,0,0,-1,0,1,0
805.57,0.48,0.18,0,133,1,14,0,1,3,1663.28,363.38,4419.37,30,9,3.4,5,0,1,0,0,0,0,2,2,0,0,-1,0,0,0
18310.95,7.83,2.45,0,65,0,16,0,0,0,2338.5,256.08,7465.25,166,2,4.6,5,0,1,0,0,0,0,0,1,0,0,-1,0,1,0
807.34,0.51,0.12,1,282,1,20,0,3,0,1570.16,970.9,6942.95,94,2,3.1,1,0,0,0,0,0,1,0,1,0,0,-1,0,0,0
1016.08,1.08,0.32,1,85,1,16,0,5,0,941.22,983.69,3203.23,146,15,6.6,10,0,1,0,0,0,0,1,1,0,0,-1,0,0,0
333.0,0.18,0.06,1,144,1,12,0,3,2,1849.26,1301.74,5452.18,78,4,4.4,0,0,1,0,0,0,0,0,2,0,0,-1,0,2,0
384.83,0.83,0.18,0,27,1,1,1,1,1,464.42,369.36,2109.61,9,19,2.0,10,1,0,0,0,0,0,0,2,0,0,-1,0,1,0
984.06,1.12,0.28,1,333,1,15,0,2,1,879.21,220.97,3558.23,44,15,6.6,12,0,0,0,0,0,0,0,0,0,0,-1,0,1,0
693.64,1.14,0.38,0,363,1,5,1,1,3,611.02,610.81,1848.3,49,4,6.0,9,0,0,0,0,0,0,1,2,0,0,-1,0,1,0
626.4,0.37,0.12,0,111,1,13,0,1,0,1693.7,532.66,5313.96,229,8,0.6,14,0,0,0,0,0,0,0,0,0,0,-1,0,1,0
342.61,0.37,0.1,0,207,1,3,0,2,2,917.73,826.54,3502.53,10,19,6.8,5,0,0,0,1,0,0,2,0,0,0,-1,0,2,0
63515.27,62.15,25.74,0,10,0,18,0,1,0,1021.91,411.45,2468.02,111,6,7.1,6,1,1,0,0,0,0,0,3,1,3,30,1,2,1
328.53,0.47,0.1,0,232,1,8,0,3,0,692.15,262.01,3355.53,223,4,4.8,0,0,1,0,0,0,0,1,0,0,0,-1,0,1,0
18935.28,4.14,0.9,0,68,1,4,0,3,1,4568.99,621.86,21075.05,237,19,7.8,10,0,0,0,0,0,0,2,2,0,0,-1,0,1,0
14722.81,8.83,2.91,0,5,0,21,0,3,2,1667.55,193.34,5067.19,196,6,6.6,10,0,1,0,0,0,0,2,3,1,2,19,0,6,1
145.51,0.15,0.06,0,197,1,5,0,5,1,969.88,1270.23,2558.04,47,11,2.8,2,0,0,0,0,0,0,1,0,0,0,-1,0,1,0
143535.61,13.34,1.11,0,502,1,18,0,1,2,10762.32,361.33,129182.05,271,15,1.7,14,0,1,0,0,0,0,2,2,0,0,-1,0,2,0
10014.47,3.3,0.7,0,59,1,0,0,4,1,3035.09,797.62,14270.94,156,14,6.8,7,1,1,0,0,0,0,1,1,0,0,-1,0,0,0
40380.42,37.22,16.5,1,0,0,0,0,7,3,1085.0,385.62,2447.77,134,17,4.3,0,1,0,1,1,1,0,3,3,0,0,-1,0,0,1
65682.09,27.4,10.96,1,13,0,15,0,4,2,2397.36,156.72,5991.56,87,6,5.9,12,0,1,0,0,0,0,2,1,1,3,24,1,5,1
30520.91,13.2,3.66,1,4,0,2,0,3,3,2312.38,306.47,8342.89,178,7,7.9,1,0,1,0,0,0,0,1,2,1,2,27,1,6,1
33763.43,25.65,8.6,0,3,0,12,0,4,1,1316.09,578.36,3926.26,71,9,2.7,4,0,0,0,0,0,0,2,2,1,4,6,1,2,1
656.23,0.65,0.25,0,363,1,20,0,3,1,1015.66,282.57,2579.89,37,13,3.5,0,0,1,0,0,0,0,2,1,0,0,-1,0,0,0
520.52,0.39,0.16,1,252,1,1,0,4,0,1317.95,796.76,3198.29,171,5,2.2,6,0,1,0,0,0,0,2,2,0,0,-1,0,1,0
83.15,0.05,0.02,1,256,1,6,0,0,0,1658.44,1588.82,5337.95,193,12,4.4,0,0,1,0,0,0,1,1,0,0,0,-1,0,0,0
156.91,0.08,0.02,1,47,1,13,0,0,1,1859.44,1517.7,6734.03,87,13,2.5,12,0,0,0,0,0,0,2,0,0,0,-1,0,0,0
54391.43,18.35,7.23,1,0,0,3,0,3,5,2963.88,776.04,7519.59,68,16,7.1,13,1,0,1,1,0,0,3,4,0,0,-1,0,0,1
6507.54,1.95,0.9,1,62,0,8,0,5,0,3334.69,438.07,7255.0,140,12,6.3,3,0,0,0,0,0,0,1,1,0,0,-1,0,1,0
320.28,0.28,0.09,1,153,0,2,0,5,0,1129.62,276.69,3400.39,176,20,5.9,5,0,1,0,0,0,0,0,0,0,0,-1,0,1,0
1220.28,2.5,1.01,1,191,1,13,0,5,3,488.27,676.74,1208.62,126,3,3.8,7,0,1,0,0,0,0,0,1,0,0,-1,0,0,0
53905.84,8.73,1.11,0,91,1,22,0,2,3,6177.11,1535.57,48515.26,92,3,3.5,10,0,1,0,0,0,0,0,1,0,0,-1,0,2,0
68713.01,6.02,1.11,0,384,1,7,0,2,1,11412.77,471.51,61841.71,217,13,3.0,10,1,1,0,0,0,0,0,0,0,0,-1,0,1,0
7666.0,6.1,2.3,1,32,1,23,0,4,2,1255.69,269.17,3338.47,84,3,2.4,2,1,0,0,0,0,0,1,1,0,0,-1,0,0,0
981.86,0.57,0.21,0,64,1,9,1,5,3,1722.52,401.37,4747.95,185,10,2.1,0,1,0,0,0,0,0,1,1,0,0,-1,0,0,0
1292.34,1.01,0.24,0,238,1,9,0,5,3,1279.43,849.48,5388.78,150,11,4.9,8,1,1,0,0,0,0,2,0,0,0,-1,0,2,0
2002.95,0.44,0.1,0,71,0,4,0,0,0,4556.73,770.75,20140.83,105,9,6.7,5,1,1,0,0,0,1,1,2,0,0,-1,0,1,0
853.17,1.76,0.65,0,161,1,21,0,2,3,484.81,209.71,1306.76,196,7,4.2,5,1,1,0,0,0,0,1,1,0,0,-1,0,2,0
3076.92,0.78,0.32,0,2,1,2,0,0,2,3924.47,561.98,9475.33,130,10,6.4,4,1,1,0,0,0,0,2,2,0,0,-1,0,0,0
690.14,0.61,0.2,0,15,1,8,0,2,2,1129.04,551.69,3404.52,47,20,6.6,7,1,1,0,0,0,0,2,2,0,0,-1,0,1,0
1587.94,1.03,0.25,0,301,1,6,1,1,3,1534.96,213.96,6294.97,165,6,1.8,5,1,0,0,0,0,0,0,1,0,0,-1,0,1,0
426.56,0.23,0.11,0,5,0,5,0,4,0,1817.8,606.68,3750.91,5,2,4.4,3,0,1,0,0,0,0,0,0,0,0,-1,0,2,0
23124.38,8.57,3.88,0,75,0,0,0,4,3,2698.58,946.1,5965.26,10,17,7.3,10,1,0,1,0,0,0,2,0,0,0,-1,0,1,0
93065.69,5.83,1.11,0,164,1,19,0,3,1,15973.87,487.22,83759.12,149,18,6.1,4,0,0,0,0,0,0,1,1,0,0,-1,0,0,0
1181.92,2.56,0.97,0,101,1,13,1,3,0,461.25,615.71,1224.74,223,18,4.0,6,1,0,0,0,0,0,0,0,0,0,-1,0,0,0
103.95,0.1,0.02,0,32,1,13,0,3,0,1086.77,627.7,4661.16,9,15,1.2,2,0,0,0,0,0,0,1,0,0,0,-1,0,1,0
354.89,0.21,0.09,0,226,1,23,0,1,0,1660.69,694.54,4017.34,178,19,3.2,0,1,1,0,0,0,0,2,2,0,0,-1,0,2,0
5185.85,1.75,0.41,0,27,0,17,0,0,2,2966.05,403.1,12520.06,151,12,4.6,10,0,1,0,0,0,0,0,1,0,0,-1,0,1,0
54995.87,24.31,6.47,0,2,0,18,0,1,3,2262.63,461.54,8499.4,216,10,4.2,10,0,0,0,0,0,0,2,3,1,3,14,0,4,1
53318.84,46.63,17.23,1,0,0,16,0,3,1,1143.33,1493.06,3094.75,83,3,6.5,1,0,0,1,0,0,0,2,3,0,0,-1,0,1,1
41577.24,13.8,5.15,0,14,0,20,0,2,2,3013.73,546.26,8072.93,121,5,2.3,13,0,1,0,0,0,0,0,2,1,2,16,1,2,1
2948.78,0.81,0.21,0,26,1,1,1,0,1,3644.32,158.65,13925.07,197,9,4.5,8,1,0,0,0,1,0,0,2,0,0,-1,0,1,0
5520.05,3.4,0.78,0,357,1,20,0,2,2,1622.92,621.96,7045.95,183,19,2.5,2,1,1,0,0,0,1,1,0,0,0,-1,0,1,0
355.71,0.22,0.05,1,303,0,17,0,4,2,1620.8,570.6,7893.07,221,10,6.1,5,1,1,0,0,0,0,0,2,0,0,-1,0,1,0
268.85,0.2,0.04,0,27,0,0,0,5,2,1352.57,639.27,6016.67,126,7,2.5,10,0,1,0,0,0,0,2,2,0,0,-1,0,1,0
3853.53,3.4,1.58,1,89,1,2,0,3,1,1132.96,521.75,2434.23,122,2,1.4,0,0,0,0,0,0,1,2,2,0,0,-1,0,0,0
65037.74,2.67,0.89,0,63,1,4,0,2,3,24354.32,399.75,73062.96,133,9,5.1,13,0,1,0,0,0,0,2,1,0,0,-1,0,2,0
21723.57,14.28,3.47,0,77,1,13,0,3,2,1521.41,307.38,6254.25,118,10,6.8,1,1,1,1,0,0,0,1,0,0,0,-1,0,1,0
143196.09,9.25,1.11,0,61,1,22,0,3,0,15482.66,721.28,128876.48,292,17,4.0,5,0,1,1,0,1,0,1,2,0,0,-1,0,0,0
524.29,0.48,0.17,1,357,1,22,1,5,1,1085.84,409.52,3051.05,23,9,7.0,6,0,1,0,0,0,0,1,2,0,0,-1,0,2,0
119933.16,13.69,1.11,0,279,1,17,1,3,1,8761.73,293.88,107939.84,162,7,1.9,1,0,1,1,0,0,1,0,1,0,0,-1,0,2,0
3593.97,2.15,0.69,0,8,1,18,0,2,2,1672.36,257.75,5230.7,44,5,3.9,12,0,1,0,1,0,0,2,0,0,0,-1,0,2,0
113477.46,10.84,1.11,0,160,1,12,0,3,2,10471.83,1117.69,102129.71,75,4,6.7,9,0,0,0,0,0,0,2,0,0,0,-1,0,0,0
55450.37,25.72,9.75,1,0,0,18,0,3,0,2155.62,424.47,5688.41,67,10,3.2,5,0,0,0,0,0,0,1,1,0,0,-1,0,3,1
19771.85,20.75,4.17,1,5,1,7,0,5,2,952.79,227.76,4742.06,14,20,1.6,3,0,1,1,0,0,0,2,1,0,0,-1,0,1,0
497.98,0.5,0.17,0,21,1,6,1,5,1,997.31,435.96,2916.73,232,18,5.5,8,1,1,0,0,0,0,2,2,0,0,-1,0,1,0
57716.64,36.59,10.89,0,7,0,23,0,5,2,1577.34,1024.52,5300.05,125,10,5.0,5,1,1,0,0,0,0,0,0,1,3,12,1,3,1
330.39,0.4,0.1,0,295,1,14,0,2,1,825.21,400.21,3428.89,201,20,7.9,4,0,1,0,0,1,0,1,2,0,0,-1,0,0,0
39007.4,36.39,15.77,1,0,0,16,0,7,5,1072.06,180.55,2474.08,228,19,2.8,3,1,0,1,1,0,0,5,3,0,0,-1,0,0,1
146520.89,10.66,1.11,0,355,1,2,0,3,1,13739.66,859.37,131868.8,284,3,5.2,1,0,1,0,0,0,0,1,0,0,0,-1,0,0,0
69747.44,3.68,1.11,0,116,1,23,1,2,1,18941.63,186.49,62772.7,236,9,7.2,11,0,0,0,0,0,0,0,1,0,0,-1,0,0,0
219.51,0.19,0.09,0,271,1,22,0,3,0,1156.22,952.48,2564.5,96,13,7.2,10,0,1,0,0,1,0,0,1,0,0,-1,0,1,0
12873.63,3.01,0.65,1,10,1,12,0,2,3,4281.16,777.48,19887.58,29,4,1.1,11,0,1,0,0,0,0,0,1,0,0,-1,0,1,0
1541.83,0.96,0.38,0,91,1,17,0,1,3,1606.13,519.63,4085.92,56,19,0.7,7,0,0,0,0,0,0,1,0,0,0,-1,0,2,0
21603.18,15.45,3.58,0,73,1,5,0,5,0,1398.66,195.13,6033.57,123,11,1.0,2,1,1,0,1,0,0,1,1,0,0,-1,0,1,0
797.1,0.65,0.25,0,16,1,9,0,2,0,1223.9,813.11,3134.24,13,14,2.7,10,1,0,0,0,0,0,0,0,0,0,-1,0,0,0
199.15,0.42,0.11,1,342,0,22,1,1,2,479.7,869.9,1771.99,80,11,5.8,3,0,1,0,0,0,0,0,0,0,0,-1,0,1,0
243.21,0.46,0.19,0,22,1,9,0,5,3,531.65,167.85,1268.08,173,6,0.9,7,0,0,1,0,0,0,2,1,0,0,-1,0,0,0
42815.12,80.05,39.79,1,0,0,22,0,3,0,534.82,2713.13,1076.14,176,17,2.8,13,1,0,0,0,0,1,0,3,0,0,-1,0,2,1
98753.07,74.35,20.69,0,7,0,14,0,4,0,1328.17,317.91,4773.3,161,11,0.8,11,1,0,0,0,0,1,0,2,1,3,20,0,3,1
42094.15,44.11,19.87,1,0,0,7,0,5,5,954.28,1175.91,2118.99,234,13,6.1,3,1,0,1,0,0,0,2,2,0,0,-1,0,1,1
560.35,0.86,0.17,0,154,1,17,0,4,0,652.84,190.13,3234.55,84,13,6.7,2,1,1,0,0,0,0,1,0,0,0,-1,0,2,0
1456.97,1.82,0.4,0,100,1,13,0,1,2,798.36,432.48,3652.9,69,17,1.7,3,0,0,0,0,0,0,0,0,0,0,-1,0,2,0
1230.74,0.88,0.28,0,200,1,22,1,2,3,1394.78,795.75,4367.09,59,10,5.5,14,0,1,0,0,0,0,2,1,0,0,-1,0,2,0
352.44,0.57,0.24,1,216,1,18,1,2,1,622.25,474.35,1470.38,80,20,1.8,1,0,1,0,0,0,0,2,1,0,0,-1,0,1,0
29248.83,2.64,0.88,0,162,1,10,0,2,3,11080.09,282.68,33240.28,275,19,6.6,5,0,1,0,0,0,0,2,2,0,0,-1,0,1,0
1213.41,0.87,0.17,1,76,1,3,1,5,1,1390.51,2627.91,6936.03,198,17,5.5,6,1,1,0,0,0,0,2,1,0,0,-1,0,0,0
94459.86,4.77,1.11,0,297,1,21,0,0,1,19820.53,314.04,85013.87,59,8,7.5,6,0,1,0,0,0,0,2,2,0,0,-1,0,2,0
3564.73,0.75,0.25,0,53,0,2,0,5,1,4770.25,171.52,14246.77,72,6,2.4,1,0,0,0,0,0,0,2,1,0,0,-1,0,0,0
111944.82,5.93,1.11,0,727,1,17,0,3,2,18877.86,570.97,100750.34,168,4,3.7,13,0,1,0,0,0,0,2,2,0,0,-1,0,0,0
251.11,0.26,0.08,0,341,1,5,0,2,3,969.56,351.91,2956.75,31,5,3.6,11,1,1,0,0,0,0,2,2,0,0,-1,0,0,0
462.04,0.76,0.2,0,140,1,11,1,1,1,610.35,287.13,2365.03,157,7,0.8,12,0,1,0,0,0,0,2,2,0,0,-1,0,1,0
50396.43,35.06,12.05,1,0,0,23,1,4,5,1437.56,289.44,4183.85,183,9,1.0,9,1,0,1,1,0,0,5,5,0,0,-1,0,1,1
19574.41,10.24,2.64,1,88,1,15,0,4,3,1911.27,156.02,7426.85,16,9,0.6,12,0,1,1,0,1,0,0,0,0,0,-1,0,0,0
137666.51,14.17,1.11,0,358,1,14,0,4,0,9715.93,184.14,123899.86,75,17,5.7,0,0,0,0,0,0,0,0,1,0,0,-1,0,1,0
463.76,0.55,0.12,0,176,1,17,0,1,1,842.13,587.07,3719.98,204,17,1.6,12,0,1,0,0,0,0,2,1,0,0,-1,0,0,0
67563.55,67.48,21.1,0,14,0,3,0,0,0,1001.26,565.04,3202.71,227,4,1.9,0,0,1,0,0,0,0,1,3,1,4,51,1,5,1
7220.85,6.77,3.2,1,76,1,17,0,5,3,1067.23,234.09,2256.83,118,7,1.7,10,1,1,0,0,0,1,1,0,0,0,-1,0,1,0
25439.27,36.7,20.35,1,0,0,8,0,3,1,693.23,724.78,1250.02,211,9,1.7,4,0,1,0,0,0,0,0,2,0,0,-1,0,1,1
610.13,0.35,0.08,0,189,1,10,1,4,2,1719.35,503.3,7347.29,41,5,2.6,12,0,0,0,0,0,0,0,2,0,0,-1,0,1,0
18614.75,4.26,1.59,0,41,0,2,0,0,3,4369.41,221.01,11719.01,94,7,5.1,6,1,0,0,0,0,0,2,2,0,0,-1,0,0,0
8656.32,10.07,4.62,0,33,0,8,0,2,0,859.55,993.11,1875.16,215,8,1.7,5,0,1,0,0,0,0,2,1,0,0,-1,0,0,0
45451.97,66.28,23.79,1,0,0,2,0,1,1,685.75,319.42,1910.37,58,10,1.2,7,0,1,0,0,0,0,2,2,0,0,-1,0,2,1
137770.75,7.27,1.11,0,183,1,22,0,1,2,18955.43,1190.7,123993.68,107,3,3.8,8,0,1,0,0,0,0,1,0,0,0,-1,0,0,0
216.11,0.13,0.03,0,166,1,7,1,3,0,1672.35,1710.8,8266.68,242,19,7.4,12,0,0,0,0,0,0,2,0,0,0,-1,0,2,0
21050.16,11.7,3.05,1,88,1,10,0,3,2,1799.17,755.82,6900.25,199,15,6.3,3,0,1,0,0,0,0,1,1,0,0,-1,0,1,0
18115.81,18.26,8.45,1,0,0,16,0,4,5,992.24,777.94,2144.77,33,8,2.5,1,1,0,1,1,0,0,3,5,0,0,-1,0,1,1
29316.56,15.0,3.73,0,17,1,17,0,1,3,1953.96,375.42,7858.5,159,14,0.8,6,0,1,0,0,0,0,1,2,0,0,-1,0,0,0
406.05,0.43,0.14,0,119,1,8,1,3,2,935.73,395.81,2955.52,29,18,6.9,4,0,0,0,0,0,0,0,1,0,0,-1,0,0,0
115.2,0.09,0.03,0,58,1,20,0,2,1,1324.85,259.02,4409.56,219,9,5.5,12,1,0,0,0,1,0,0,2,0,0,-1,0,1,0
876.6,0.47,0.1,0,109,1,7,0,5,0,1879.52,485.67,8828.34,138,13,5.5,10,0,1,0,0,0,0,2,1,0,0,-1,0,0,0
134.47,0.08,0.03,0,113,1,18,0,0,1,1760.55,307.18,4880.1,76,2,2.2,5,0,1,0,0,0,0,1,2,0,0,-1,0,1,0
335.56,0.3,0.07,0,267,1,18,0,2,3,1128.61,687.53,4887.04,81,14,6.2,10,0,0,0,1,1,0,2,1,0,0,-1,0,2,0
133977.0,24.26,1.11,0,617,1,11,0,3,3,5522.88,222.2,120579.3,293,11,5.0,10,0,1,0,0,0,1,2,0,0,0,-1,0,1,0
35161.51,22.15,7.83,1,0,0,20,0,3,2,1587.76,616.0,4489.02,149,16,0.7,3,1,1,0,0,0,0,2,2,0,0,-1,0,3,1
15114.5,9.15,2.01,0,70,0,15,0,1,2,1650.97,642.13,7510.35,4,12,7.1,12,1,1,0,0,0,1,0,0,0,0,-1,0,0,0
269.5,0.32,0.1,0,142,1,21,0,2,0,851.76,209.83,2798.17,15,14,5.7,11,0,1,0,0,0,0,2,2,0,0,-1,0,1,0
19229.82,6.23,2.03,1,75,0,4,0,1,2,3089.12,348.98,9452.68,56,19,3.4,6,1,1,0,0,1,0,0,2,0,0,-1,0,1,0
11853.91,3.25,1.11,1,72,0,0,0,1,3,3645.82,468.54,10690.46,30,2,3.0,10,1,0,0,0,0,0,0,0,0,0,-1,0,1,0
12236.56,2.94,0.59,0,42,1,0,0,2,2,4156.96,1176.53,20714.05,194,3,3.2,12,0,0,0,0,0,0,0,1,0,0,-1,0,1,0
1117.53,0.79,0.38,0,283,1,15,0,5,0,1422.42,345.1,2952.54,174,14,2.5,5,1,1,0,0,0,0,2,0,0,0,-1,0,1,0
100881.22,5.95,1.11,0,729,1,8,0,3,1,16947.22,175.93,90793.1,146,9,4.3,3,0,1,1,0,0,1,0,0,0,0,-1,0,0,0
22312.03,6.63,3.06,0,82,1,20,0,0,3,3364.23,181.83,7292.84,81,17,6.4,6,1,0,0,0,0,0,2,1,0,0,-1,0,1,0
93290.28,69.26,23.18,1,13,0,22,0,5,2,1346.97,177.42,4024.75,241,3,1.5,8,0,0,0,0,0,0,1,1,1,4,45,1,4,1
143.74,0.1,0.03,0,284,1,8,0,3,1,1490.33,554.54,5638.88,160,5,3.7,10,0,0,0,0,0,0,0,1,0,0,-1,0,1,0
44952.71,4.3,1.11,0,687,1,10,0,5,2,10451.75,466.52,40457.44,90,19,3.3,4,0,1,0,0,0,0,2,0,0,0,-1,0,2,0
632.78,0.36,0.1,0,94,1,14,0,2,2,1762.1,494.65,6482.82,124,7,2.6,4,0,1,0,0,0,0,2,0,0,0,-1,0,1,0
87119.42,7.21,1.11,0,133,1,21,1,3,0,12086.68,353.84,78407.48,157,7,2.8,12,1,1,0,0,0,0,2,0,0,0,-1,0,0,0
146704.72,13.39,1.11,0,634,1,6,0,3,1,10959.56,1762.54,132034.25,101,2,4.4,13,1,1,0,0,0,0,1,0,0,0,-1,0,2,0
448.62,0.72,0.31,0,39,1,9,0,3,0,627.22,742.52,1447.66,108,9,7.0,12,0,1,0,0,0,0,1,2,0,0,-1,0,0,0
70471.84,82.2,27.74,1,0,0,22,0,4,1,857.28,583.16,2540.18,61,4,1.8,12,0,1,1,0,0,0,1,1,0,0,-1,0,3,1
17023.4,13.31,5.66,0,54,0,5,1,5,3,1278.59,258.72,3006.48,173,7,0.7,0,0,1,0,0,0,0,2,1,0,0,-1,0,1,0
63526.21,3.35,1.11,0,686,1,22,0,0,0,18964.81,509.41,57173.59,290,17,4.2,9,0,0,0,0,0,0,1,1,0,0,-1,0,0,0
413.7,0.26,0.1,0,281,1,11,0,3,2,1614.14,317.16,4179.86,184,18,7.7,7,1,1,0,0,0,0,2,0,0,0,-1,0,1,0
22946.46,7.54,1.85,1,56,0,14,0,3,2,3041.99,876.97,12436.73,246,8,2.0,7,0,1,0,0,1,0,1,0,0,0,-1,0,1,0
8942.93,1.95,0.64,0,83,1,7,0,5,3,4574.52,263.88,14055.68,147,6,4.1,9,1,0,0,0,0,0,0,1,0,0,-1,0,1,0
62111.93,3.41,1.11,0,487,1,14,0,2,3,18190.25,1087.73,55900.74,99,14,4.6,10,1,1,0,0,0,0,0,2,0,0,-1,0,2,0
6288.06,2.61,0.8,0,4,0,12,0,0,2,2406.02,602.0,7827.71,79,9,5.3,7,1,0,0,0,0,0,1,2,0,0,-1,0,0,0
5063.69,1.89,0.7,1,0,0,1,0,3,2,2679.74,240.36,7187.45,237,10,1.8,5,1,0,1,1,1,0,5,4,0,0,-1,0,1,1
509.5,0.38,0.08,0,196,1,4,0,1,0,1330.47,332.33,6580.55,48,15,7.1,7,0,0,0,0,0,0,0,1,0,0,-1,0,0,0
10657.37,7.14,3.56,0,38,1,3,0,3,2,1493.03,1159.33,2990.17,234,8,6.2,11,0,1,0,0,0,0,2,0,0,0,-1,0,1,0
113.23,0.3,0.08,0,148,1,17,0,5,2,374.66,367.24,1430.0,17,12,3.8,11,0,1,0,0,0,0,1,2,0,0,-1,0,0,0
48624.79,34.61,11.6,1,0,0,22,0,2,2,1404.85,594.23,4190.76,96,16,3.3,1,0,0,0,0,0,0,2,3,0,0,-1,0,0,1
176.59,0.12,0.02,0,57,1,3,0,4,2,1466.65,178.76,7119.84,82,16,5.4,13,0,0,0,0,0,0,2,0,0,0,-1,0,0,0
347.43,0.2,0.05,0,232,1,9,0,0,2,1771.46,170.06,6644.24,112,5,5.7,13,0,0,0,0,0,0,2,0,0,0,-1,0,0,0
396.1,0.32,0.09,0,228,1,16,0,5,2,1229.55,148.67,4511.37,154,13,6.5,12,0,1,0,0,0,0,0,0,0,0,-1,0,1,0
11616.42,4.07,0.87,1,12,0,12,0,5,1,2853.38,282.69,13307.59,54,3,3.5,1,0,1,0,0,0,0,2,0,0,0,-1,0,1,0
390.73,1.06,0.29,0,262,1,1,0,4,3,370.01,300.67,1339.36,17,12,3.1,13,1,1,0,0,0,0,2,0,0,0,-1,0,2,0
28410.92,11.47,3.81,1,47,0,23,0,0,0,2476.35,558.63,7453.28,203,17,6.2,8,1,0,0,0,0,0,0,2,0,0,-1,0,0,0
99047.89,48.69,18.21,0,7,0,15,0,1,2,2034.43,265.92,5437.83,84,13,7.0,12,0,1,0,0,0,0,2,1,1,3,11,1,2,1
49603.61,23.3,9.61,1,0,0,14,0,8,4,2128.52,164.23,5162.78,22,2,1.7,5,1,0,1,0,0,0,5,2,0,0,-1,0,1,1
10057.97,0.51,0.17,0,705,1,19,0,3,3,19689.85,1243.76,59069.55,86,3,3.8,7,0,0,0,0,0,0,0,0,0,0,-1,0,2,0
670.01,0.36,0.12,0,130,1,8,0,0,1,1847.21,365.6,5380.66,97,6,4.4,6,0,1,0,1,0,0,0,2,0,0,-1,0,2,0
52708.92,31.37,15.65,1,0,0,11,0,7,3,1680.24,150.37,3366.96,50,11,0.9,6,1,0,1,0,0,0,5,5,0,0,-1,0,0,1
71755.84,159.19,60.11,0,11,0,14,0,4,2,450.76,490.6,1193.65,4,4,3.7,14,0,0,0,0,0,0,2,3,1,3,58,1,4,1
1390.66,1.02,0.29,0,163,1,9,0,5,0,1356.86,212.01,4757.3,205,7,1.3,13,1,1,0,1,0,0,0,0,0,0,-1,0,1,0
22995.0,3.85,1.11,0,86,1,17,0,2,0,5971.58,541.49,20695.5,138,11,0.7,12,0,0,0,0,0,0,0,0,0,0,-1,0,2,0
606.0,1.05,0.41,0,316,1,6,0,3,1,576.96,813.67,1461.56,189,15,3.3,14,1,0,0,0,0,0,2,1,0,0,-1,0,0,0
58071.55,25.49,11.39,1,0,0,6,0,4,0,2278.3,789.31,5099.08,163,18,2.2,5,1,1,0,0,0,0,1,4,0,0,-1,0,3,1
479.25,0.46,0.11,0,176,1,3,0,3,2,1047.78,243.77,4338.49,231,16,5.1,11,1,1,0,0,0,0,0,2,0,0,-1,0,2,0
6371.84,1.77,0.36,0,55,0,14,0,2,1,3609.88,1805.0,17582.51,72,10,4.4,4,1,0,0,0,0,0,1,0,0,0,-1,0,0,0
418.52,0.52,0.24,0,69,1,21,0,2,2,812.6,1158.27,1715.33,5,10,7.3,9,0,1,0,0,0,0,2,2,0,0,-1,0,1,0
101051.18,6.43,1.11,0,712,1,3,0,4,1,15727.45,437.23,90946.06,142,16,7.1,1,1,0,0,0,0,0,0,2,0,0,-1,0,2,0
625.77,0.87,0.41,0,330,1,20,0,5,1,719.79,198.32,1529.64,10,8,7.0,8,1,1,0,0,0,0,2,2,0,0,-1,0,0,0
18441.42,1.02,0.34,0,299,1,5,1,3,0,18115.08,390.32,54345.23,195,4,7.1,2,0,0,0,0,0,0,2,1,0,0,-1,0,1,0
88098.43,3.8,1.11,0,166,1,17,0,2,2,23175.56,486.49,79288.59,259,17,5.2,13,0,1,0,0,0,1,0,0,0,0,-1,0,0,0
52344.03,56.59,28.3,1,0,0,14,0,3,1,924.99,443.46,1849.64,95,7,6.5,2,0,1,0,0,0,0,2,1,0,0,-1,0,2,1
393.87,0.27,0.06,0,213,1,6,0,3,0,1467.98,178.07,6640.07,83,5,4.0,8,0,1,0,0,0,1,1,1,0,0,-1,0,1,0
52025.85,26.82,10.85,1,0,0,16,0,5,2,1939.64,1666.7,4795.39,204,19,2.6,9,1,0,1,0,0,0,0,2,0,0,-1,0,1,1
53352.71,47.36,24.95,1,0,0,9,0,5,2,1126.63,419.6,2138.14,47,13,1.7,14,1,1,0,0,0,0,0,4,0,0,-1,0,1,1
57041.43,4.21,1.11,0,61,1,22,0,5,3,13564.48,871.36,51337.29,290,8,7.1,2,0,1,1,0,0,0,2,1,0,0,-1,0,1,0
407.49,0.32,0.1,0,257,1,8,0,3,1,1273.12,1996.6,4263.6,90,17,6.4,10,1,0,0,0,0,0,0,0,0,0,-1,0,0,0
92339.54,41.44,11.91,0,0,0,4,0,3,2,2228.32,1207.81,7753.3,244,20,5.3,9,0,1,0,0,0,0,0,0,1,4,30,1,3,1
1275.34,0.77,0.2,0,6,1,7,0,0,1,1666.38,496.11,6297.13,72,16,1.2,10,1,0,0,0,0,0,2,0,0,0,-1,0,0,0
60138.72,16.34,7.88,1,8,0,20,0,5,3,3679.65,778.02,7633.51,3,17,6.3,14,0,1,0,0,0,0,0,0,1,2,59,1,3,1
16378.42,7.81,3.13,0,17,0,0,1,0,3,2095.91,348.44,5235.13,75,18,4.1,9,1,1,0,0,0,0,2,2,0,0,-1,0,1,0
27462.07,14.31,4.6,0,12,0,17,0,3,1,1919.61,650.27,5969.36,166,18,7.4,8,1,1,0,0,0,0,1,0,0,0,-1,0,0,0
77990.73,8.47,1.11,0,115,1,14,0,5,0,9208.6,632.81,70191.66,198,14,0.5,7,0,1,0,0,0,0,2,2,0,0,-1,0,0,0
450.63,0.77,0.23,0,67,1,22,0,2,3,586.72,939.6,1951.89,82,15,3.7,12,0,1,0,0,0,0,0,1,0,0,-1,0,0,0
28593.44,14.38,6.57,1,0,0,3,0,6,4,1988.6,1002.63,4355.14,78,3,3.1,11,1,0,1,1,0,0,4,4,1,0,-1,0,2,1
5774.18,2.55,0.52,0,2,1,14,0,1,1,2264.37,154.01,11127.89,61,9,6.1,3,1,0,0,0,0,0,1,0,0,0,-1,0,0,0
18503.59,0.83,0.28,0,669,1,11,0,4,2,22214.43,253.48,66643.29,137,15,1.5,9,0,0,0,0,0,0,1,0,0,0,-1,0,1,0
11686.53,0.66,0.22,0,318,1,17,0,3,2,17837.56,994.77,53512.69,86,11,5.6,6,0,0,0,0,0,0,1,2,0,0,-1,0,0,0
73349.08,62.21,25.82,1,0,0,3,0,1,1,1179.01,2036.45,2840.76,216,8,1.1,14,0,0,0,0,0,0,1,2,0,0,-1,0,2,1
20180.39,13.05,6.23,1,0,0,5,0,3,0,1546.72,430.59,3240.4,243,14,4.3,13,1,1,0,0,0,0,0,1,0,0,-1,0,0,1
27857.56,13.82,4.15,0,38,0,16,0,0,2,2015.12,735.52,6719.22,130,7,4.4,1,1,0,0,0,0,0,0,2,0,0,-1,0,1,0
73720.15,99.77,32.01,0,0,0,18,0,2,0,738.9,1481.28,2302.76,217,15,3.3,14,0,1,0,0,0,0,1,2,1,3,6,1,1,1
311.85,0.23,0.05,0,151,1,11,0,5,2,1371.28,151.56,6658.19,31,20,5.4,2,1,0,1,0,0,0,1,1,0,0,-1,0,1,0
36697.39,19.05,8.84,1,0,0,4,0,4,4,1926.43,1636.81,4153.08,133,7,6.5,13,1,0,1,1,1,0,2,5,0,0,-1,0,1,1
65423.5,20.4,7.47,0,8,0,10,0,0,2,3206.48,403.39,8758.68,182,11,4.9,14,0,1,0,0,0,0,2,0,1,3,40,1,1,1
21556.77,4.58,1.8,1,48,0,4,0,2,3,4703.35,198.42,11951.92,136,17,4.4,2,0,1,1,0,0,0,2,2,0,0,-1,0,0,0
334.97,0.27,0.11,0,260,0,22,0,3,3,1232.57,600.42,2994.22,229,10,6.3,7,1,1,0,0,1,1,0,0,0,0,-1,0,1,0
141377.59,15.7,1.11,0,383,1,4,0,4,3,9002.41,226.58,127239.83,51,5,4.4,0,0,1,0,0,1,0,2,0,0,0,-1,0,1,0
35535.09,9.77,4.43,1,10,0,10,0,5,1,3636.31,288.1,8018.32,217,11,3.1,3,0,0,0,0,0,0,2,0,1,3,46,0,5,1
904.42,0.61,0.16,0,95,0,19,0,1,0,1475.57,740.93,5584.91,17,13,0.8,13,0,1,0,0,0,0,0,1,0,0,-1,0,0,0
95506.67,24.08,10.21,0,6,0,19,0,3,3,3965.96,202.12,9355.24,171,8,2.4,5,0,0,0,0,0,0,2,0,1,3,4,1,3,1
26798.02,1.53,0.51,0,186,1,12,0,4,0,17518.93,713.11,52556.78,240,15,2.3,2,0,1,0,0,0,0,0,0,0,0,-1,0,0,0
1191.28,0.84,0.17,0,192,1,23,0,4,1,1424.32,324.62,6834.72,152,6,4.1,12,0,1,0,0,0,0,1,1,0,0,-1,0,1,0
181.52,0.24,0.05,0,284,1,18,0,0,2,756.68,702.8,3394.84,29,15,7.7,0,0,1,0,0,1,0,1,2,0,0,-1,0,0,0
9255.12,2.1,0.71,1,81,1,1,0,1,2,4398.43,2421.71,12986.19,250,7,3.2,3,0,1,0,0,0,0,1,1,0,0,-1,0,0,0
239.85,0.18,0.05,1,240,1,2,0,5,2,1349.41,2048.09,4461.6,116,18,1.8,4,0,1,0,0,0,1,0,0,0,0,-1,0,0,0
5678.39,1.67,0.44,1,12,1,8,0,5,1,3395.35,402.65,12836.26,224,11,4.2,10,1,0,0,0,0,0,0,2,0,0,-1,0,1,0
6148.63,2.9,1.23,1,34,0,9,0,3,1,2119.89,630.68,4979.15,19,6,4.5,10,0,0,0,0,0,0,0,0,0,0,-1,0,0,0
598.25,0.49,0.19,0,359,0,15,0,5,3,1210.04,1410.57,3081.78,148,6,7.2,4,0,1,0,0,0,0,0,1,0,0,-1,0,0,0
394.48,0.54,0.16,1,113,1,16,0,0,3,730.02,935.23,2456.12,131,19,2.9,8,1,1,0,0,0,0,0,1,0,0,-1,0,0,0
98877.67,56.46,17.99,1,11,0,16,0,0,0,1751.42,360.79,5495.49,128,8,4.8,7,1,1,0,0,0,0,2,0,1,3,50,0,3,1
3237.45,3.29,0.76,0,119,1,5,0,2,1,985.16,173.81,4245.96,171,18,1.0,1,0,1,0,0,0,0,2,2,0,0,-1,0,0,0
28551.03,11.28,4.74,1,0,0,8,0,7,3,2530.02,398.46,6024.64,57,8,2.7,9,1,0,1,0,1,0,4,4,0,0,-1,0,2,1
1129.88,0.72,0.16,0,228,1,10,0,3,1,1572.15,917.32,7115.47,86,12,3.0,6,1,0,0,0,0,0,2,0,0,0,-1,0,2,0
1376.79,1.66,0.52,0,59,1,8,0,1,3,827.37,342.52,2656.8,7,9,5.3,6,0,1,0,0,0,0,2,1,0,0,-1,0,1,0
12718.34,3.82,1.33,1,88,0,14,0,4,3,3328.52,546.68,9564.42,89,11,4.3,6,1,1,1,0,0,0,0,2,0,0,-1,0,0,0
164.95,0.14,0.04,0,109,1,5,0,2,3,1151.88,265.94,3831.72,31,13,1.1,9,0,0,0,0,0,0,0,1,0,0,-1,0,1,0
3376.2,0.82,0.25,1,57,0,17,0,1,2,4126.5,411.19,13427.33,193,4,1.2,12,0,0,0,0,0,0,2,0,0,0,-1,0,0,0
54112.13,76.9,32.36,1,0,0,17,0,6,3,703.71,302.25,1672.44,250,9,7.3,6,1,0,1,0,0,0,2,2,0,0,-1,0,1,1
252.88,0.76,0.17,0,344,1,7,0,3,1,330.89,186.35,1503.71,77,2,5.0,2,0,0,0,0,0,0,1,1,0,0,-1,0,0,0
7085.27,8.77,3.72,1,47,0,10,1,4,1,807.7,374.46,1904.77,165,16,3.7,8,1,1,0,0,0,0,0,1,0,0,-1,0,0,0
137421.01,9.28,1.11,0,288,1,12,0,4,1,14815.54,2231.84,123678.91,192,14,3.9,0,1,1,0,0,1,0,2,0,0,0,-1,0,2,0
16389.19,6.01,2.04,1,0,0,6,0,8,5,2726.64,159.19,8025.22,78,8,5.8,10,1,0,1,1,0,0,5,1,0,0,-1,0,0,1
52597.54,21.52,7.87,1,0,0,11,0,5,2,2444.05,2488.19,6687.07,80,14,2.6,6,1,0,1,1,1,1,4,4,0,0,-1,0,2,1
131686.35,11.56,1.11,0,502,1,9,0,5,1,11394.88,571.72,118517.72,136,14,4.9,13,0,1,0,0,0,0,2,0,0,0,-1,0,2,0
2768.43,0.65,0.17,0,75,1,10,0,0,0,4261.22,152.46,16279.87,184,14,2.3,0,1,1,0,0,0,0,1,0,0,0,-1,0,1,0
83372.53,32.57,8.62,0,14,0,22,0,0,1,2559.58,1584.39,9676.41,182,7,1.2,0,1,0,0,0,0,0,0,2,1,2,2,0,1,1
67307.08,5.87,1.11,0,561,1,1,0,3,3,11458.15,301.97,60576.37,62,2,3.5,12,0,1,0,0,0,1,1,1,0,0,-1,0,2,0
9220.53,4.17,1.41,0,3,0,14,0,0,1,2212.08,3340.83,6550.39,244,5,6.4,8,1,0,0,0,0,1,0,0,0,0,-1,0,0,0
56756.87,39.11,15.33,1,0,0,15,0,3,2,1451.38,556.89,3703.42,150,7,0.9,9,0,0,0,0,0,0,2,2,0,0,-1,0,0,1
102.72,0.16,0.03,0,91,1,10,0,3,0,645.88,261.61,3167.21,107,9,7.4,0,0,1,0,0,0,0,0,1,0,0,-1,0,1,0
85097.4,36.7,12.03,0,13,0,13,0,2,3,2318.92,255.58,7074.43,79,6,7.3,5,0,0,0,0,0,0,0,2,1,3,60,0,3,1
265.74,0.23,0.06,0,291,1,3,0,0,3,1160.4,517.51,4556.81,130,7,6.2,3,0,1,0,0,0,0,0,0,0,0,-1,0,0,0
102.93,0.15,0.07,0,275,1,1,0,4,1,670.69,1424.88,1464.84,52,18,6.9,10,1,1,0,0,0,0,2,2,0,0,-1,0,1,0
527.33,0.56,0.22,0,306,1,12,1,4,2,943.97,917.86,2442.79,210,16,0.8,7,0,0,0,0,0,0,0,0,0,0,-1,0,2,0
13927.58,8.3,1.81,1,45,0,21,0,5,1,1678.82,433.2,7689.94,161,20,4.3,1,0,1,0,0,0,0,2,0,0,0,-1,0,0,0
22243.41,4.9,1.13,1,80,0,8,0,4,0,4538.48,357.28,19637.58,201,8,5.4,6,0,1,0,0,0,0,0,0,0,0,-1,0,0,0
155.9,0.08,0.03,1,55,1,18,0,3,1,1940.5,411.89,5625.52,111,4,3.8,6,0,0,0,0,0,0,1,0,0,0,-1,0,2,0
1282.24,2.32,1.05,0,188,1,6,0,1,3,553.65,279.46,1217.32,28,11,3.5,0,1,0,0,0,0,0,0,1,0,0,-1,0,2,0
7404.73,1.49,0.49,0,25,1,14,0,0,2,4974.7,660.08,15187.15,120,20,0.9,3,1,1,0,0,0,0,1,0,0,0,-1,0,1,0
42510.13,29.8,10.98,1,0,0,10,0,5,2,1426.34,501.92,3870.34,151,8,3.7,5,1,1,0,0,0,0,0,1,0,0,-1,0,3,1
643.71,0.35,0.11,0,196,0,9,0,0,3,1862.38,379.45,6013.22,68,4,6.6,10,1,0,1,0,0,0,1,2,0,0,-1,0,1,0
8973.76,2.32,0.84,0,28,1,14,0,2,3,3860.78,593.14,10621.12,105,20,3.7,11,1,0,0,0,0,1,2,0,0,0,-1,0,1,0
8234.18,4.94,1.93,0,72,1,14,0,1,2,1667.74,193.25,4265.45,228,18,5.0,12,1,0,0,0,0,0,0,1,0,0,-1,0,1,0
59153.46,4.65,1.11,0,660,1,2,0,5,1,12731.77,693.12,53238.11,61,7,6.3,3,0,0,0,0,0,0,1,0,0,0,-1,0,1,0
17458.53,5.97,2.15,0,88,1,0,0,3,1,2921.98,419.04,8113.89,106,3,3.5,12,0,1,0,0,0,1,1,0,0,0,-1,0,1,0
219.76,0.2,0.05,0,349,1,0,0,3,3,1083.88,182.25,4363.58,249,18,5.6,0,0,1,0,0,0,0,1,1,0,0,-1,0,0,0
2273.79,0.63,0.2,0,32,1,20,0,1,2,3613.34,749.39,11463.26,104,11,7.6,4,1,0,1,0,0,1,1,1,0,0,-1,0,1,0
16596.98,7.49,2.22,1,13,0,1,0,5,3,2216.62,294.54,7484.65,147,14,5.7,9,0,0,0,0,0,0,2,1,1,2,18,0,1,1
9844.32,3.87,1.69,1,53,0,2,0,2,2,2544.2,722.66,5831.91,61,4,4.7,11,1,0,0,0,0,0,2,0,0,0,-1,0,1,0
30392.35,8.75,2.32,1,14,0,20,0,4,1,3472.92,2034.31,13103.13,24,6,2.7,0,1,1,0,0,0,1,1,3,1,3,52,1,6,1
142596.65,8.58,1.11,0,264,1,10,0,1,3,16623.17,668.02,128336.99,165,11,4.0,5,0,1,1,0,0,0,2,1,0,0,-1,0,2,0
287.22,0.39,0.09,1,93,1,16,0,0,3,740.5,838.66,3043.98,197,7,2.1,3,0,1,0,0,0,0,2,0,0,0,-1,0,0,0
6752.48,2.13,0.71,0,12,1,15,0,0,0,3170.82,351.75,9457.43,168,4,4.9,10,1,0,0,0,0,0,2,1,0,0,-1,0,1,0
1055.73,1.41,0.33,0,353,1,12,0,3,1,746.66,544.83,3151.98,129,3,5.2,12,0,1,0,0,0,0,0,1,0,0,-1,0,0,0
340.17,0.35,0.08,0,316,1,7,0,5,0,965.71,592.23,4050.4,95,13,2.2,6,0,1,0,0,1,0,1,1,0,0,-1,0,2,0
13008.06,15.44,7.15,1,0,0,15,0,1,0,842.41,633.75,1819.96,94,16,3.8,8,0,0,1,0,0,0,1,1,0,0,-1,0,2,1
9756.82,3.54,1.02,0,11,0,10,0,4,3,2753.29,272.01,9528.07,121,4,7.1,9,0,0,0,0,0,0,1,0,0,0,-1,0,0,0
326.13,0.16,0.05,0,202,1,3,0,1,1,1980.46,817.41,6501.95,59,9,5.8,3,0,1,0,0,0,0,1,0,0,0,-1,0,0,0
57.56,0.06,0.02,0,215,1,21,0,1,1,925.35,161.69,3787.59,81,2,1.2,8,0,1,0,0,0,0,2,1,0,0,-1,0,2,0
19230.78,4.35,1.04,0,58,0,2,0,4,2,4422.72,295.95,18561.03,128,12,6.4,14,0,1,0,0,0,0,1,1,0,0,-1,0,0,0
35138.06,29.83,13.34,1,0,0,8,1,8,3,1177.83,176.74,2634.29,187,15,7.8,13,1,0,1,0,1,0,2,1,0,0,-1,0,2,1
10186.8,4.56,1.32,0,54,1,12,1,4,0,2232.52,428.67,7708.01,81,9,4.8,1,0,1,0,0,0,0,0,2,0,0,-1,0,1,0
40800.38,28.84,7.27,0,9,0,11,0,2,1,1414.82,2840.48,5613.33,3,4,0.9,9,0,1,0,0,0,0,2,3,1,3,54,1,2,1
15397.06,10.78,2.17,1,58,0,3,0,0,3,1427.96,520.03,7096.4,247,2,1.2,13,1,0,0,0,0,0,2,2,0,0,-1,0,1,0
571.07,0.73,0.18,0,15,1,7,0,5,3,787.51,1093.94,3155.84,122,14,6.9,0,1,0,0,0,0,0,0,0,0,0,-1,0,1,0
2256.72,2.41,0.53,0,42,1,9,1,3,3,937.45,1235.09,4295.21,246,19,1.4,1,0,1,0,0,0,0,1,0,0,0,-1,0,1,0
166.81,0.11,0.03,0,304,1,18,0,4,3,1521.31,162.57,5633.49,175,2,3.6,14,0,0,0,0,1,0,0,0,0,0,-1,0,2,0
22197.02,0.89,0.3,0,96,1,10,0,2,0,24830.93,407.92,74492.79,135,8,1.9,10,0,1,0,0,0,0,0,2,0,0,-1,0,1,0
338.58,0.31,0.07,1,363,1,17,1,3,2,1084.98,542.86,5202.49,177,11,3.6,7,0,1,0,0,0,0,1,0,0,0,-1,0,0,0
5633.32,2.63,0.75,0,17,1,4,0,5,1,2145.33,1399.95,7551.96,56,3,2.1,5,1,1,1,0,0,0,2,1,0,0,-1,0,0,0
322.52,0.85,0.21,0,70,1,10,0,0,0,378.81,190.54,1545.94,12,11,1.5,8,1,1,1,0,1,0,0,1,0,0,-1,0,1,0
16841.41,3.79,0.77,0,87,1,19,0,5,0,4440.68,397.9,21787.63,114,4,7.7,10,0,0,0,0,0,0,1,2,0,0,-1,0,0,0
77322.18,4.05,1.11,0,412,1,4,0,2,0,19085.82,634.69,69589.96,140,10,3.8,6,0,1,0,0,0,0,0,2,0,0,-1,0,1,0
137578.99,6.1,1.11,0,71,1,2,0,4,3,22556.87,278.1,123821.09,65,11,0.8,2,0,1,0,0,0,0,2,1,0,0,-1,0,0,0
586.23,0.4,0.09,0,97,1,10,0,0,0,1449.62,749.9,6353.72,201,5,5.1,9,1,0,0,0,0,0,0,2,0,0,-1,0,0,0
64346.56,2.98,0.99,0,390,1,18,0,5,1,21604.17,745.86,64812.5,167,4,6.3,7,0,1,0,0,0,0,0,1,0,0,-1,0,0,0
9685.53,2.48,1.11,0,8,0,13,0,0,2,3903.86,268.53,8743.31,98,13,4.9,12,0,1,0,0,0,0,2,3,1,2,15,1,3,1
74746.68,39.36,14.07,1,0,0,20,0,1,3,1899.01,1243.31,5311.08,75,5,6.2,9,1,0,0,0,0,0,1,2,0,0,-1,0,2,1
27843.54,13.25,4.18,0,76,0,11,0,5,1,2101.55,208.48,6662.93,124,4,6.6,3,1,1,0,0,0,0,1,1,0,0,-1,0,1,0
34772.99,16.02,7.4,1,0,0,8,0,5,3,2170.79,176.71,4700.39,203,14,2.9,7,0,0,0,0,0,0,0,1,0,0,-1,0,2,1
48328.99,18.41,6.58,1,9,0,3,0,1,2,2624.75,2026.59,7348.36,29,16,5.6,4,1,0,0,0,0,0,0,1,1,3,51,0,2,1
1337.81,1.85,0.5,0,48,1,6,0,1,3,722.51,878.7,2688.65,22,11,3.3,3,0,0,0,0,0,0,2,2,0,0,-1,0,1,0
171.01,0.56,0.23,0,347,1,23,0,2,2,304.15,1278.93,747.18,131,7,0.5,10,0,0,0,0,0,0,0,2,0,0,-1,0,1,0
18064.39,6.73,2.29,1,0,0,22,0,4,3,2683.75,723.06,7888.1,200,7,1.3,3,1,0,1,1,0,0,5,5,0,0,-1,0,1,1
94793.2,25.86,11.74,0,11,0,0,0,2,1,3664.95,298.01,8073.14,142,9,5.1,10,0,1,0,0,0,0,2,0,1,3,24,1,1,1
1015.86,1.1,0.24,0,94,1,5,0,1,2,922.66,179.08,4223.05,214,18,7.4,8,0,1,0,0,0,0,0,0,0,0,-1,0,2,0
388.21,0.45,0.21,0,74,1,16,0,4,0,856.94,161.65,1860.53,170,7,0.9,9,0,0,0,0,0,1,0,1,0,0,-1,0,0,0
781.26,2.32,0.65,0,342,1,5,1,2,0,336.16,140.94,1205.66,62,4,0.9,12,0,1,0,0,0,0,0,0,0,0,-1,0,1,0
10941.87,8.68,2.18,0,20,0,4,0,5,1,1260.55,617.54,5012.28,29,15,2.5,13,1,1,0,0,0,0,0,0,0,0,-1,0,0,0
81138.37,137.56,55.99,1,10,0,11,0,1,3,589.83,910.78,1449.05,155,19,6.9,1,0,0,0,0,1,0,2,1,1,2,58,1,3,1
76654.83,7.78,1.11,0,726,1,7,0,5,3,9850.01,2545.94,68989.35,129,13,1.5,7,0,0,0,0,0,0,0,1,0,0,-1,0,2,0
4303.8,0.86,0.2,1,35,0,2,0,1,3,4984.22,513.86,22052.62,250,16,7.2,13,0,0,0,0,0,0,0,1,0,0,-1,0,1,0
74676.29,25.78,8.18,0,6,0,15,0,5,1,2896.82,163.04,9127.66,153,12,5.0,6,0,1,0,0,0,0,2,1,1,3,16,1,3,1
59088.22,41.68,15.85,1,0,0,18,0,8,4,1417.74,421.6,3727.66,147,15,7.3,9,1,0,1,1,1,0,5,3,0,0,-1,0,1,1
5248.9,12.87,3.09,0,81,1,2,0,3,3,407.72,175.1,1699.05,147,15,1.4,13,0,1,0,0,0,0,2,0,0,0,-1,0,0,0
124.18,0.07,0.02,0,45,0,17,0,1,1,1712.01,277.18,7262.13,116,10,1.9,12,0,1,0,0,0,0,1,0,0,0,-1,0,0,0
87271.12,24.32,8.27,0,2,0,3,0,4,1,3588.97,483.81,10552.49,110,14,3.6,10,0,1,0,0,0,0,1,0,1,4,37,0,5,1
20142.9,7.51,1.67,1,60,0,13,1,2,0,2680.56,480.36,12057.47,130,3,6.6,8,0,0,0,0,0,0,2,1,0,0,-1,0,0,0
46383.87,18.97,9.16,1,0,0,20,1,2,3,2444.68,1047.02,5062.59,78,6,7.1,13,1,0,0,0,0,0,0,1,0,0,-1,0,1,1
12640.15,10.79,3.64,1,0,0,5,0,3,5,1171.34,509.1,3476.92,80,18,2.1,5,1,0,1,0,1,0,5,1,0,0,-1,0,2,1
72.59,0.05,0.01,0,74,1,18,0,2,1,1542.75,422.59,7131.52,56,17,3.2,13,0,0,0,0,0,0,0,1,0,0,-1,0,2,0
131223.28,8.3,1.11,0,563,1,8,1,1,3,15803.39,424.25,118100.95,220,6,6.1,2,0,0,0,0,0,0,2,0,0,0,-1,0,2,0
685.37,0.43,0.09,0,286,1,9,0,0,3,1608.63,260.22,7319.99,66,18,5.4,9,0,1,0,0,1,0,1,2,0,0,-1,0,0,0
255.64,0.15,0.07,0,279,1,17,0,0,2,1699.21,235.84,3808.0,38,10,3.0,2,1,1,1,0,0,0,1,1,0,0,-1,0,1,0
88872.98,13.91,1.11,0,163,1,20,0,4,2,6387.48,1721.51,79985.68,282,4,5.3,8,0,1,0,0,0,1,0,1,0,0,-1,0,2,0
16669.33,1.01,0.34,0,537,1,4,0,2,0,16580.8,146.05,49742.41,245,14,0.7,2,1,1,0,0,0,0,1,2,0,0,-1,0,0,0
582.89,0.36,0.13,0,132,1,6,0,0,1,1622.14,380.9,4339.23,53,6,6.1,6,0,1,0,0,0,1,1,1,0,0,-1,0,1,0
332.32,0.25,0.06,0,300,1,18,0,3,1,1353.13,481.45,5866.91,91,15,1.1,10,0,0,0,0,0,0,1,0,0,0,-1,0,0,0
1042.94,0.94,0.19,0,35,1,7,0,0,0,1110.23,1633.11,5465.07,50,14,5.4,5,1,1,0,0,0,0,1,1,0,0,-1,0,0,0
20848.95,4.65,1.27,0,6,0,17,0,3,0,4485.7,434.13,16456.4,34,3,4.6,13,0,0,1,0,1,0,2,2,0,0,-1,0,1,0
88907.13,78.82,23.07,1,14,0,23,0,4,2,1128.0,538.81,3853.68,122,19,0.7,0,1,1,0,0,0,0,1,1,1,2,28,0,6,1
67369.8,19.35,9.2,0,4,0,0,0,0,2,3481.23,154.5,7320.53,130,19,4.9,11,0,1,0,0,0,0,0,0,1,2,6,0,1,1
9254.83,2.9,0.76,0,77,1,5,0,5,0,3190.6,725.74,12170.51,34,19,7.8,12,1,1,0,0,0,0,2,0,0,0,-1,0,0,0
41018.05,7.23,1.11,0,97,1,5,0,3,1,5669.52,363.84,36916.25,127,6,2.9,12,0,1,0,0,0,0,0,2,0,0,-1,0,1,0
63674.26,23.95,6.38,0,6,0,9,0,5,0,2659.09,3160.47,9983.07,142,5,1.4,6,0,1,0,0,0,0,0,3,1,2,27,1,1,1
28552.18,8.72,2.38,0,41,0,10,0,4,1,3274.71,458.96,12014.03,78,3,4.8,10,0,1,1,0,1,0,1,1,0,0,-1,0,1,0
13561.65,9.07,3.57,1,0,0,1,0,3,4,1495.89,430.95,3803.01,70,6,1.9,10,1,0,1,0,0,0,3,5,0,0,-1,0,1,1
24375.16,6.43,2.43,1,55,0,18,0,1,1,3790.89,1087.51,10020.72,133,11,1.6,0,0,0,0,0,0,0,1,2,0,0,-1,0,0,0
48130.75,1.93,0.64,0,101,1,16,0,1,2,24995.91,874.04,74987.73,135,12,4.7,8,0,1,0,0,0,0,0,1,0,0,-1,0,2,0
18064.03,15.58,5.31,1,0,0,20,0,5,4,1159.52,1672.66,3401.07,86,19,0.8,5,1,0,1,1,0,0,2,4,0,0,-1,0,1,1
52327.27,2.5,0.83,0,204,1,5,0,2,1,20906.77,1428.4,62720.32,209,13,5.5,14,0,1,0,0,0,0,2,0,0,0,-1,0,2,0
287.67,0.55,0.22,0,365,0,8,0,5,3,522.3,448.21,1290.51,192,12,6.6,0,0,1,0,0,0,0,1,1,0,0,-1,0,0,0
1604.71,1.12,0.31,0,203,1,22,0,2,0,1431.01,789.09,5169.52,131,17,3.3,12,0,1,0,0,0,0,0,2,0,0,-1,0,0,0
28387.21,4.59,1.11,0,402,1,16,0,1,2,6182.12,274.13,25548.49,55,6,6.9,4,1,0,0,0,0,0,2,1,0,0,-1,0,1,0
226.59,0.2,0.04,0,27,1,9,0,1,0,1142.11,1757.62,5240.35,211,6,0.8,3,1,1,0,0,1,0,1,1,0,0,-1,0,1,0
43773.24,91.24,41.6,1,0,0,19,0,1,2,479.74,227.89,1052.17,36,18,4.2,12,1,1,0,0,0,0,1,2,0,0,-1,0,2,1
13858.16,3.07,1.46,0,14,1,5,0,5,2,4514.05,642.46,9502.69,84,8,1.9,13,0,1,0,0,0,0,1,1,0,0,-1,0,1,0
12887.07,4.28,1.03,0,19,0,4,0,4,1,3010.22,743.2,12476.94,106,6,7.8,0,1,0,1,0,0,0,0,0,0,0,-1,0,1,0
53305.31,31.74,14.51,1,0,0,21,0,3,2,1679.47,1677.15,3673.12,86,4,5.9,12,1,0,1,1,0,0,3,3,0,0,-1,0,2,1
25634.74,9.18,3.37,0,2,0,21,0,2,1,2792.25,837.41,7611.39,172,14,6.5,0,0,1,0,0,0,0,2,2,1,3,51,1,3,1
9834.71,6.31,1.32,1,36,0,18,0,3,0,1557.92,2428.07,7429.81,180,19,5.5,2,1,0,0,0,0,0,1,2,0,0,-1,0,1,0
585.62,0.31,0.09,0,223,1,17,0,4,3,1883.76,273.03,6825.96,210,7,6.9,5,1,0,0,0,0,0,1,0,0,0,-1,0,0,0
24440.49,6.46,1.45,1,74,1,15,0,5,1,3782.79,738.77,16852.1,128,4,6.0,14,0,0,0,0,0,0,0,2,0,0,-1,0,1,0
1526.85,4.08,1.02,0,204,0,9,0,4,2,374.39,2105.36,1489.88,236,14,1.6,14,0,0,0,0,1,0,1,0,0,0,-1,0,2,0
823.86,0.48,0.21,0,223,1,14,0,2,2,1721.34,906.61,3866.03,150,13,6.4,8,0,0,0,0,0,0,0,0,0,0,-1,0,2,0
14638.08,8.79,3.9,0,64,1,7,0,1,2,1664.78,429.2,3751.37,78,18,4.4,12,1,1,0,0,0,0,1,0,0,0,-1,0,1,0
879.84,0.75,0.19,1,354,1,13,0,1,0,1172.46,823.53,4695.08,123,10,5.8,4,0,0,0,0,0,0,2,0,0,0,-1,0,2,0
22399.11,10.09,2.42,0,80,0,8,0,3,1,2219.58,528.82,9264.74,6,19,4.7,0,0,1,0,0,0,1,2,0,0,0,-1,0,0,0
44282.68,47.42,14.3,0,14,0,6,0,5,2,933.76,341.07,3096.37,224,9,8.0,8,0,0,0,0,0,0,1,3,1,3,44,0,3,1
76855.36,28.15,10.07,1,6,0,6,0,0,3,2730.32,745.89,7628.93,73,2,5.7,12,1,1,0,0,1,0,1,2,1,4,29,1,5,1
23548.15,5.52,1.28,1,22,1,5,0,3,0,4263.78,237.78,18366.36,157,8,5.6,6,1,1,0,0,0,0,0,2,0,0,-1,0,1,0
344.92,0.5,0.19,0,17,0,20,0,1,1,696.12,403.09,1794.39,104,7,6.3,10,0,1,1,0,0,0,0,2,0,0,-1,0,2,0
96403.9,25.38,6.45,0,5,0,6,0,5,3,3798.57,1514.26,14946.91,43,18,3.6,7,1,0,0,0,0,0,1,3,1,3,13,0,2,1
4286.12,5.77,1.54,1,1,0,1,0,1,0,743.17,387.95,2791.98,230,11,5.4,2,0,1,0,0,0,0,2,1,1,4,33,1,1,1
20951.66,10.13,3.17,0,21,0,12,0,2,1,2067.58,243.42,6619.63,56,2,5.7,14,0,1,0,0,0,0,2,2,0,0,-1,0,0,0
606.37,0.79,0.22,0,235,0,20,1,0,2,768.69,1880.32,2790.19,49,9,4.3,4,0,1,0,0,1,0,0,1,0,0,-1,0,0,0
428.89,0.24,0.05,0,30,1,7,0,5,2,1808.44,506.96,7995.48,195,3,7.6,6,0,0,0,0,0,0,0,1,0,0,-1,0,1,0
78463.15,4.47,1.11,0,490,1,15,0,0,1,17550.2,306.2,70616.83,165,7,5.2,7,0,1,0,0,0,0,1,2,0,0,-1,0,2,0
56906.75,2.65,0.88,0,412,1,7,0,0,0,21450.49,1503.96,64351.46,287,2,4.4,2,0,1,0,0,0,0,1,0,0,0,-1,0,1,0
590.97,1.25,0.3,0,294,1,9,0,3,0,472.16,271.09,1979.37,120,15,7.6,11,0,1,0,0,0,0,2,2,0,0,-1,0,2,0
19862.55,35.35,13.2,1,0,0,21,0,6,4,561.94,371.37,1505.1,75,13,3.2,4,1,0,1,1,0,0,5,5,0,0,-1,0,0,1
240.15,0.24,0.12,0,200,1,1,0,5,1,992.84,426.55,1991.09,208,11,2.5,12,0,0,1,0,0,0,1,2,0,0,-1,0,0,0
1016.07,0.95,0.22,1,272,1,3,0,3,1,1070.33,501.45,4624.87,174,8,6.6,5,0,0,0,0,1,0,0,1,0,0,-1,0,0,0
362.8,0.49,0.11,0,249,1,1,1,3,0,745.64,363.0,3413.96,28,13,5.3,13,0,1,0,0,0,0,1,2,0,0,-1,0,2,0
497.63,0.31,0.15,0,249,1,10,1,2,0,1617.6,189.03,3350.14,195,11,7.7,8,0,1,0,0,0,0,0,1,0,0,-1,0,2,0
14326.68,2.97,0.69,0,85,1,0,0,3,0,4817.87,156.19,20740.94,106,6,7.3,14,0,1,0,0,0,0,0,1,0,0,-1,0,0,0
171.83,0.13,0.03,0,204,1,11,1,1,1,1299.58,1140.38,6442.41,82,20,1.1,11,0,1,0,0,0,1,2,1,0,0,-1,0,1,0
79456.97,51.59,19.02,1,0,0,12,1,3,1,1540.24,799.71,4176.54,229,14,6.3,10,0,0,1,0,0,0,2,4,0,0,-1,0,2,1
65902.48,12.19,1.11,0,411,1,8,1,4,1,5404.76,531.53,59312.23,294,3,3.7,0,1,1,0,0,0,0,1,1,0,0,-1,0,2,0
36736.75,13.56,4.66,1,0,0,14,0,5,2,2708.77,203.73,7876.93,195,9,2.2,11,1,0,1,0,1,0,4,4,0,0,-1,0,1,1
7274.35,1.97,0.54,0,10,0,16,0,2,3,3689.07,901.4,13530.34,200,15,0.8,5,0,1,0,0,0,0,0,0,1,2,38,0,5,1
2266.55,1.29,0.52,0,109,0,9,0,4,3,1760.07,592.91,4377.26,131,18,4.6,4,0,1,0,0,0,0,1,1,0,0,-1,0,1,0
269.06,0.22,0.06,0,172,1,5,0,1,0,1205.29,2723.44,4539.25,183,4,5.7,13,0,1,0,0,0,0,0,0,0,0,-1,0,1,0
824.12,0.57,0.26,0,317,0,12,0,2,2,1437.97,405.65,3190.25,36,16,4.9,3,1,0,0,0,0,0,2,1,0,0,-1,0,2,0
417.01,1.24,0.33,1,130,1,5,0,0,3,336.26,5162.82,1278.2,98,15,0.5,11,0,0,0,0,1,0,0,0,0,0,-1,0,2,0
481.92,0.43,0.14,0,212,1,10,0,3,0,1125.59,150.34,3564.27,110,14,7.3,9,0,1,0,1,0,0,1,2,0,0,-1,0,2,0
53718.88,21.82,8.25,1,0,0,2,0,7,4,2461.86,634.18,6512.31,217,15,1.6,5,1,0,1,1,0,0,5,1,0,0,-1,0,0,1
699.39,0.49,0.1,0,152,1,0,1,0,2,1433.63,157.92,6733.36,113,6,2.3,6,0,0,0,0,0,0,1,2,0,0,-1,0,1,0
99770.7,5.52,1.11,0,617,1,20,0,0,1,18089.73,196.83,89793.63,48,11,1.5,8,0,1,0,0,0,0,0,1,0,0,-1,0,0,0
756.57,0.58,0.13,0,335,1,13,0,2,1,1313.89,200.18,5859.42,174,4,6.0,11,1,0,0,0,0,0,0,1,0,0,-1,0,0,0
231.95,0.58,0.17,0,142,1,15,0,5,0,400.75,2404.31,1372.3,230,18,2.3,8,0,1,0,0,0,0,2,1,0,0,-1,0,2,0
540.01,0.29,0.12,0,12,1,19,0,1,1,1835.0,402.61,4672.23,176,20,5.3,6,0,1,0,0,0,0,0,0,0,0,-1,0,1,0
36731.41,13.66,4.7,0,12,0,3,0,0,3,2688.7,499.64,7809.49,24,17,7.7,1,0,1,0,0,0,0,1,2,1,2,58,1,4,1
295.57,0.22,0.09,0,257,1,7,0,4,1,1347.14,673.02,3235.56,205,4,5.3,7,1,1,0,0,0,0,2,1,0,0,-1,0,1,0
394.55,0.51,0.12,0,44,1,21,0,4,2,772.3,397.64,3263.31,116,3,2.9,1,0,1,0,0,0,0,0,2,0,0,-1,0,1,0
9073.32,3.4,0.91,0,8,1,4,0,3,0,2669.23,533.46,9920.08,135,17,3.9,0,0,1,1,0,0,0,2,0,0,0,-1,0,1,0
7477.1,4.59,1.1,0,86,1,11,0,3,1,1627.67,477.53,6766.76,103,4,2.8,6,1,1,0,0,0,0,2,0,0,0,-1,0,0,0
194.54,0.51,0.24,1,297,1,18,0,3,0,384.26,1309.46,801.11,59,10,1.6,7,0,1,0,0,0,0,0,1,0,0,-1,0,0,0
12573.11,6.32,1.84,1,31,0,2,0,2,2,1990.02,266.27,6834.63,6,10,7.9,6,0,0,0,0,0,0,0,2,0,0,-1,0,1,0
27899.43,27.2,9.84,1,57,1,2,0,0,0,1025.79,187.2,2834.42,107,5,1.4,3,0,0,0,0,1,0,0,1,0,0,-1,0,0,0
1370.37,2.22,0.66,0,80,1,9,0,4,0,617.73,810.8,2071.02,55,7,1.3,10,0,0,0,0,0,0,2,0,0,0,-1,0,0,0
34930.47,16.34,7.93,1,0,0,19,0,2,0,2137.2,268.49,4403.84,150,15,6.7,11,0,1,0,0,0,0,2,2,0,0,-1,0,1,1
3648.91,9.5,2.28,0,156,1,22,0,4,0,383.91,1911.08,1601.79,156,6,4.9,10,0,1,0,1,0,0,2,1,0,0,-1,0,1,0
486.01,0.28,0.08,1,232,0,18,0,2,3,1749.8,811.72,5872.57,74,9,7.7,0,0,1,0,0,0,0,2,1,0,0,-1,0,2,0
222.24,0.42,0.1,0,67,1,6,0,2,3,523.22,1411.89,2217.2,229,3,7.5,10,0,1,0,0,0,0,2,2,0,0,-1,0,0,0
39029.47,44.12,19.18,1,0,0,22,0,5,3,884.66,185.37,2035.12,78,4,3.4,6,1,0,1,0,0,0,4,1,0,0,-1,0,2,1
44439.61,15.93,6.46,1,0,0,3,0,6,5,2789.34,844.64,6880.31,169,9,2.6,6,1,0,1,0,0,0,5,1,0,0,-1,0,2,1
276.71,0.15,0.07,0,325,1,8,0,2,0,1874.42,464.01,4251.58,100,18,4.4,6,1,1,1,0,0,0,0,1,0,0,-1,0,1,0
10660.89,3.84,0.82,0,49,1,1,0,3,2,2779.29,481.43,12951.45,61,20,3.8,4,0,1,0,0,0,0,1,0,0,0,-1,0,1,0
46404.03,37.99,13.84,1,0,0,7,0,5,1,1221.49,433.89,3351.89,80,9,2.9,12,0,1,1,0,0,0,1,4,0,0,-1,0,3,1
495.64,0.27,0.07,0,316,1,0,0,4,2,1842.99,238.77,7503.79,169,5,1.5,6,0,0,0,0,0,0,0,0,0,0,-1,0,2,0
97616.75,4.96,1.11,0,368,1,2,0,1,0,19684.35,1182.63,87855.07,221,13,3.3,14,1,1,0,0,0,0,0,1,0,0,-1,0,0,0
91267.63,27.42,11.84,0,8,0,10,0,4,0,3328.66,1411.86,7709.92,81,15,5.1,8,0,0,0,0,0,0,2,1,1,2,1,0,3,1
283.73,0.21,0.05,0,74,1,12,0,3,3,1381.99,775.07,5931.47,159,13,4.8,1,0,1,0,0,0,0,0,1,0,0,-1,0,2,0
272.81,0.62,0.17,0,169,1,22,0,5,2,439.42,524.28,1633.75,94,7,2.3,8,1,0,0,0,0,0,0,0,0,0,-1,0,1,0
326.2,0.23,0.07,0,193,1,11,0,1,3,1445.18,1206.77,4834.25,10,17,2.7,1,0,1,0,0,0,0,1,2,0,0,-1,0,1,0
4988.64,5.57,2.04,0,18,1,2,0,1,3,896.41,356.67,2440.87,122,17,1.6,7,0,0,0,0,1,0,2,0,0,0,-1,0,0,0
45886.52,12.13,4.2,0,14,0,10,1,5,0,3782.97,575.92,10913.17,190,3,1.8,12,1,1,0,0,0,0,2,2,1,2,20,0,6,1
802.66,0.84,0.22,0,20,1,11,0,1,3,959.84,155.05,3585.47,43,6,7.9,8,0,1,0,0,0,0,2,2,0,0,-1,0,2,0
12466.24,6.58,1.59,0,49,1,11,0,2,0,1894.22,763.73,7844.57,238,17,2.2,6,1,1,0,0,0,0,2,2,0,0,-1,0,1,0
12803.75,3.34,0.68,1,13,0,7,0,1,2,3832.53,697.09,18799.9,203,6,0.6,10,0,0,0,0,0,0,0,0,0,0,-1,0,0,0
313.26,0.17,0.06,0,123,1,1,0,5,0,1868.83,982.86,4975.71,5,4,3.6,5,1,0,0,0,0,0,2,2,0,0,-1,0,0,0
398.77,0.47,0.16,0,134,0,18,1,3,1,847.08,1139.57,2515.9,206,6,0.7,8,0,0,0,0,0,0,1,2,0,0,-1,0,0,0
16983.97,3.41,0.96,0,75,0,4,0,5,1,4974.78,448.66,17608.38,58,8,1.9,12,1,0,0,0,0,0,2,2,0,0,-1,0,0,0
319.65,0.5,0.24,0,6,1,12,0,3,0,638.49,661.36,1357.37,201,14,2.1,3,1,1,0,0,0,0,2,1,0,0,-1,0,1,0
575.64,0.63,0.15,0,98,1,2,0,4,1,920.61,538.17,3821.38,122,13,7.2,9,0,0,0,0,1,0,1,0,0,0,-1,0,2,0
570.09,0.44,0.12,0,281,0,8,0,3,2,1285.19,325.61,4685.77,94,11,7.7,0,0,1,0,0,0,0,2,2,0,0,-1,0,1,0
817.36,0.48,0.15,0,265,1,21,0,2,2,1685.38,198.06,5564.5,247,10,4.8,8,0,1,0,0,0,0,2,2,0,0,-1,0,2,0
8397.24,7.02,2.94,0,17,0,17,0,0,3,1196.15,619.93,2857.45,154,13,6.9,11,0,1,0,0,0,1,1,1,0,0,-1,0,0,0
804.52,0.92,0.21,0,69,1,3,0,0,0,872.35,632.0,3839.28,197,20,3.8,0,0,0,0,0,0,0,2,1,0,0,-1,0,2,0
74769.31,77.65,31.25,0,11,0,6,0,0,3,962.94,345.58,2392.55,57,3,1.3,8,0,1,0,0,0,0,0,1,1,3,1,1,1,1
9390.88,2.78,1.31,0,63,1,18,0,4,0,3378.49,561.58,7157.61,63,3,0.6,2,0,0,0,0,0,0,1,0,0,0,-1,0,0,0
353.69,0.47,0.17,0,69,1,14,0,1,1,754.73,530.76,2072.59,151,16,4.7,13,1,0,0,0,0,1,0,1,0,0,-1,0,2,0
25339.52,2.93,0.98,0,114,1,20,0,3,2,8643.81,141.99,25931.42,107,4,4.1,1,1,1,0,0,0,0,0,1,0,0,-1,0,2,0
469.86,0.4,0.08,0,283,1,21,0,0,3,1161.24,1154.52,5528.88,56,16,6.5,13,0,1,0,0,0,0,0,2,0,0,-1,0,1,0
21983.85,10.77,3.09,1,6,0,22,0,5,3,2041.63,1505.99,7116.13,176,18,6.8,7,0,1,0,0,0,0,2,0,1,3,59,1,2,1
380.83,0.38,0.08,0,67,1,9,1,5,0,998.66,1054.31,4493.83,185,4,4.9,4,0,1,0,0,0,0,2,1,0,0,-1,0,2,0
75471.95,21.15,10.48,0,0,0,19,0,0,0,3567.7,1499.15,7202.48,183,12,6.3,9,1,1,0,0,0,0,0,0,1,3,10,1,2,1
5505.31,1.95,0.93,1,0,0,21,0,4,4,2816.23,185.75,5938.39,158,14,0.5,4,1,0,1,1,1,0,3,4,0,0,-1,0,1,1
24771.3,11.05,2.37,0,13,1,1,0,5,1,2241.41,410.23,10462.18,193,15,1.2,0,1,0,0,0,0,0,1,2,0,0,-1,0,0,0
77020.41,4.14,1.11,0,210,1,18,1,2,1,18604.73,152.3,69318.37,219,15,6.0,13,1,0,0,0,0,1,2,1,0,0,-1,0,2,0
432.72,0.37,0.08,0,212,1,5,0,5,1,1183.42,623.86,5158.69,158,3,1.0,6,0,0,0,0,0,0,2,2,0,0,-1,0,2,0
1247.94,0.71,0.14,0,42,1,21,0,1,2,1767.98,2321.92,8708.4,185,12,3.0,7,0,0,0,0,0,0,2,1,0,0,-1,0,0,0
626.57,0.94,0.19,0,64,1,23,0,5,0,665.96,1230.38,3259.57,172,6,7.4,13,0,1,0,0,0,0,1,0,0,0,-1,0,0,0
28108.0,7.94,2.28,0,41,0,8,1,1,3,3538.46,1255.44,12305.1,36,9,7.0,8,1,0,0,0,0,0,2,2,0,0,-1,0,1,0
1190.74,1.4,0.49,0,71,1,22,0,2,3,848.87,518.13,2419.94,86,20,0.5,12,0,1,0,0,0,0,2,1,0,0,-1,0,1,0
66678.25,28.93,11.65,0,2,0,20,0,1,1,2304.66,2875.04,5724.12,66,17,1.2,8,0,0,0,0,0,1,0,3,1,3,42,1,5,1
974.77,1.1,0.23,0,141,1,13,1,2,0,888.93,310.02,4247.58,203,15,0.6,2,0,0,0,0,0,0,0,1,0,0,-1,0,1,0
17347.51,18.87,8.4,1,0,0,3,0,5,0,919.12,147.78,2065.97,235,16,6.4,3,0,1,0,0,0,0,0,4,0,0,-1,0,2,1
56722.46,3.68,1.11,0,615,1,23,0,4,2,15410.82,384.31,51050.21,202,4,0.6,5,0,1,0,0,0,0,1,2,0,0,-1,0,2,0
219.56,0.12,0.06,1,286,1,13,0,0,3,1786.63,333.78,3977.31,108,16,7.0,0,0,0,0,0,0,0,0,2,0,0,-1,0,1,0
17603.56,0.96,0.32,0,283,1,18,0,1,3,18404.72,176.9,55214.16,46,2,6.8,7,0,1,0,0,1,0,0,2,0,0,-1,0,0,0
43257.45,29.28,12.36,1,0,0,3,0,5,5,1477.17,1460.61,3498.98,87,9,5.4,2,1,0,1,0,0,0,4,3,0,0,-1,0,0,1
17855.37,12.0,2.81,0,57,1,16,0,3,2,1487.34,1019.8,6351.25,195,6,6.9,10,0,1,0,0,0,1,1,2,0,0,-1,0,1,0
406.74,0.24,0.05,0,62,1,14,0,4,1,1727.11,786.0,7714.44,16,9,4.6,5,1,1,0,0,0,0,2,2,0,0,-1,0,2,0
17371.61,5.34,1.2,1,21,1,3,0,0,2,3252.49,232.22,14434.01,238,15,2.1,7,0,1,0,0,1,0,2,0,0,0,-1,0,1,0
505.4,0.47,0.14,0,259,1,6,0,1,3,1066.96,295.23,3518.31,111,14,4.8,14,0,1,0,0,0,0,1,0,0,0,-1,0,1,0
137.25,0.3,0.06,1,361,1,8,0,0,0,451.06,2384.42,2213.05,238,5,6.4,2,0,1,0,0,0,0,1,1,0,0,-1,0,0,0
24544.67,20.94,7.46,0,6,0,1,0,4,3,1171.96,873.81,3288.03,157,20,1.1,14,0,1,0,0,0,0,0,2,1,4,43,1,1,1
24819.92,5.03,2.27,0,26,1,23,0,3,1,4939.02,1231.86,10957.99,135,5,4.5,12,1,0,0,1,0,1,1,2,0,0,-1,0,1,0
62.32,0.04,0.01,0,196,1,7,1,4,2,1604.23,175.48,6502.08,162,8,6.8,7,1,0,0,0,0,0,1,0,0,0,-1,0,2,0
55293.44,88.98,35.41,1,1,0,18,0,1,0,621.42,495.07,1561.51,198,10,4.1,8,1,1,0,0,0,0,2,2,1,2,48,1,4,1
23235.4,28.8,14.11,1,0,0,22,0,2,0,806.66,870.6,1646.34,196,7,6.1,12,1,1,1,0,0,0,0,3,0,0,-1,0,1,1
7560.68,3.58,0.83,0,68,1,11,0,2,1,2113.88,156.07,9125.09,161,9,6.7,6,0,0,0,0,0,0,0,2,0,0,-1,0,1,0
512.7,0.47,0.12,0,85,1,19,0,4,0,1091.33,396.1,4411.29,63,4,1.7,10,0,1,0,0,0,0,0,0,0,0,-1,0,2,0
280.17,0.24,0.08,1,176,1,9,1,3,2,1165.65,159.33,3730.36,127,5,3.1,0,1,1,0,0,0,0,0,0,0,0,-1,0,1,0
84339.89,11.04,1.11,0,155,1,7,0,3,1,7637.64,185.62,75905.9,282,15,5.1,11,1,1,0,0,0,0,1,1,0,0,-1,0,2,0
98.77,0.06,0.02,1,252,0,20,0,4,0,1698.48,183.88,6031.52,13,6,1.6,13,1,1,0,0,0,0,0,0,0,0,-1,0,1,0
333.99,0.2,0.04,0,48,1,18,0,5,2,1710.47,501.64,7725.79,34,19,1.1,9,0,1,0,0,0,1,2,2,0,0,-1,0,0,0
72939.29,34.25,13.82,0,7,0,13,0,4,1,2129.54,145.08,5276.16,22,16,0.7,4,0,0,0,0,0,0,0,1,1,4,51,1,6,1
37462.67,21.07,7.07,1,0,0,11,0,8,4,1777.59,697.14,5297.69,246,16,2.7,8,1,0,1,1,0,0,5,5,0,0,-1,0,1,1
24446.75,9.8,4.21,1,4,0,0,1,4,1,2493.57,213.48,5808.38,111,16,4.2,1,0,0,0,0,0,0,1,1,0,0,-1,0,1,0
53985.51,4.88,1.11,0,542,1,14,0,1,1,11061.28,818.36,48586.96,46,14,2.6,7,1,0,0,0,0,0,0,1,0,0,-1,0,1,0
37422.73,3.7,1.11,0,335,1,10,0,5,3,10108.11,152.65,33680.46,272,17,3.8,13,0,1,0,0,0,0,1,0,0,0,-1,0,1,0
1373.84,1.84,0.44,0,223,1,4,0,0,1,745.32,1249.97,3148.02,157,8,5.9,3,0,1,0,0,0,0,1,1,0,0,-1,0,1,0
11407.4,2.45,0.79,0,45,0,1,1,5,1,4658.99,607.35,14362.54,28,11,5.2,14,1,1,0,0,0,1,1,1,0,0,-1,0,1,0
97.91,0.12,0.05,0,277,1,9,0,2,0,808.63,314.16,1956.73,51,4,6.4,6,0,0,0,0,0,0,0,2,0,0,-1,0,1,0
5004.63,4.51,1.05,0,89,0,6,0,2,1,1108.65,1279.43,4776.03,163,8,2.8,6,0,0,0,0,0,0,2,1,0,0,-1,0,0,0
264.94,0.26,0.06,0,323,0,6,0,2,3,1033.31,600.3,4435.19,228,2,7.8,3,0,0,0,0,1,0,2,1,0,0,-1,0,0,0
40154.15,12.79,3.92,0,13,0,17,0,1,3,3138.93,1690.17,10234.1,203,14,7.0,9,0,1,0,0,0,0,0,1,1,3,0,0,2,1
27236.12,7.91,3.29,0,72,0,9,0,0,0,3442.87,185.41,8286.77,89,2,4.8,13,0,0,0,0,0,0,0,0,0,0,-1,0,1,0
700.38,0.71,0.29,0,38,1,11,0,1,0,983.14,288.45,2386.05,89,8,0.6,6,1,0,0,0,0,0,0,2,0,0,-1,0,1,0
426.02,0.42,0.1,0,285,1,23,0,1,3,1007.8,637.45,4403.27,20,6,1.6,8,0,1,0,0,0,0,1,1,0,0,-1,0,1,0
20298.26,7.67,2.21,1,5,0,18,0,2,3,2648.07,1225.9,9186.3,157,14,6.6,8,0,1,0,0,0,0,1,0,1,3,50,1,4,1
715.86,0.47,0.17,0,210,1,16,0,4,3,1534.55,323.3,4206.83,106,14,2.4,12,0,1,0,0,0,0,0,1,0,0,-1,0,2,0
1009.39,0.6,0.26,0,335,1,3,0,5,0,1677.2,1935.48,3948.55,236,20,3.2,9,0,1,0,0,0,0,0,1,0,0,-1,0,1,0
79608.76,25.95,8.15,1,14,0,10,0,4,1,3067.41,177.9,9767.35,143,3,6.2,5,0,1,0,0,0,0,1,1,1,3,8,1,5,1
638.38,0.38,0.11,0,219,1,16,0,0,1,1664.74,937.43,5720.02,216,14,7.8,6,0,1,0,0,0,0,0,1,0,0,-1,0,1,0
7387.06,1.48,0.72,1,58,1,21,0,0,3,4991.36,162.97,10309.07,80,3,2.4,5,0,0,0,0,0,1,0,0,0,0,-1,0,0,0
22441.78,5.91,2.35,0,42,0,8,0,5,0,3795.17,2458.77,9569.7,92,6,3.4,10,1,1,0,0,0,0,0,0,0,0,-1,0,0,0
19548.04,45.75,11.8,1,6,0,2,0,0,2,427.31,795.53,1656.69,94,4,4.5,13,0,1,0,0,0,0,0,3,1,3,37,0,6,1
295.94,0.16,0.03,0,16,1,19,1,2,1,1803.55,229.61,8750.95,122,11,1.7,10,0,1,0,0,0,0,1,2,0,0,-1,0,2,0
84109.36,22.6,10.71,0,11,0,3,0,5,2,3722.06,1434.46,7855.78,60,12,2.8,11,0,0,0,0,0,0,2,0,1,4,53,1,1,1
39333.84,42.83,12.77,1,1,0,13,0,2,2,918.3,714.61,3079.98,128,15,4.1,0,1,1,1,0,0,0,1,2,1,2,57,1,4,1
98420.88,32.94,9.59,0,4,0,15,0,3,1,2987.7,155.52,10267.51,110,12,1.3,6,1,1,0,0,0,0,1,1,1,4,14,1,4,1
91121.54,42.14,11.18,0,0,0,19,0,5,3,2162.46,292.03,8147.5,228,9,2.6,5,0,1,0,0,0,0,0,3,1,4,11,1,5,1
45686.93,21.91,8.35,1,0,0,8,1,6,5,2084.85,599.37,5469.65,84,19,2.8,3,1,0,1,1,0,0,2,1,0,0,-1,0,0,1
4408.84,1.69,0.62,0,74,1,4,0,1,0,2606.54,1081.36,7132.0,214,13,4.5,5,1,1,0,0,0,0,1,2,0,0,-1,0,0,0
21011.89,22.35,5.14,1,71,1,12,0,1,0,939.95,568.64,4085.05,216,2,2.1,4,1,1,0,0,0,0,2,2,0,0,-1,0,1,0
12397.21,5.15,1.31,1,74,0,2,0,5,0,2405.88,618.81,9457.82,117,12,4.4,6,1,0,0,0,0,0,1,0,0,0,-1,0,0,0
71292.54,58.27,22.64,1,0,0,9,0,4,2,1223.5,579.96,3148.33,65,8,4.0,4,1,0,0,0,0,0,1,3,0,0,-1,0,2,1
149905.08,6.7,1.11,0,672,1,4,0,5,1,22375.38,175.55,134914.57,184,19,4.2,9,1,0,0,0,0,0,1,0,0,0,-1,0,2,0
81541.86,5.59,1.11,0,83,1,5,1,4,0,14591.48,152.63,73387.67,108,8,2.8,3,0,1,0,0,0,0,2,2,0,0,-1,0,1,0
11370.51,3.91,1.41,0,31,1,0,0,4,1,2906.26,266.4,8045.45,58,10,3.6,10,0,0,1,0,0,0,0,2,0,0,-1,0,0,0
30406.23,1.32,0.44,0,114,1,20,1,0,0,23053.75,176.97,69161.24,168,11,4.0,10,1,1,0,0,0,0,1,0,0,0,-1,0,0,0
9354.28,2.47,0.85,0,36,0,8,0,2,3,3791.97,475.85,11032.27,151,16,4.3,9,1,0,0,0,0,0,0,2,0,0,-1,0,1,0
356.15,0.23,0.09,0,203,1,8,0,2,3,1579.62,771.54,3791.45,228,11,1.8,3,0,1,0,0,1,0,1,0,0,0,-1,0,1,0
23959.76,1.18,0.39,0,296,1,2,0,0,2,20292.69,916.77,60878.08,191,15,0.6,11,0,1,0,0,0,0,2,1,0,0,-1,0,0,0
654.97,0.59,0.16,0,189,1,20,0,5,2,1114.63,1145.77,4106.62,53,13,5.6,7,0,0,1,0,0,0,2,2,0,0,-1,0,1,0
12520.31,0.83,0.28,0,474,1,6,0,1,0,15005.68,1099.69,45017.04,90,4,4.7,11,0,0,0,0,0,0,2,2,0,0,-1,0,2,0
255.69,0.16,0.04,0,158,1,10,0,2,1,1579.46,319.32,6773.57,244,15,2.1,7,0,1,0,0,0,0,1,2,0,0,-1,0,1,0
1880.03,3.16,0.88,1,319,1,21,0,0,1,594.33,242.29,2145.37,206,8,7.4,9,1,1,0,0,0,0,2,2,0,0,-1,0,2,0
321.18,0.4,0.19,0,306,1,15,0,1,0,799.77,339.62,1666.66,119,17,0.7,2,0,0,0,0,0,0,0,2,0,0,-1,0,1,0
269.31,0.23,0.06,0,107,1,23,0,2,2,1191.29,564.99,4414.93,157,4,1.9,3,1,1,0,0,0,1,0,0,0,0,-1,0,2,0
185.96,0.42,0.14,0,360,1,16,0,0,0,445.74,287.31,1353.62,148,13,6.5,9,0,0,0,0,0,0,1,0,0,0,-1,0,1,0
1326.67,4.09,1.42,0,149,1,16,0,0,1,324.48,245.9,934.97,92,11,1.4,10,0,1,0,0,0,0,2,2,0,0,-1,0,1,0
34117.5,12.88,6.4,1,0,0,19,0,7,2,2649.37,181.32,5334.63,133,17,1.2,11,1,0,1,0,1,0,2,4,0,0,-1,0,2,1
4403.92,1.56,0.42,0,73,0,20,0,3,1,2825.99,1852.51,10400.04,127,19,6.0,14,0,0,1,0,0,0,0,0,0,0,-1,0,1,0
27212.94,14.73,6.27,1,0,0,22,0,4,2,1847.26,546.3,4338.63,38,12,2.6,7,0,1,1,0,0,0,2,3,0,0,-1,0,1,1
129974.86,7.3,1.11,0,684,1,11,0,3,2,17805.69,541.24,116977.37,277,12,2.0,13,0,1,0,0,0,0,0,2,0,0,-1,0,2,0
585.38,0.3,0.06,1,212,1,1,0,2,2,1939.52,231.4,9329.46,177,12,5.7,14,1,1,1,0,0,0,0,2,0,0,-1,0,2,0
237.94,0.23,0.1,0,261,1,7,0,4,2,1016.9,417.68,2421.93,30,7,4.6,5,0,0,0,0,0,0,0,1,0,0,-1,0,0,0
495.19,0.25,0.05,0,91,1,1,0,5,1,1996.84,251.06,9723.23,118,6,5.1,7,0,1,0,0,0,0,1,2,0,0,-1,0,2,0
38800.5,14.67,7.06,1,0,0,15,0,7,2,2644.26,602.33,5493.21,217,9,4.6,9,1,0,1,1,0,0,2,1,0,0,-1,0,1,1
99364.64,92.28,36.15,0,11,0,8,0,4,1,1076.79,291.04,2748.67,205,2,1.0,11,0,0,0,0,0,0,2,3,1,3,51,1,1,1
16355.88,8.3,2.73,0,33,0,15,0,0,2,1971.25,707.94,5990.03,218,19,4.7,7,0,0,0,0,0,0,1,2,0,0,-1,0,1,0
648.73,0.59,0.21,0,177,1,9,0,2,3,1107.87,157.87,3108.41,170,17,4.8,7,0,0,0,0,0,0,0,1,0,0,-1,0,1,0
16512.13,6.03,2.92,1,0,0,4,0,7,2,2739.43,1895.94,5646.65,246,5,7.1,1,1,0,1,1,0,0,2,2,0,0,-1,0,2,1
49064.3,33.78,15.53,1,5,0,2,0,2,2,1452.53,1230.34,3160.04,178,4,1.7,10,0,1,0,0,0,0,2,2,1,3,32,0,6,1
122529.32,6.21,1.11,0,358,1,12,0,3,0,19731.11,183.07,110276.39,215,4,2.9,11,0,0,0,0,0,0,1,1,0,0,-1,0,0,0
84570.42,6.08,1.11,0,321,1,21,0,1,1,13908.75,2074.97,76113.38,188,3,6.8,2,1,1,0,0,0,0,0,1,0,0,-1,0,0,0
22435.72,8.78,2.93,0,15,0,6,0,0,3,2556.54,344.39,7657.23,49,7,4.5,12,0,0,0,1,0,1,1,2,0,0,-1,0,1,0
146430.16,22.15,1.11,0,89,1,5,0,5,1,6609.57,248.05,131787.14,232,9,2.0,10,0,0,0,0,0,0,2,1,0,0,-1,0,2,0
143044.1,14.38,1.11,0,385,1,21,0,1,2,9946.61,1254.54,128739.69,99,20,7.8,2,0,1,0,0,0,0,2,0,0,0,-1,0,0,0
643.49,0.46,0.13,0,9,1,22,0,5,1,1388.59,1707.94,4990.04,49,5,2.1,10,0,1,0,0,0,1,2,2,0,0,-1,0,1,0
10088.63,8.77,3.2,1,0,0,5,0,4,0,1150.8,383.74,3155.08,101,12,5.7,7,0,0,0,0,0,0,2,3,0,0,-1,0,1,1
409.07,0.22,0.09,0,161,1,13,0,4,1,1873.58,1593.22,4734.9,34,19,1.3,8,1,0,0,0,0,0,0,0,0,0,-1,0,0,0
9501.95,4.43,0.94,1,1,1,22,0,3,3,2143.48,187.42,10120.96,13,15,7.6,14,0,1,0,0,0,0,0,0,0,0,-1,0,0,0
92257.68,42.48,11.79,0,7,0,16,0,4,1,2171.64,339.76,7825.63,230,11,7.1,10,0,1,0,0,0,0,1,1,1,3,10,1,1,1
1808.88,2.92,0.64,0,121,1,11,0,1,1,620.19,1423.94,2841.73,238,9,0.6,13,0,1,0,0,0,0,1,1,0,0,-1,0,0,0
14068.54,2.93,0.77,0,56,0,4,0,5,2,4797.45,263.49,18247.38,69,15,4.4,7,0,1,0,0,0,0,1,2,0,0,-1,0,0,0
8776.72,4.25,0.85,0,67,0,18,0,4,3,2066.23,520.84,10315.42,66,14,1.7,12,1,0,0,0,0,0,0,2,0,0,-1,0,0,0
612.78,0.82,0.37,1,128,1,22,0,2,3,743.32,547.12,1661.11,41,8,6.4,12,0,1,0,0,0,0,0,1,0,0,-1,0,1,0
76282.31,23.63,8.75,1,14,0,5,0,5,3,3227.74,272.47,8713.05,101,9,6.1,12,0,0,0,0,0,0,1,0,1,3,3,1,2,1
656.96,1.0,0.27,0,118,1,21,0,2,1,658.45,933.07,2472.44,234,2,7.0,9,0,1,0,0,0,0,2,2,0,0,-1,0,1,0
12609.68,5.7,1.58,0,79,1,17,0,3,1,2212.24,630.79,7973.73,238,17,4.0,1,1,1,0,0,0,0,2,2,0,0,-1,0,1,0
1712.44,1.44,0.42,0,258,1,13,0,4,0,1190.6,640.29,4041.87,219,20,0.5,8,0,1,0,0,0,0,2,1,0,0,-1,0,2,0
459.12,1.0,0.26,0,266,1,13,1,4,3,458.12,671.23,1799.71,23,4,4.6,10,0,1,0,0,0,0,1,0,0,0,-1,0,1,0
1759.48,2.19,0.75,0,260,0,10,0,3,0,802.79,186.32,2331.22,110,19,1.0,9,0,0,0,0,0,0,2,1,0,0,-1,0,0,0
523.8,0.61,0.18,0,22,1,0,0,3,3,862.93,853.65,2879.68,150,9,4.1,4,0,0,0,0,0,0,2,1,0,0,-1,0,2,0
14221.93,3.14,0.8,1,30,0,8,0,1,2,4536.43,918.17,17767.18,51,5,4.5,2,1,1,0,0,0,0,1,0,0,0,-1,0,1,0
77648.86,6.21,1.11,0,570,1,2,1,3,1,12501.37,502.16,69883.97,294,12,3.6,6,0,0,0,0,0,0,0,1,0,0,-1,0,2,0
65059.9,11.8,1.11,0,605,1,2,0,5,0,5513.47,869.05,58553.91,94,12,7.2,5,0,1,0,0,0,1,0,0,0,0,-1,0,0,0
48224.92,22.02,7.99,1,0,0,22,0,7,5,2189.75,173.75,6032.73,120,19,3.4,9,1,0,1,1,0,0,3,4,0,0,-1,0,0,1
630.87,0.33,0.08,1,278,1,14,0,5,3,1930.54,255.97,7888.9,147,18,4.1,1,0,1,0,0,0,0,0,0,0,0,-1,0,1,0
459.38,1.06,0.34,0,255,1,14,1,0,2,434.87,570.94,1336.52,23,17,7.9,14,0,0,0,0,0,0,1,0,0,0,-1,0,2,0
965.38,0.89,0.21,0,122,0,8,0,1,2,1079.6,194.76,4688.61,172,10,5.5,2,0,1,0,0,0,0,1,1,0,0,-1,0,2,0
490.04,0.29,0.07,0,28,1,6,0,5,1,1698.48,318.52,7279.32,117,19,6.7,9,0,0,0,0,0,0,1,0,0,0,-1,0,2,0
501.28,0.55,0.15,1,236,1,0,0,4,1,915.98,699.07,3323.41,107,18,5.3,8,0,1,0,0,0,0,2,1,0,0,-1,0,2,0
283.85,0.16,0.04,0,53,1,20,0,2,1,1728.46,421.44,7639.98,223,7,7.0,5,1,1,0,0,0,0,0,0,0,0,-1,0,0,0
47952.19,15.02,4.29,0,2,0,16,0,2,0,3192.04,385.92,11181.3,104,13,3.4,8,0,1,0,0,0,0,0,1,1,4,22,1,3,1
22782.19,8.46,1.75,1,56,1,13,0,0,2,2693.56,596.29,13027.34,62,7,6.5,1,1,1,0,0,0,0,2,2,0,0,-1,0,0,0
361.53,0.19,0.07,0,10,1,0,0,1,3,1860.72,324.06,5050.93,191,2,4.6,0,1,1,0,0,0,0,1,0,0,0,-1,0,1,0
2237.55,1.19,0.26,0,235,1,7,0,3,2,1882.29,600.23,8558.64,175,4,4.3,13,0,0,1,0,0,0,2,1,0,0,-1,0,1,0
312.39,0.59,0.29,0,114,1,12,0,1,0,532.91,565.33,1069.5,41,5,4.0,9,0,1,0,0,0,0,0,0,0,0,-1,0,0,0
14747.01,17.27,5.97,1,0,0,0,0,2,2,853.77,205.24,2472.01,11,4,0.6,0,1,0,0,0,0,0,2,2,0,0,-1,0,3,1
23371.88,9.72,3.82,0,64,0,19,0,5,2,2405.72,389.01,6116.84,182,15,5.2,5,0,0,0,0,0,1,1,2,0,0,-1,0,1,0
28535.28,15.07,7.05,1,0,0,18,0,4,4,1893.22,1105.16,4047.63,152,11,2.4,13,1,0,1,0,0,0,5,2,0,0,-1,0,2,1
1373.14,0.86,0.19,0,282,1,20,1,4,3,1592.08,235.22,7127.06,75,14,3.4,3,0,1,0,0,0,0,1,0,0,0,-1,0,1,0
5359.75,1.68,0.34,1,50,1,7,0,4,0,3180.95,414.39,15616.21,18,3,2.6,6,1,0,1,0,0,1,2,2,0,0,-1,0,1,0
24429.81,12.64,5.78,1,0,0,10,0,4,3,1932.43,1117.16,4225.4,30,15,3.2,3,1,0,1,1,1,0,3,1,0,0,-1,0,1,1
482.33,0.61,0.12,0,204,1,20,0,4,2,789.48,223.57,3935.48,95,3,0.9,7,1,0,0,0,0,0,2,2,0,0,-1,0,1,0
15027.75,3.32,0.77,0,35,1,21,0,4,1,4528.5,1200.93,19630.41,217,15,3.0,5,1,1,0,0,0,0,1,1,0,0,-1,0,1,0
195.73,0.14,0.03,0,13,1,22,0,5,2,1404.31,268.57,6940.09,68,4,5.1,13,1,0,0,0,0,0,0,1,0,0,-1,0,0,0
861.18,0.8,0.19,0,297,1,4,0,3,3,1080.49,249.75,4462.36,89,10,5.9,8,0,0,0,0,0,1,2,2,0,0,-1,0,2,0
23955.08,8.91,1.99,0,1,0,20,0,1,1,2688.72,481.28,12037.97,235,16,5.1,5,1,1,0,0,0,0,1,2,0,0,-1,0,1,0
18872.73,4.04,1.68,0,48,0,9,1,3,1,4667.49,524.65,11247.03,202,12,4.4,7,0,1,0,0,0,0,2,0,0,0,-1,0,0,0
3052.84,1.77,0.38,1,0,0,10,0,1,2,1721.04,346.74,7987.69,151,14,3.3,3,1,0,1,0,0,1,1,2,0,0,-1,0,0,0
7731.91,3.48,1.09,0,28,0,1,0,0,0,2223.24,2476.8,7120.07,153,20,3.2,7,0,1,0,1,0,0,2,1,0,0,-1,0,0,0
10157.63,2.68,0.63,1,20,1,2,0,1,1,3786.07,1760.47,16164.98,152,18,2.8,10,0,0,0,0,0,0,1,0,0,0,-1,0,0,0
125622.25,5.58,1.11,0,725,1,5,1,4,3,22501.92,1669.41,113060.03,216,4,0.9,14,1,1,0,0,0,0,1,1,0,0,-1,0,2,0
24545.4,6.81,1.56,1,32,1,14,0,4,0,3603.62,339.23,15744.16,203,11,1.4,4,0,0,0,0,0,0,2,1,0,0,-1,0,0,0
6808.05,3.47,0.7,1,29,1,11,0,0,2,1961.31,514.1,9708.32,79,17,4.7,6,1,0,1,0,0,1,2,1,0,0,-1,0,1,0
432.93,0.54,0.16,0,48,0,15,0,2,0,807.56,573.38,2695.5,199,18,2.0,11,1,1,0,0,0,0,0,1,0,0,-1,0,2,0
1078.74,1.86,0.44,1,297,1,22,0,1,0,579.3,264.01,2442.74,128,8,6.5,14,0,0,0,0,0,0,1,2,0,0,-1,0,1,0
309.71,0.16,0.04,0,138,1,20,0,5,2,1959.5,865.35,7038.4,236,20,2.0,3,0,1,1,0,0,0,1,1,0,0,-1,0,2,0
385.84,0.9,0.4,0,62,1,20,0,3,3,428.44,1363.83,975.31,215,18,1.0,8,0,0,0,0,0,0,1,2,0,0,-1,0,2,0
513.54,1.4,0.43,0,232,0,0,0,3,2,366.12,919.35,1188.36,70,4,1.5,0,1,0,0,0,0,0,1,1,0,0,-1,0,0,0
38592.99,15.87,5.92,1,0,0,6,0,8,5,2431.51,3560.67,6513.82,18,5,5.7,12,1,0,1,1,0,0,2,4,0,0,-1,0,2,1
92731.8,46.48,14.94,0,9,0,22,0,4,3,1995.07,385.93,6207.56,18,11,0.6,0,0,0,0,0,0,0,1,3,1,4,53,1,4,1
24493.62,5.96,1.3,0,46,1,3,0,5,2,4110.57,235.23,18784.88,188,5,1.9,0,0,0,0,0,0,0,0,1,0,0,-1,0,1,0
52050.38,46.82,18.94,1,0,0,21,0,2,3,1111.77,684.76,2747.78,228,19,3.7,10,0,0,0,0,0,0,1,2,0,0,-1,0,1,1
38369.45,3.85,1.11,0,510,1,8,1,0,0,9969.94,591.94,34532.5,145,7,4.9,10,1,0,0,0,0,1,1,0,0,0,-1,0,2,0
272.57,0.24,0.07,0,222,1,4,0,0,0,1116.9,564.89,3982.15,208,11,3.3,3,0,0,0,0,0,0,0,1,0,0,-1,0,0,0
86945.46,3.57,1.11,0,182,1,11,0,5,1,24364.76,459.17,78250.91,133,11,5.7,7,1,1,0,0,0,0,1,1,0,0,-1,0,1,0
55313.82,23.87,7.37,1,3,0,9,1,5,0,2317.04,766.63,7504.03,37,12,6.5,4,0,1,0,0,0,0,1,3,1,3,3,1,6,1
287.45,0.19,0.05,0,108,1,18,0,0,2,1480.69,559.35,5354.45,63,5,3.7,12,0,1,0,0,0,0,1,2,0,0,-1,0,0,0
825.75,0.62,0.13,0,364,1,7,1,3,2,1335.56,2594.4,6248.57,7,9,0.6,14,0,1,0,0,0,0,0,2,0,0,-1,0,1,0
304.79,0.18,0.05,0,291,1,15,0,5,3,1715.87,904.61,6405.09,159,10,6.0,8,1,1,0,0,0,0,1,2,0,0,-1,0,2,0
1090.17,0.9,0.24,0,115,1,22,0,0,1,1213.09,409.94,4474.4,39,6,7.1,3,0,1,0,0,1,0,2,2,0,0,-1,0,0,0
96794.42,4.72,1.11,0,95,1,1,0,3,1,20501.6,312.3,87114.98,128,7,3.2,3,1,0,0,0,0,0,0,1,0,0,-1,0,0,0
15272.7,13.54,4.26,0,29,0,19,0,3,0,1128.0,343.51,3585.97,197,14,0.6,3,0,0,0,0,0,0,0,1,0,0,-1,0,0,0
12264.43,2.67,0.82,0,23,1,17,0,1,1,4592.01,361.32,14990.54,88,16,6.4,8,1,0,0,0,0,0,1,2,0,0,-1,0,1,0
41672.69,66.29,29.36,1,0,0,20,0,8,2,628.64,336.72,1419.2,101,3,4.4,4,1,0,1,1,1,0,5,3,0,0,-1,0,0,1
90825.05,54.42,23.44,0,0,0,13,0,5,1,1668.82,1706.51,3875.08,53,2,2.8,10,0,1,0,0,0,0,2,0,1,3,58,1,5,1
835.1,0.72,0.2,0,249,1,18,0,5,2,1155.33,188.96,4252.15,26,10,7.4,4,0,0,0,0,0,0,2,1,0,0,-1,0,0,0
352.34,0.29,0.13,0,329,1,6,0,1,1,1211.04,604.55,2678.42,58,20,3.2,2,1,0,0,0,0,0,1,0,0,0,-1,0,2,0
345.73,0.89,0.4,0,201,1,17,0,5,1,387.15,1525.46,872.38,205,13,7.0,4,0,0,0,0,0,0,0,2,0,0,-1,0,1,0
11815.8,4.9,2.42,1,0,0,2,0,7,5,2410.08,909.68,4876.16,83,13,7.2,12,1,0,1,1,1,1,3,2,0,0,-1,0,1,1
134109.17,8.19,1.11,0,710,1,0,0,3,3,16378.56,876.2,120698.25,190,6,7.9,4,0,0,0,0,0,0,0,1,0,0,-1,0,2,0
14229.46,7.59,2.1,0,4,0,4,0,3,1,1875.38,728.92,6780.73,186,11,6.5,10,1,1,0,1,0,0,0,2,1,2,1,1,6,1
1098.67,1.31,0.26,0,29,1,17,0,3,1,837.6,809.76,4148.91,15,13,4.4,8,1,1,0,0,0,0,0,2,0,0,-1,0,1,0
142763.73,7.65,1.11,0,445,1,0,0,2,3,18672.76,679.51,128487.36,171,17,5.1,7,0,1,1,0,0,0,0,1,0,0,-1,0,0,0
341.15,0.82,0.19,1,100,1,3,0,4,3,417.31,353.03,1761.1,10,6,5.8,8,1,0,0,0,0,0,2,1,0,0,-1,0,2,0
26463.04,5.62,2.03,0,52,1,8,0,0,1,4709.11,412.49,13063.26,160,4,1.3,12,1,0,0,0,0,0,1,2,0,0,-1,0,0,0
17609.82,6.07,2.02,1,60,1,11,0,0,2,2902.16,2153.81,8704.97,124,15,1.3,3,1,1,0,0,0,0,1,0,0,0,-1,0,1,0
111177.71,5.99,1.11,0,554,1,9,1,4,1,18550.21,3097.68,100059.94,277,8,0.8,0,0,1,0,0,0,0,2,0,0,0,-1,0,1,0
95.31,0.1,0.03,0,217,1,6,0,2,1,999.33,188.28,3626.69,15,8,2.2,13,1,1,0,0,0,0,1,0,0,0,-1,0,0,0
642.26,0.34,0.09,0,25,1,16,0,3,2,1899.96,173.82,7091.64,128,6,0.9,11,0,1,0,0,0,1,0,1,0,0,-1,0,0,0
2956.08,0.82,0.27,1,10,0,7,0,2,0,3604.87,1534.37,10858.36,14,11,6.2,11,0,0,0,0,0,0,2,0,0,0,-1,0,1,0
339.57,0.3,0.06,0,171,1,14,0,2,1,1116.91,390.43,5256.06,207,2,4.1,13,1,1,0,0,0,1,0,0,0,0,-1,0,2,0
611.85,1.0,0.33,0,296,0,20,0,3,1,610.51,303.62,1837.93,159,19,3.8,5,1,1,0,0,0,0,0,1,0,0,-1,0,2,0
629.81,1.12,0.42,0,248,1,18,0,0,3,561.29,233.76,1491.3,44,5,8.0,2,1,0,0,0,0,0,2,1,0,0,-1,0,0,0
34343.41,71.98,26.99,1,0,0,10,0,5,1,477.14,786.65,1272.38,88,16,7.7,13,1,1,0,0,0,1,0,1,0,0,-1,0,1,1
570.54,1.57,0.32,0,158,1,21,0,5,3,364.49,1858.15,1791.17,207,4,7.9,3,0,0,0,0,0,0,2,0,0,0,-1,0,0,0
5232.25,2.44,0.83,0,3,0,4,0,5,2,2142.09,879.56,6280.57,126,10,7.8,8,0,0,0,0,0,0,1,1,1,3,57,1,5,1
257.23,0.13,0.04,0,32,1,12,0,1,0,1924.83,1006.7,6832.28,179,15,5.3,13,1,1,0,0,0,0,1,0,0,0,-1,0,0,0
270.45,0.2,0.05,0,115,1,0,0,3,3,1360.54,758.66,5120.11,240,3,3.5,0,1,1,0,0,0,0,2,2,0,0,-1,0,2,0
1175.63,2.43,0.62,0,162,1,11,1,5,1,483.69,337.13,1911.44,64,10,6.6,1,0,1,0,0,0,0,1,0,0,0,-1,0,0,0
309.43,0.89,0.2,1,294,0,5,0,0,3,346.8,496.46,1576.03,233,7,2.7,2,0,0,0,0,1,0,2,2,0,0,-1,0,1,0
77312.77,3.11,1.04,0,84,1,23,0,5,3,24898.53,529.98,74695.59,255,16,0.8,1,0,1,0,0,0,0,1,0,0,0,-1,0,0,0
7165.81,3.6,1.12,0,18,1,23,0,0,0,1989.53,1694.2,6388.91,148,17,7.1,9,1,1,0,0,0,0,1,0,0,0,-1,0,0,0
4574.62,1.48,0.55,0,11,0,11,0,0,2,3101.06,285.67,8369.13,137,13,2.1,14,0,0,0,0,0,0,0,1,1,3,27,1,4,1
68887.03,19.85,5.45,0,11,0,20,0,0,1,3471.02,793.33,12632.86,23,14,3.0,5,1,1,0,0,1,0,0,3,1,4,1,1,4,1
107340.62,5.7,1.11,0,197,1,13,0,0,1,18838.97,459.86,96606.56,182,20,5.9,3,0,0,0,0,0,0,1,2,0,0,-1,0,1,0
15502.1,1.2,0.4,0,97,1,22,0,5,2,12877.11,5535.91,38631.33,269,6,1.2,4,0,1,0,0,0,0,1,2,0,0,-1,0,0,0
263.98,0.56,0.13,0,289,1,18,0,2,3,470.98,892.15,2096.53,3,16,6.7,9,1,1,0,0,0,0,2,1,0,0,-1,0,0,0
47321.8,20.95,11.2,1,0,0,23,0,2,3,2258.57,850.88,4225.56,153,16,5.4,0,0,0,0,1,0,0,2,4,0,0,-1,0,2,1
98523.81,6.12,1.11,0,165,1,19,0,1,0,16107.99,1267.36,88671.43,56,15,3.8,9,0,1,0,0,0,0,2,0,0,0,-1,0,0,0
24532.45,6.14,1.66,1,47,1,7,0,1,0,3995.46,810.33,14794.51,231,7,5.0,6,1,0,0,0,0,1,2,0,0,0,-1,0,0,0
743.42,0.79,0.19,0,347,1,6,0,0,2,946.35,191.52,3890.47,75,20,4.1,10,0,0,0,0,1,0,0,0,0,0,-1,0,1,0
20183.7,16.02,7.23,1,0,0,2,0,4,1,1260.13,432.01,2790.1,135,4,0.8,9,0,1,1,0,0,0,0,3,0,0,-1,0,0,1
114456.34,13.15,1.11,0,710,1,11,0,2,3,8706.32,720.47,103010.71,198,8,1.6,11,0,0,1,0,0,1,2,2,0,0,-1,0,1,0
379.95,0.66,0.22,0,101,0,18,0,0,1,574.2,497.01,1728.33,53,5,6.0,0,0,0,0,0,1,0,0,2,0,0,-1,0,0,0
61901.74,2.61,0.87,0,214,1,14,1,0,0,23682.19,2004.56,71046.58,204,8,5.4,12,0,0,0,0,0,0,1,0,0,0,-1,0,2,0
48658.37,2.54,0.85,0,684,1,18,1,2,2,19164.06,184.02,57492.18,133,3,5.3,5,0,0,0,0,0,0,2,1,0,0,-1,0,2,0
24666.96,15.41,5.98,1,0,0,6,0,7,4,1600.81,1905.29,4124.41,142,18,6.1,13,1,0,1,0,1,0,3,2,0,0,-1,0,2,1
26946.56,9.32,2.29,0,67,1,12,0,2,0,2892.28,463.22,11760.03,24,15,2.7,9,0,1,0,0,0,0,2,0,0,0,-1,0,0,0
145021.39,8.5,1.11,0,170,1,10,0,4,0,17059.19,774.18,130519.25,100,19,0.6,8,0,1,0,0,1,0,2,2,0,0,-1,0,2,0
50395.57,29.78,7.9,0,6,0,11,0,5,0,1692.14,415.92,6377.0,27,9,6.2,8,0,1,0,0,1,1,1,3,1,2,3,1,3,1
18352.03,4.67,1.66,0,40,1,0,0,4,2,3928.91,1066.12,11082.12,80,17,6.4,12,1,0,0,0,0,0,0,0,0,0,-1,0,0,0
148035.53,5.94,1.11,0,399,1,6,0,3,1,24910.9,418.67,133231.98,288,19,4.0,1,1,1,0,0,0,0,1,2,0,0,-1,0,2,0
39139.18,3.59,1.11,0,566,1,22,0,3,3,10913.02,1077.89,35225.26,273,5,4.2,10,0,1,0,0,0,0,0,1,0,0,-1,0,1,0
312.28,0.25,0.09,0,41,1,0,0,0,2,1273.06,528.99,3430.28,133,17,5.5,5,0,1,0,0,0,0,0,0,0,0,-1,0,1,0
354.19,0.37,0.08,0,201,1,1,0,0,1,964.63,252.74,4616.13,178,10,5.9,13,0,1,0,0,0,0,2,2,0,0,-1,0,0,0
69520.32,89.12,40.11,1,0,0,16,0,3,1,780.08,1255.93,1733.03,77,15,2.4,6,0,0,0,0,0,0,0,1,0,0,-1,0,0,1
194.56,0.1,0.04,1,77,1,10,0,3,0,1934.94,166.76,4543.64,69,9,4.3,8,0,1,0,0,0,0,0,1,0,0,-1,0,1,0
4417.47,1.44,0.52,1,56,1,0,0,3,3,3070.72,411.45,8452.63,24,12,2.8,2,1,1,0,0,0,1,2,0,0,0,-1,0,0,0
79346.09,170.27,45.84,1,3,0,2,0,4,3,465.99,2625.22,1731.08,204,9,7.4,12,1,0,0,0,0,0,1,2,1,2,44,0,3,1
2421.36,1.5,0.33,0,131,1,20,0,2,3,1611.11,2200.48,7328.51,228,2,1.1,10,0,0,0,1,0,0,2,1,0,0,-1,0,1,0
42284.35,70.14,23.4,1,0,0,3,0,3,1,602.83,2561.02,1807.17,174,10,4.0,3,1,0,0,0,0,0,0,3,0,0,-1,0,0,1
165.76,0.17,0.04,0,40,1,3,0,4,0,964.57,773.08,4251.6,81,14,4.4,1,1,0,1,1,0,0,2,0,0,0,-1,0,0,0
10378.68,4.45,1.06,0,36,0,21,0,3,1,2332.24,802.82,9750.95,189,11,1.5,11,1,1,0,0,0,1,2,0,0,0,-1,0,1,0
141950.16,9.36,1.11,0,208,1,23,0,3,3,15173.51,338.36,127755.14,139,4,5.6,6,0,0,0,0,0,1,1,0,0,0,-1,0,1,0
3872.3,1.99,0.87,0,37,1,8,1,1,1,1941.3,458.95,4428.67,153,11,6.1,2,1,1,0,0,0,0,1,1,0,0,-1,0,1,0
8998.18,2.47,0.71,1,1,1,21,0,0,1,3648.34,299.78,12623.94,175,8,1.6,3,0,1,0,0,0,0,0,1,0,0,-1,0,0,0
47172.25,4.91,1.11,0,640,1,7,0,1,0,9611.3,1018.85,42455.03,281,16,3.9,2,0,1,0,0,0,0,2,1,0,0,-1,0,2,0
125733.08,5.08,1.11,0,175,1,9,0,5,2,24754.0,1987.95,113159.77,251,4,3.5,14,0,1,0,0,0,0,1,1,0,0,-1,0,0,0
10488.46,2.15,0.87,0,82,1,12,0,5,2,4874.25,488.49,12069.19,235,6,7.2,2,1,0,0,0,1,0,1,2,0,0,-1,0,0,0
1548.82,2.85,0.98,1,273,0,11,1,2,2,544.19,1242.71,1583.42,117,19,1.2,11,1,1,0,0,0,0,1,2,0,0,-1,0,0,0
217.93,0.36,0.12,0,321,1,12,0,5,3,610.09,1161.62,1750.22,59,10,1.1,10,0,1,0,0,0,0,1,2,0,0,-1,0,1,0
1596.59,3.03,0.73,1,250,1,6,1,2,1,526.75,434.22,2173.16,77,16,1.4,8,1,1,0,0,0,0,2,2,0,0,-1,0,2,0
607.74,0.34,0.14,0,188,1,7,0,4,2,1782.73,1579.2,4347.36,131,18,1.2,5,0,1,0,0,0,0,2,0,0,0,-1,0,0,0
99784.32,6.92,1.11,0,303,1,23,0,5,1,14423.98,450.61,89805.89,247,11,4.9,5,0,1,0,0,0,1,1,2,0,0,-1,0,1,0
42068.91,25.19,12.43,0,11,0,23,0,2,3,1669.79,690.25,3384.29,158,14,1.1,2,0,0,0,0,0,0,1,1,1,3,29,1,2,1
56602.78,33.49,11.36,1,0,0,13,0,4,0,1690.08,342.79,4984.41,23,2,6.7,2,1,0,1,0,0,0,1,4,0,0,-1,0,1,1
292.1,0.29,0.11,0,329,1,2,1,4,0,1002.21,577.37,2571.76,167,20,6.9,4,0,0,1,0,0,0,2,1,0,0,-1,0,2,0
149849.7,9.26,1.11,0,280,1,5,0,4,2,16191.15,344.57,134864.73,66,18,4.9,0,0,1,1,0,0,0,1,0,0,0,-1,0,2,0
40944.53,4.82,1.11,0,533,1,2,0,4,3,8486.03,2233.87,36850.08,247,4,7.4,4,0,0,0,0,1,0,0,1,0,0,-1,0,2,0
473.07,0.33,0.07,0,56,1,14,0,2,1,1432.72,871.17,6706.73,43,14,1.9,4,0,1,0,0,0,0,1,0,0,0,-1,0,2,0
280.12,0.43,0.18,0,363,0,2,0,3,2,652.32,183.93,1535.71,191,18,1.9,9,0,0,0,0,0,0,1,0,0,0,-1,0,0,0
115358.58,14.71,1.11,0,430,1,17,0,3,3,7840.65,1020.58,103822.72,268,8,7.9,7,0,1,0,0,0,0,2,2,0,0,-1,0,1,0
91363.85,74.6,22.06,0,0,0,13,1,1,3,1224.76,964.75,4141.73,218,20,1.6,12,0,1,0,0,0,0,0,1,1,3,34,0,4,1
12391.78,2.84,1.35,1,31,0,13,0,1,3,4361.17,405.63,9196.0,57,16,7.6,10,0,0,0,0,0,0,2,0,0,0,-1,0,0,0
577.48,0.46,0.18,0,223,1,20,0,4,2,1264.67,543.44,3285.07,168,17,3.3,6,1,1,0,0,0,0,2,0,0,0,-1,0,1,0
756.75,0.68,0.18,0,188,1,9,0,2,3,1119.74,1024.68,4188.71,49,19,7.3,3,0,1,0,0,0,0,1,1,0,0,-1,0,2,0
802.75,1.77,0.42,1,278,1,12,0,4,0,453.74,188.77,1911.44,244,20,4.9,12,0,1,0,0,0,0,2,0,0,0,-1,0,1,0
27899.93,7.38,2.9,0,3,0,13,0,1,0,3781.31,803.02,9608.14,245,10,6.4,3,1,0,0,0,0,0,2,0,1,3,8,1,1,1
28332.46,20.25,4.81,1,56,0,20,0,5,2,1398.8,381.79,5888.6,29,10,7.5,6,1,1,0,0,0,0,1,0,0,0,-1,0,1,0
814.31,0.5,0.18,0,286,1,22,0,0,0,1636.49,456.24,4629.77,51,13,3.4,1,0,0,0,0,0,0,2,0,0,0,-1,0,0,0
1185.6,0.87,0.18,0,331,1,2,0,0,1,1356.92,808.82,6568.84,166,6,1.2,10,0,1,0,0,0,0,0,1,0,0,-1,0,1,0
50982.98,37.11,13.35,1,0,0,3,0,7,2,1373.66,1054.81,3818.79,43,11,7.7,6,1,0,1,1,0,0,5,2,0,0,-1,0,0,1
54833.11,23.78,11.4,0,4,0,22,0,5,3,2305.93,294.29,4808.24,69,20,1.1,6,0,1,0,0,0,0,0,1,1,3,0,1,6,1
26690.18,19.67,5.81,1,39,0,2,0,0,2,1356.74,1179.59,4593.77,4,7,7.3,11,0,0,0,0,0,0,1,0,0,0,-1,0,0,0
433.57,0.26,0.05,0,243,1,0,0,2,3,1668.85,422.41,8242.41,23,18,3.6,4,0,1,0,0,0,0,0,2,0,0,-1,0,2,0
17393.9,12.04,2.61,0,30,1,22,0,2,2,1444.98,382.06,6652.42,124,6,4.1,4,0,0,0,0,0,0,2,1,0,0,-1,0,1,0
857.55,0.49,0.12,1,353,1,3,0,5,3,1750.5,303.1,7215.71,41,18,6.3,3,0,1,0,0,1,0,1,2,0,0,-1,0,2,0
25834.71,5.6,1.73,0,31,1,4,0,3,2,4611.87,1376.96,14897.6,92,7,1.4,12,0,1,0,0,0,0,1,1,0,0,-1,0,1,0
7043.6,3.69,0.85,0,254,1,9,0,0,2,1909.4,216.05,8293.85,100,12,4.7,11,0,0,0,0,0,0,0,1,0,0,-1,0,2,0
666.21,0.88,0.31,0,44,1,12,0,2,2,760.52,764.31,2183.82,226,15,2.1,2,1,0,0,0,0,0,1,1,0,0,-1,0,2,0
46330.04,46.07,17.03,1,0,0,7,0,3,0,1005.61,611.0,2720.86,203,4,2.8,3,0,0,0,1,0,0,1,1,0,0,-1,0,3,1
99320.29,4.65,1.11,0,404,1,15,0,1,2,21364.81,1007.21,89388.26,228,10,4.0,2,0,1,0,0,0,0,1,1,0,0,-1,0,0,0
1873.93,2.02,0.51,0,229,1,10,0,4,0,928.79,451.58,3667.04,14,4,6.0,5,1,1,0,0,0,0,2,0,0,0,-1,0,2,0
114297.9,6.61,1.11,0,98,1,16,0,5,0,17282.34,756.41,102868.11,193,14,2.6,13,0,1,0,0,0,0,2,2,0,0,-1,0,2,0
776.75,0.79,0.19,1,55,1,10,0,1,3,981.78,267.68,4109.8,162,17,5.7,10,0,0,0,0,0,0,2,2,0,0,-1,0,2,0
307.03,0.17,0.04,0,273,1,3,0,2,2,1836.05,497.93,7689.76,46,7,6.5,0,1,1,0,0,0,0,2,2,0,0,-1,0,2,0
19881.35,1.78,0.59,0,606,1,22,1,5,1,11166.74,326.62,33500.23,153,12,4.7,13,0,1,0,0,0,0,0,0,0,0,-1,0,2,0
199.05,0.16,0.04,0,232,0,17,0,5,0,1211.38,497.47,4663.32,55,2,2.0,14,0,0,0,0,0,0,2,0,0,0,-1,0,2,0
20506.11,4.18,0.96,1,51,0,17,0,1,2,4909.28,600.69,21441.55,213,8,5.5,2,0,0,0,0,0,1,0,0,0,0,-1,0,0,0
3186.79,1.13,0.25,1,40,0,15,0,1,2,2822.78,1215.46,12659.17,202,15,2.0,8,1,0,1,0,0,0,1,0,0,0,-1,0,1,0
725.64,0.4,0.11,0,327,1,3,0,5,2,1799.28,166.81,6725.5,27,12,3.4,12,0,1,0,0,0,0,2,2,0,0,-1,0,2,0
901.58,0.64,0.15,0,210,1,5,0,5,2,1404.07,371.34,6146.01,228,12,3.9,0,0,1,0,0,0,0,1,2,0,0,-1,0,2,0
7350.9,4.39,0.88,1,16,0,8,0,4,0,1676.26,384.02,8357.37,8,5,7.6,0,1,0,0,0,0,0,2,1,0,0,-1,0,0,0
1025.82,1.15,0.26,0,102,1,23,0,1,2,890.11,694.53,3974.91,107,6,7.1,11,0,1,0,0,0,0,2,0,0,0,-1,0,0,0
343.61,0.32,0.14,0,214,1,14,0,0,3,1060.95,3044.31,2389.99,212,15,7.4,5,1,1,0,0,0,0,1,0,0,0,-1,0,1,0
364.31,0.44,0.13,0,23,1,6,0,4,2,831.58,631.62,2824.48,62,4,0.7,3,1,1,0,0,0,0,0,0,0,0,-1,0,2,0
59303.9,5.51,1.11,0,287,1,18,1,1,3,10764.67,702.0,53373.51,219,10,4.0,14,0,1,0,0,0,1,1,1,0,0,-1,0,0,0
26169.99,5.42,1.22,0,20,1,19,0,4,1,4829.31,1038.77,21504.56,181,16,5.4,13,1,0,0,0,1,0,1,1,0,0,-1,0,1,0
1146.04,1.14,0.29,0,87,1,17,0,5,1,1001.51,783.54,3943.75,230,13,7.7,0,0,0,1,0,0,0,0,1,0,0,-1,0,2,0
52550.52,65.34,28.89,1,0,0,14,0,1,2,804.28,366.61,1819.1,159,7,3.6,13,1,0,1,1,0,0,2,4,0,0,-1,0,3,1
162.49,0.15,0.06,1,256,1,8,0,1,3,1088.4,566.24,2647.79,114,18,1.0,14,1,1,0,0,0,0,1,0,0,0,-1,0,2,0
18838.7,4.69,1.89,0,40,0,2,0,1,1,4013.5,1257.07,9953.9,24,8,4.6,2,1,1,1,0,0,0,0,1,0,0,-1,0,0,0
10024.25,3.87,1.55,1,0,0,22,0,6,4,2587.55,715.2,6474.7,13,10,4.4,0,1,0,1,0,0,0,3,2,0,0,-1,0,0,1
592.25,0.57,0.21,0,62,1,6,0,1,3,1046.79,484.6,2842.43,129,8,1.6,5,1,0,0,0,0,0,2,1,0,0,-1,0,0,0
576.9,0.59,0.16,0,263,1,13,0,2,0,978.18,731.25,3662.09,194,11,6.3,13,0,1,0,0,1,1,0,2,0,0,-1,0,2,0
49533.19,39.81,13.32,1,0,0,11,0,3,0,1244.35,564.41,3717.52,130,5,1.5,14,0,1,0,0,0,0,0,1,0,0,-1,0,2,1
16802.61,4.52,1.31,0,10,1,19,0,5,2,3713.76,191.98,12838.85,228,6,5.8,8,1,1,0,0,0,0,1,1,0,0,-1,0,0,0
1290.76,0.67,0.21,1,11,1,6,0,3,2,1919.02,262.8,6045.4,217,5,3.1,2,0,0,0,0,1,0,2,1,0,0,-1,0,1,0
81404.38,33.48,14.43,0,0,0,13,0,4,0,2431.33,355.14,5641.43,20,8,5.4,5,1,0,0,0,0,0,0,0,1,3,31,0,6,1
85118.48,4.71,1.11,0,484,1,13,0,3,1,18059.3,204.78,76606.63,268,4,7.1,5,0,1,1,0,0,0,0,2,0,0,-1,0,0,0
728.49,0.54,0.12,1,335,0,7,0,3,2,1345.32,1232.36,5880.95,214,10,3.5,12,1,0,0,0,1,0,1,1,0,0,-1,0,0,0
20851.92,10.0,2.17,0,1,0,20,0,3,0,2085.37,833.24,9610.03,179,2,2.5,10,1,1,0,0,1,0,0,0,0,0,-1,0,0,0
78106.87,162.2,58.38,1,0,0,10,0,4,2,481.54,304.14,1337.92,80,14,3.4,10,1,1,0,1,0,0,1,2,0,0,-1,0,3,1
1143.61,1.16,0.5,1,138,1,5,0,2,0,982.32,308.43,2277.16,34,11,6.3,2,0,1,0,0,0,0,2,1,0,0,-1,0,2,0
694.01,0.62,0.21,0,208,1,8,0,1,2,1127.29,685.25,3245.65,48,3,4.2,0,0,0,1,0,0,0,0,0,0,0,-1,0,1,0
1375.15,4.05,1.56,0,217,1,23,0,5,1,339.46,160.67,880.37,80,16,6.3,8,0,1,0,0,0,0,0,1,0,0,-1,0,0,0
73108.05,167.35,50.91,0,1,0,0,1,3,0,436.85,183.0,1435.91,63,11,2.8,1,0,0,0,0,0,0,1,1,1,3,43,1,6,1
216.66,0.36,0.07,0,293,1,13,0,5,0,606.06,335.32,2954.39,125,17,2.1,2,1,0,0,0,0,0,2,0,0,0,-1,0,0,0
29152.28,9.43,2.22,1,1,0,9,0,1,2,3091.85,867.46,13119.81,51,6,5.8,3,1,0,0,0,1,0,2,0,0,0,-1,0,0,0
6821.02,2.32,0.96,1,0,0,9,0,3,5,2935.38,278.05,7127.3,34,11,6.1,14,1,0,1,0,1,0,3,4,0,0,-1,0,2,1
42210.7,1.79,0.6,0,326,1,3,0,3,2,23531.75,504.27,70595.24,226,11,6.9,10,0,1,0,0,0,0,0,2,0,0,-1,0,2,0
64491.94,2.66,0.89,0,75,1,9,0,1,2,24270.25,437.7,72810.76,254,4,8.0,1,1,0,0,0,0,0,1,0,0,0,-1,0,1,0
57358.3,32.23,11.56,1,0,0,19,1,5,2,1779.71,996.99,4963.18,171,14,5.5,7,1,0,1,1,1,0,4,3,0,0,-1,0,1,1
2252.72,1.92,0.58,1,45,0,7,0,1,1,1170.36,1002.55,3885.0,25,10,3.1,13,0,0,0,0,0,0,2,2,0,0,-1,0,1,0
495.44,0.53,0.15,0,306,0,13,0,1,0,931.43,444.13,3400.38,158,7,1.0,14,0,1,0,0,1,0,0,1,0,0,-1,0,0,0
1680.2,1.74,0.42,0,298,1,20,0,2,0,965.98,636.9,4006.34,19,10,5.1,4,1,1,0,0,0,0,1,1,0,0,-1,0,1,0
26392.41,8.92,2.44,0,21,0,5,0,1,0,2960.15,687.58,10799.06,199,16,3.9,2,1,0,1,0,0,0,0,1,0,0,-1,0,1,0
12111.45,4.31,1.69,1,0,0,5,0,7,5,2812.12,205.23,7159.68,121,7,6.0,14,1,0,1,1,0,0,4,3,0,0,-1,0,0,1
20905.56,5.76,1.19,0,11,1,10,0,1,1,3632.13,507.76,17592.08,225,5,6.8,4,0,0,1,0,0,1,0,0,0,0,-1,0,0,0
4606.2,1.82,0.37,0,81,1,3,0,5,0,2535.59,1026.22,12476.44,177,3,7.2,9,0,1,0,0,0,0,1,2,0,0,-1,0,0,0
5651.87,6.43,1.49,1,42,0,10,0,4,1,878.74,226.47,3805.04,43,10,7.5,0,1,0,1,0,0,0,2,0,0,0,-1,0,0,0
41945.02,10.69,2.97,1,14,0,19,1,3,3,3925.46,520.48,14119.43,227,19,2.2,11,0,1,0,0,0,0,2,3,1,3,50,0,3,1
964.89,0.53,0.13,0,47,0,9,0,5,1,1823.28,246.21,7306.14,25,12,3.7,4,0,0,0,0,0,0,0,0,0,0,-1,0,2,0
77099.31,112.65,43.75,1,0,0,7,0,4,2,684.41,757.11,1762.08,37,5,6.6,0,1,0,1,0,1,0,0,4,0,0,-1,0,2,1
420.42,0.53,0.23,1,108,1,20,0,5,0,799.2,1048.21,1856.21,31,17,5.0,2,0,0,0,0,0,0,0,0,0,0,-1,0,0,0
71164.53,4.09,1.11,0,134,1,23,0,3,2,17402.45,187.1,64048.08,276,4,4.0,12,1,0,0,0,0,0,2,2,0,0,-1,0,1,0
9514.02,2.6,0.74,0,62,1,4,0,2,2,3664.42,184.82,12850.89,40,5,7.3,13,1,1,0,0,0,0,1,0,0,0,-1,0,0,0
19795.54,12.74,4.98,0,27,0,19,0,3,1,1553.64,1294.48,3971.86,176,13,4.8,4,0,1,0,1,0,1,1,1,0,0,-1,0,1,0
32933.7,19.94,7.34,1,0,0,4,0,8,4,1651.77,439.95,4486.86,142,18,3.7,13,1,0,1,1,1,0,4,3,0,0,-1,0,0,1
57425.83,25.58,7.49,0,0,0,1,1,2,3,2244.8,477.51,7664.01,65,11,7.6,0,0,0,0,0,0,0,0,1,1,3,1,0,6,1
27197.79,1.81,0.6,0,82,1,2,0,3,3,14988.27,231.85,44964.81,124,2,0.6,8,0,0,0,0,0,0,0,0,0,0,-1,0,2,0
9294.68,6.15,2.66,1,0,0,16,0,7,2,1510.51,452.17,3497.2,183,10,7.0,4,1,0,1,0,1,0,2,4,0,0,-1,0,2,1
33048.87,19.67,5.61,0,8,0,15,0,4,2,1680.12,710.47,5893.88,106,11,4.8,8,0,1,0,0,0,0,1,3,1,3,27,1,5,1
483.02,0.78,0.27,0,91,1,15,0,0,3,620.94,548.84,1800.3,56,10,5.0,2,0,1,0,0,0,0,0,2,0,0,-1,0,0,0
101.58,0.18,0.09,0,328,1,23,0,1,2,572.2,206.94,1189.14,172,17,6.9,6,0,0,0,0,0,0,2,1,0,0,-1,0,2,0
25853.55,5.26,1.74,1,4,0,22,0,5,0,4913.62,314.53,14897.63,48,17,1.6,14,1,1,0,0,0,1,0,0,0,0,-1,0,0,0
27054.94,30.8,11.01,0,66,0,2,0,4,1,878.52,1350.04,2456.37,38,5,2.4,13,0,1,0,0,0,0,0,0,0,0,-1,0,1,0
19275.15,10.65,4.04,0,4,0,2,0,3,0,1809.03,596.74,4769.96,186,10,7.4,7,1,0,0,0,0,0,1,0,1,3,36,1,4,1
348.11,0.25,0.08,0,137,1,22,0,1,3,1372.01,184.58,4304.33,21,15,4.5,1,0,1,0,0,0,0,0,2,0,0,-1,0,1,0
1323.96,0.77,0.17,1,130,1,5,0,5,1,1724.39,474.19,7960.22,242,8,2.9,4,0,0,0,0,0,0,0,0,0,0,-1,0,2,0
3023.38,0.84,0.21,0,12,0,0,1,0,3,3608.35,613.29,14311.67,125,11,7.4,13,0,0,0,0,0,0,0,1,1,4,30,1,1,1
632.78,0.56,0.2,1,221,1,1,0,4,3,1130.17,1223.04,3096.76,161,16,4.3,4,0,0,0,0,0,0,1,0,0,0,-1,0,0,0
11118.48,12.34,4.26,0,35,1,11,0,3,0,901.13,1653.27,2607.43,178,13,6.5,7,1,0,1,0,0,0,0,2,0,0,-1,0,1,0
8452.08,1.73,0.72,0,69,0,11,0,0,2,4890.93,513.5,11800.54,200,6,7.3,11,1,0,1,0,0,0,1,2,0,0,-1,0,0,0
39051.55,26.29,11.95,1,0,0,2,0,3,0,1485.58,1367.69,3266.94,114,5,4.6,2,0,1,0,0,0,0,1,4,0,0,-1,0,0,1
1483.37,2.49,0.54,0,288,1,16,0,5,0,594.55,596.58,2764.74,184,12,1.5,8,0,0,0,0,0,0,1,1,0,0,-1,0,2,0
90681.41,146.52,47.82,0,2,0,18,0,2,2,618.91,635.31,1896.36,216,3,1.4,8,0,1,0,0,0,0,1,2,1,3,24,1,4,1
22368.48,3.21,1.07,0,319,1,5,1,3,1,6963.74,504.32,20891.23,239,20,6.7,0,0,1,1,0,0,0,1,1,0,0,-1,0,2,0
2709.01,1.48,0.34,0,56,0,12,1,2,0,1830.13,586.87,7893.84,81,9,4.4,11,0,0,1,0,0,0,0,0,0,0,-1,0,0,0
25517.46,8.47,1.8,0,71,0,3,0,1,2,3011.95,2124.73,14176.7,124,11,1.3,2,1,0,0,0,0,0,0,0,0,0,-1,0,1,0
408.96,1.33,0.37,0,12,0,2,0,5,1,307.94,1435.79,1108.99,17,2,3.9,3,0,1,0,0,0,0,2,1,0,0,-1,0,1,0
513.05,0.28,0.08,0,50,1,1,0,5,2,1836.58,1063.29,6343.53,170,2,1.0,10,0,1,0,0,0,1,2,1,0,0,-1,0,1,0
234.22,0.13,0.04,1,301,1,16,0,0,1,1870.83,382.9,5857.43,120,14,3.7,11,0,1,0,0,0,0,2,0,0,0,-1,0,1,0
55.9,0.03,0.02,0,33,0,6,0,0,0,1629.0,938.26,3416.98,163,13,2.1,8,0,0,1,0,0,0,0,2,0,0,-1,0,2,0
9068.48,6.12,3.01,0,69,0,15,0,1,1,1481.27,579.04,3016.25,156,6,2.3,12,1,1,0,0,1,0,0,1,0,0,-1,0,1,0
10028.6,5.16,1.45,0,27,0,23,0,4,2,1944.83,288.45,6935.68,200,13,4.4,4,0,1,0,0,0,0,0,1,0,0,-1,0,0,0
8578.89,5.86,2.09,1,0,0,9,0,7,3,1463.13,1742.15,4104.37,62,11,2.6,3,1,0,1,0,0,0,3,3,0,0,-1,0,2,1
226.57,0.21,0.06,0,123,0,1,0,3,1,1088.04,1689.35,3998.43,116,11,7.5,11,0,1,1,0,0,0,0,1,0,0,-1,0,2,0
212.67,0.15,0.06,0,204,1,4,0,2,3,1413.91,321.86,3842.83,3,8,7.9,2,0,1,0,0,0,0,2,2,0,0,-1,0,1,0
118471.66,21.59,1.11,0,390,1,6,0,1,2,5486.87,260.41,106624.49,273,6,6.2,8,0,1,0,0,1,0,2,2,0,0,-1,0,1,0
38819.32,10.51,4.24,0,6,0,19,0,0,3,3693.12,634.37,9152.52,55,14,4.6,3,0,1,0,0,1,0,0,0,1,3,45,1,4,1
10877.56,4.74,1.88,0,14,1,12,0,4,3,2292.83,199.73,5776.02,71,18,3.2,1,0,0,1,0,0,0,0,0,0,0,-1,0,0,0
46796.03,21.87,7.9,1,0,0,5,0,5,2,2140.06,621.27,5920.7,165,18,3.0,5,1,0,1,0,0,0,2,1,1,0,-1,0,0,1
11545.4,5.69,1.6,0,14,0,8,0,2,1,2029.46,423.08,7238.06,55,3,2.2,7,0,1,0,0,1,0,2,1,1,3,3,1,2,1
25473.03,15.79,8.4,1,0,0,8,0,4,1,1613.49,545.78,3031.99,240,11,0.7,9,0,1,0,0,0,0,1,3,0,0,-1,0,1,1
416.45,0.23,0.05,1,297,1,14,0,2,0,1831.93,224.13,8638.7,50,15,3.9,8,1,0,1,0,0,0,1,1,0,0,-1,0,1,0
113.77,0.06,0.02,0,12,0,1,0,2,2,1906.88,1241.38,5019.41,235,19,0.6,11,1,1,0,0,0,1,2,1,0,0,-1,0,1,0
89038.29,8.51,1.11,0,451,1,22,1,1,3,10460.96,221.21,80134.46,291,16,3.6,4,1,1,0,0,0,0,1,1,0,0,-1,0,0,0
43312.47,23.83,8.5,1,0,0,18,0,5,1,1817.93,405.74,5098.04,190,2,5.9,11,0,0,0,0,0,0,1,4,0,0,-1,0,0,1
28233.21,29.32,7.06,0,44,1,18,0,3,1,962.99,144.87,3999.01,211,5,1.6,4,1,1,0,0,0,0,2,1,0,0,-1,0,0,0
10391.57,17.01,7.97,0,10,0,2,0,3,3,610.76,1143.7,1304.04,238,6,5.3,1,0,1,0,0,0,0,0,3,1,3,20,1,2,1
515.2,0.27,0.12,1,11,1,11,0,1,0,1890.55,689.87,4281.05,17,11,6.3,1,1,0,0,0,0,0,0,1,0,0,-1,0,1,0
2453.13,2.41,1.0,0,66,1,16,0,4,3,1017.33,820.04,2441.01,24,20,3.7,3,0,1,0,0,0,0,2,0,0,0,-1,0,1,0
58152.62,31.09,16.51,1,0,0,5,0,4,2,1870.5,509.15,3523.01,98,16,6.4,8,1,0,0,0,1,0,1,3,0,0,-1,0,0,1
47502.39,5.33,1.11,0,462,1,7,0,2,0,8918.85,365.62,42752.15,221,19,4.0,14,1,1,0,0,0,1,2,2,0,0,-1,0,1,0
288.65,0.34,0.17,0,179,1,6,1,0,3,850.67,1065.49,1716.99,33,8,6.5,6,1,0,0,0,0,1,0,2,0,0,-1,0,0,0
6679.86,5.4,1.37,0,8,0,1,0,5,2,1236.85,779.75,4889.02,190,10,2.0,12,0,0,0,0,0,0,0,2,0,0,-1,0,1,0
145714.64,7.74,1.11,0,281,1,5,0,2,0,18825.25,360.64,131143.18,103,9,4.6,1,0,0,0,0,0,0,1,0,0,0,-1,0,1,0
208.47,0.13,0.04,1,162,1,15,0,3,1,1628.93,1626.08,5687.05,218,20,0.8,3,0,0,0,0,0,0,1,0,0,0,-1,0,0,0
81927.88,105.87,41.76,0,9,0,18,0,4,1,773.88,182.72,1961.82,145,8,5.5,4,0,0,0,0,0,0,0,2,1,4,3,1,5,1
654.28,0.47,0.13,0,44,1,6,0,1,2,1401.45,512.55,5161.68,46,18,5.7,13,1,1,1,0,0,0,0,2,0,0,-1,0,2,0
69378.87,52.44,28.77,1,0,0,22,1,4,3,1322.91,943.43,2411.68,190,18,0.6,10,0,1,0,0,0,0,0,4,0,0,-1,0,0,1
233.53,0.28,0.08,1,186,0,9,0,0,2,838.03,156.46,2996.94,108,18,2.1,3,0,0,0,0,0,0,2,2,0,0,-1,0,2,0
10558.78,9.28,3.76,0,61,1,5,0,5,0,1137.4,246.3,2805.77,177,16,6.5,4,1,1,1,0,0,0,0,2,0,0,-1,0,0,0
14179.83,4.83,1.55,1,0,0,8,0,4,2,2937.3,808.75,9172.88,158,2,6.4,6,0,0,0,0,0,0,2,0,1,2,55,0,6,1
1227.0,2.79,1.33,0,154,1,15,0,1,2,440.54,270.37,921.87,161,3,7.0,0,1,0,0,0,0,0,1,2,0,0,-1,0,2,0
43644.35,22.04,8.35,1,0,0,0,1,3,3,1980.27,140.94,5225.57,229,12,4.7,8,1,0,1,1,0,0,2,2,0,0,-1,0,0,1
53581.57,2.43,0.81,0,128,1,11,0,1,0,22012.88,766.61,66038.64,209,3,3.3,9,0,1,1,0,0,0,1,1,0,0,-1,0,1,0
862.17,0.49,0.19,0,134,1,11,0,2,2,1762.51,400.25,4585.91,42,17,0.7,0,0,1,0,0,0,0,1,1,0,0,-1,0,0,0
80594.68,3.42,1.11,0,679,1,6,0,5,3,23599.67,456.2,72535.21,145,12,7.6,7,0,1,0,0,0,0,1,0,0,0,-1,0,1,0
17928.78,7.8,1.81,0,28,1,16,0,2,1,2299.93,468.64,9885.7,158,17,2.0,8,0,0,0,0,0,0,1,0,0,0,-1,0,1,0
117777.62,21.6,1.11,0,205,1,23,0,1,1,5451.69,351.43,105999.86,277,9,3.5,5,0,1,0,0,0,0,1,0,0,0,-1,0,0,0
322.19,0.43,0.12,0,234,1,9,1,1,1,745.79,390.42,2627.64,115,10,5.8,10,0,1,0,0,0,0,0,2,0,0,-1,0,0,0
15738.87,2.75,0.92,0,688,1,7,1,2,2,5727.06,756.11,17181.19,217,20,1.1,13,1,0,0,0,0,0,1,0,0,0,-1,0,1,0
1124.25,0.88,0.28,0,222,0,2,0,4,3,1281.06,181.71,3985.65,23,10,7.6,5,0,0,0,0,0,0,2,2,0,0,-1,0,0,0
50439.5,23.82,11.15,1,0,0,1,0,7,3,2117.27,267.39,4523.67,89,2,8.0,4,1,0,1,1,1,0,5,5,0,0,-1,0,1,1
83641.46,7.71,1.11,0,624,1,23,0,5,3,10841.44,246.13,75277.31,81,19,6.2,13,0,1,0,0,0,1,2,1,0,0,-1,0,2,0
40828.19,20.53,8.16,1,0,0,8,0,8,5,1988.69,622.03,5005.66,246,9,3.8,1,1,0,1,0,0,0,4,5,0,0,-1,0,2,1
228.49,0.23,0.05,0,234,1,5,0,1,2,979.77,1086.29,4565.61,143,20,4.3,14,1,1,0,0,0,0,0,0,0,0,-1,0,1,0
29713.63,12.01,4.24,1,0,0,14,0,3,4,2474.23,149.85,7015.12,215,5,7.7,3,1,0,1,0,0,0,4,2,1,0,-1,0,1,1
319.48,0.48,0.17,0,306,1,7,0,5,0,663.98,2900.93,1874.86,215,20,7.6,14,0,1,0,0,0,0,1,2,0,0,-1,0,2,0
59854.73,108.66,49.76,1,0,0,11,0,4,2,550.82,330.75,1202.93,189,9,8.0,1,1,1,0,0,0,0,1,4,1,0,-1,0,0,1
150.23,0.12,0.04,0,263,1,20,0,5,2,1207.75,342.55,3997.6,93,8,5.8,4,1,1,0,0,0,0,0,2,0,0,-1,0,2,0
56528.67,2.32,0.77,0,335,1,4,0,0,0,24323.92,187.5,72971.75,96,10,6.0,9,1,1,1,0,0,0,2,0,0,0,-1,0,0,0
202.74,0.29,0.07,0,5,1,5,0,0,3,698.04,649.61,2768.76,179,6,7.1,4,0,1,0,0,0,0,2,0,0,0,-1,0,2,0
34546.66,25.03,6.97,0,4,0,22,0,1,0,1380.13,790.9,4958.8,164,6,4.3,0,0,0,0,0,0,0,1,3,1,2,48,1,2,1
69312.17,24.09,6.43,1,11,0,14,0,5,1,2877.06,421.77,10774.17,181,16,1.9,14,0,1,1,0,0,0,2,2,1,3,10,0,2,1
21411.65,11.76,3.44,0,77,0,18,0,0,3,1821.03,649.2,6221.94,213,15,4.0,9,0,0,0,0,0,0,1,1,0,0,-1,0,1,0
424.15,0.36,0.12,0,88,1,4,0,3,2,1176.36,183.57,3510.14,89,19,7.5,12,0,0,0,0,1,1,2,1,0,0,-1,0,2,0
36832.28,15.12,5.1,1,0,0,17,0,3,2,2436.73,1237.69,7222.15,4,14,7.4,3,1,0,1,1,0,0,2,3,0,0,-1,0,2,1
44063.85,15.03,4.14,0,4,0,3,0,3,3,2931.93,739.56,10638.69,36,7,7.5,14,0,1,0,0,0,1,1,1,1,4,6,0,1,1
296.69,0.42,0.11,0,283,1,19,1,3,0,714.48,406.64,2593.96,6,3,1.5,12,0,1,0,0,1,0,0,2,0,0,-1,0,1,0
1126.46,2.96,1.0,0,47,1,0,0,5,3,379.97,265.16,1124.77,173,18,1.8,1,1,1,0,0,0,0,2,2,0,0,-1,0,0,0
43157.87,1.79,0.6,0,386,1,11,1,3,2,24084.38,595.82,72253.14,40,14,7.9,0,0,1,0,0,0,0,2,0,0,0,-1,0,2,0
74205.31,52.63,15.27,1,6,0,4,0,2,0,1410.03,280.33,4860.34,35,8,5.0,2,1,1,0,0,0,0,1,0,1,4,16,0,2,1
80430.37,37.57,9.4,0,14,0,15,0,2,1,2140.85,413.31,8557.38,230,11,4.4,5,0,1,0,0,0,0,0,2,1,3,37,1,3,1
52999.37,30.01,12.72,1,0,0,23,0,8,4,1765.82,1891.4,4165.51,61,14,3.4,13,1,0,1,0,0,0,4,1,0,0,-1,0,1,1
1024.01,0.53,0.14,0,93,0,23,0,2,3,1944.44,347.19,7074.81,249,7,5.2,5,0,1,0,0,0,0,0,0,0,0,-1,0,2,0
3431.6,1.47,0.36,0,13,1,21,0,0,1,2339.42,571.9,9641.33,35,10,5.8,0,1,1,0,0,0,0,2,2,0,0,-1,0,0,0
97284.19,98.95,37.13,0,10,0,11,0,4,3,983.15,395.23,2619.87,79,3,6.2,4,1,1,1,0,0,0,0,0,1,3,6,0,2,1
26379.24,10.68,3.81,0,87,1,10,0,3,1,2469.01,397.76,6931.54,165,5,0.8,11,1,1,0,0,0,0,1,1,0,0,-1,0,1,0
21692.59,12.25,3.81,0,3,0,5,1,2,3,1770.14,236.77,5698.3,221,9,3.9,0,0,1,0,0,0,0,1,2,1,2,12,1,4,1
29510.73,9.07,2.13,1,51,1,12,0,5,3,3253.07,456.94,13825.73,152,17,1.6,3,1,0,0,0,0,0,1,2,0,0,-1,0,1,0
5173.07,1.76,0.52,1,57,1,4,0,4,1,2937.76,892.22,10041.13,137,7,1.2,3,1,1,0,0,0,0,2,1,0,0,-1,0,0,0
86773.83,3.64,1.11,0,556,1,6,0,0,2,23821.61,162.07,78096.45,196,19,7.6,3,0,0,0,1,0,0,0,1,0,0,-1,0,1,0
176.72,0.11,0.03,0,344,1,1,0,1,2,1590.85,772.83,6961.0,212,7,1.0,1,1,0,0,0,0,0,2,2,0,0,-1,0,1,0
304.91,0.17,0.06,0,32,1,16,0,4,3,1753.65,316.34,5083.33,243,5,2.1,2,0,1,0,0,0,0,2,2,0,0,-1,0,0,0
15830.76,13.35,5.42,0,8,0,1,0,3,2,1186.15,430.52,2920.71,203,6,5.0,2,0,1,1,0,0,0,0,0,1,3,14,1,5,1
97794.6,30.81,12.29,1,7,0,23,0,1,3,3174.63,315.86,7959.64,190,13,3.9,5,0,0,1,0,0,0,0,2,1,4,58,1,1,1
13627.52,0.64,0.21,0,523,1,17,1,2,3,21349.42,583.12,64048.27,152,6,1.5,1,0,1,0,0,0,0,1,1,0,0,-1,0,0,0
92909.5,11.63,1.11,0,556,1,11,0,5,3,7988.35,411.91,83618.55,229,13,2.1,2,0,0,0,0,0,0,2,0,0,0,-1,0,2,0
422.75,0.73,0.31,0,47,1,1,0,5,2,580.84,343.65,1383.92,247,17,2.4,8,0,0,0,0,0,0,0,1,0,0,-1,0,0,0
21064.0,8.3,3.41,1,5,0,3,0,5,1,2536.87,377.72,6175.92,233,13,2.8,3,0,1,0,0,0,0,0,2,1,3,0,1,5,1
428.22,0.22,0.05,0,312,1,8,0,4,1,1904.78,741.7,9079.6,142,12,2.2,10,0,1,0,0,0,0,2,2,0,0,-1,0,0,0
52711.82,61.57,25.51,1,0,0,17,0,4,3,856.19,976.5,2066.38,193,11,3.2,0,0,1,0,0,0,0,2,2,0,0,-1,0,2,1
322.87,0.17,0.04,0,301,1,3,0,3,3,1903.56,2492.12,7692.12,228,16,3.2,10,0,1,0,0,0,0,0,1,0,0,-1,0,0,0
20211.33,1.04,0.35,0,387,1,8,0,3,2,19509.33,375.76,58528.0,84,5,5.6,10,0,1,0,0,0,0,0,2,0,0,-1,0,2,0
10211.7,2.25,0.93,0,87,0,13,0,2,3,4531.49,449.0,11013.1,22,10,7.1,13,1,1,0,0,0,1,0,1,0,0,-1,0,0,0
21088.33,12.61,5.75,0,78,1,20,0,0,1,1672.03,648.22,3667.61,227,9,7.5,9,1,1,1,0,0,0,1,2,0,0,-1,0,0,0
128237.07,24.72,1.11,0,449,1,4,0,0,2,5187.72,951.56,115413.36,95,12,2.5,12,1,1,0,0,0,0,1,1,0,0,-1,0,0,0
20155.83,8.57,1.84,0,34,0,19,0,5,1,2353.19,564.95,10961.01,62,9,1.9,5,1,0,1,0,0,0,0,0,0,0,-1,0,1,0
12109.89,0.67,0.22,0,355,1,6,0,2,0,18132.92,855.36,54398.76,195,13,1.3,7,0,1,0,0,0,0,1,1,0,0,-1,0,2,0
206.71,0.11,0.03,1,355,1,4,0,5,2,1875.02,150.2,5930.07,141,3,3.2,7,0,1,0,0,0,0,2,1,0,0,-1,0,2,0
42522.11,41.68,20.71,1,0,0,21,1,4,5,1020.13,1304.92,2052.99,85,7,3.1,13,1,0,1,1,1,0,3,4,0,0,-1,0,1,1
471.12,0.31,0.07,0,286,1,5,0,5,0,1497.11,633.44,6787.28,31,12,2.1,11,0,1,0,0,0,0,2,2,0,0,-1,0,1,0
52136.33,19.53,9.02,0,10,0,15,0,5,1,2669.98,324.22,5777.76,144,4,7.0,6,0,1,0,0,0,0,2,3,1,3,28,1,3,1
513.05,0.65,0.14,1,112,1,23,0,4,0,790.39,317.25,3637.75,124,18,3.5,11,0,0,0,0,0,0,1,1,0,0,-1,0,0,0
151.49,0.35,0.12,0,87,1,11,0,2,3,434.64,2269.35,1267.52,192,15,1.9,6,1,0,1,0,0,0,2,0,0,0,-1,0,1,0
453.45,0.46,0.16,0,10,1,3,0,3,2,986.75,427.99,2881.86,34,15,6.0,12,0,1,0,0,0,0,0,1,0,0,-1,0,0,0
21483.13,14.16,3.26,0,78,1,22,0,4,1,1516.64,740.25,6590.38,242,9,3.1,9,1,0,0,0,0,1,2,0,0,0,-1,0,0,0
337.11,0.18,0.04,1,222,1,18,0,3,3,1839.7,1944.3,7549.5,61,5,4.1,3,1,0,0,0,0,0,2,2,0,0,-1,0,1,0
721.37,0.54,0.27,0,307,1,15,0,0,3,1328.94,273.16,2663.66,173,14,1.9,8,0,1,0,0,0,0,1,0,0,0,-1,0,0,0
141.17,0.07,0.02,0,35,1,18,0,0,1,1918.86,1601.44,5684.01,83,6,4.0,3,0,0,0,0,0,0,0,1,0,0,-1,0,1,0
24827.79,14.59,6.81,0,72,0,5,0,3,3,1701.33,242.16,3647.9,52,3,2.4,9,1,1,0,0,0,0,1,2,0,0,-1,0,0,0
29434.56,8.74,3.81,0,17,1,9,0,0,0,3367.02,193.81,7725.14,163,2,4.1,10,1,1,0,0,0,0,2,0,0,0,-1,0,1,0
980.83,2.76,0.99,0,22,1,9,0,3,3,355.38,1440.85,986.93,195,15,6.8,0,0,0,0,0,0,0,0,2,0,0,-1,0,0,0
14833.96,4.16,1.35,0,54,0,10,0,4,2,3565.79,441.11,10988.53,97,7,4.7,9,1,1,0,0,0,0,0,1,0,0,-1,0,1,0
2665.09,1.52,0.38,0,252,1,19,0,0,2,1754.78,233.34,7007.57,9,11,5.2,3,0,1,0,0,0,0,2,1,0,0,-1,0,0,0
108475.0,10.04,1.11,0,663,1,17,0,1,0,10804.9,493.4,97627.5,178,4,2.3,8,1,1,0,0,0,0,2,0,0,0,-1,0,1,0
52364.72,38.79,18.42,1,0,0,5,0,2,2,1349.88,185.18,2842.58,6,2,1.3,14,0,1,0,0,0,1,1,4,0,0,-1,0,2,1
346.97,0.37,0.14,0,96,1,12,0,1,1,946.48,270.21,2484.71,161,3,3.8,11,0,1,0,0,0,0,2,2,0,0,-1,0,0,0
78315.3,39.11,14.35,1,0,0,17,0,2,1,2002.23,756.7,5459.2,56,17,3.8,9,0,0,1,0,0,0,0,2,0,0,-1,0,0,1
418.04,0.32,0.08,1,165,0,1,0,3,3,1311.4,171.47,5024.92,226,19,5.7,10,1,1,0,0,1,0,1,1,0,0,-1,0,2,0
3164.31,1.76,0.66,0,111,1,10,0,1,0,1794.53,519.12,4782.9,174,7,1.5,11,1,1,0,0,0,0,2,1,0,0,-1,0,2,0
28352.76,6.34,2.35,1,31,0,10,0,0,1,4470.83,159.92,12084.17,189,6,3.4,9,0,0,1,0,0,1,2,1,0,0,-1,0,0,0
977.79,1.1,0.27,0,33,1,22,0,3,0,891.12,345.86,3586.28,229,5,1.1,12,0,0,1,0,0,0,1,2,0,0,-1,0,0,0
25344.2,5.52,1.76,0,78,0,4,0,2,3,4593.03,1017.25,14376.76,77,5,1.9,7,0,1,0,0,0,0,1,0,0,0,-1,0,1,0
26895.04,6.51,1.4,0,55,1,21,0,1,1,4134.5,686.65,19226.7,240,5,1.8,11,0,1,0,0,0,1,0,0,0,0,-1,0,0,0
1128.17,0.93,0.25,0,330,1,1,0,0,2,1217.89,533.56,4474.64,197,8,3.7,8,0,1,0,0,0,0,1,0,0,0,-1,0,1,0
11515.3,3.02,0.76,0,3,0,16,0,3,0,3811.94,1226.1,15150.9,231,6,1.7,7,0,1,0,0,0,1,1,0,0,0,-1,0,1,0
55307.97,72.98,34.12,1,0,0,21,0,5,3,757.82,1583.72,1621.1,152,19,0.8,5,1,1,0,0,0,0,1,1,0,0,-1,0,1,1
5895.83,3.0,1.04,0,55,1,2,0,4,3,1966.15,1184.4,5669.61,8,17,6.2,8,0,0,0,0,0,0,2,1,0,0,-1,0,0,0
1878.49,2.96,0.65,0,251,1,4,0,4,2,634.62,351.0,2873.86,230,9,5.9,12,0,1,0,0,0,0,2,1,0,0,-1,0,1,0
21449.37,5.71,1.31,0,16,1,8,0,3,3,3759.17,297.89,16356.25,239,11,1.4,11,0,0,0,0,1,0,2,1,0,0,-1,0,1,0
144.9,0.1,0.03,0,44,1,23,1,1,3,1496.57,803.55,4243.84,115,2,3.2,6,1,1,0,0,0,0,0,2,0,0,-1,0,1,0
11458.31,26.01,9.88,0,11,0,15,0,3,3,440.54,2449.98,1159.51,205,17,1.2,0,0,1,0,0,0,0,1,3,1,3,57,0,6,1
21843.31,21.16,7.7,0,14,0,11,0,4,2,1032.32,203.82,2837.05,105,2,2.2,8,0,1,0,0,0,0,0,3,1,2,9,0,5,1
108.95,0.08,0.02,0,129,1,22,0,4,1,1354.08,1239.56,4727.6,12,16,1.6,3,0,0,0,0,0,0,2,2,0,0,-1,0,0,0
25495.61,5.74,1.3,1,82,0,20,0,0,2,4443.17,215.91,19644.13,161,13,2.7,4,0,1,1,0,0,0,0,0,0,0,-1,0,0,0
500.62,0.46,0.12,1,248,1,9,0,0,0,1088.32,272.4,4118.23,177,8,0.9,8,1,1,0,0,0,0,2,1,0,0,-1,0,0,0
143862.92,12.95,1.11,0,614,1,22,0,0,1,11105.96,263.73,129476.63,138,17,4.7,8,1,1,0,0,0,0,1,1,0,0,-1,0,0,0
29660.84,7.22,2.97,0,11,0,12,0,3,3,4109.15,1513.26,9997.69,133,14,2.7,14,0,0,0,0,0,0,2,1,0,0,-1,0,1,0
76597.78,4.16,1.11,0,597,1,9,0,5,1,18414.68,768.46,68938.0,166,17,6.4,2,0,0,0,0,0,0,1,1,0,0,-1,0,2,0
10566.43,4.45,1.22,0,84,0,17,0,5,3,2376.19,226.26,8674.83,189,20,3.2,6,1,0,0,0,0,0,0,0,0,0,-1,0,1,0
563.54,0.34,0.09,0,18,1,10,1,2,0,1662.49,378.54,5961.33,105,12,7.0,4,1,0,0,0,0,1,1,0,0,0,-1,0,0,0
130509.55,20.21,1.11,0,539,1,15,0,5,0,6456.46,931.66,117458.6,89,11,4.0,2,0,1,0,0,0,0,0,0,0,0,-1,0,1,0
301.59,0.16,0.06,1,113,0,8,0,5,0,1841.96,220.15,5359.29,219,13,1.2,11,0,0,0,0,0,0,0,2,0,0,-1,0,2,0
92.67,0.05,0.01,0,158,1,14,0,3,0,1946.28,166.8,6206.17,249,8,3.9,7,0,0,0,0,0,0,2,0,0,0,-1,0,1,0
53028.92,22.11,10.95,1,0,0,10,0,7,2,2398.44,1381.8,4841.88,206,8,7.7,0,1,0,1,1,0,0,2,2,0,0,-1,0,2,1
50788.46,62.59,26.76,1,0,0,19,0,6,5,811.41,389.14,1898.04,212,17,6.3,11,1,0,1,1,0,0,4,2,0,0,-1,0,0,1
2330.61,0.48,0.19,0,63,0,21,0,1,2,4862.98,1219.83,12543.53,218,11,7.0,13,0,0,0,0,0,0,2,2,0,0,-1,0,1,0
18054.72,5.15,1.62,0,19,0,10,0,1,3,3504.47,789.11,11116.93,245,17,6.4,10,1,0,0,0,0,0,0,2,0,0,-1,0,1,0
46307.15,8.8,1.11,0,347,1,13,0,2,1,5264.19,519.18,41676.44,67,8,0.7,0,0,1,1,0,0,0,0,2,0,0,-1,0,0,0
22667.46,15.31,3.45,1,88,0,16,0,5,3,1480.24,141.09,6569.89,113,4,5.6,10,1,0,0,0,0,0,1,1,0,0,-1,0,1,0
97789.64,4.25,1.11,0,668,1,4,0,1,1,23000.99,151.53,88010.68,78,16,3.1,13,0,0,0,0,0,0,1,2,0,0,-1,0,1,0
75181.02,63.76,29.08,1,0,0,19,0,5,0,1179.1,754.44,2585.74,47,12,2.2,6,1,0,0,0,0,0,0,4,0,0,-1,0,2,1
4706.64,1.08,0.39,1,55,1,1,0,3,3,4361.23,566.48,12024.89,82,3,3.5,0,0,0,0,0,0,0,1,1,0,0,-1,0,0,0
72412.23,30.77,12.22,1,0,0,0,0,3,3,2353.49,290.22,5926.8,48,19,4.6,1,1,0,0,0,0,0,0,3,0,0,-1,0,2,1
92417.12,109.87,42.9,1,3,0,23,0,3,3,841.12,1856.39,2154.09,171,20,6.0,4,0,0,0,0,0,0,2,0,1,4,48,0,2,1
832.69,0.57,0.18,0,239,0,4,0,2,2,1459.07,303.12,4504.96,92,9,2.9,5,0,1,0,0,0,0,2,2,0,0,-1,0,1,0
58727.45,20.44,10.1,1,12,0,1,0,3,3,2873.56,549.34,5814.69,234,11,5.2,8,0,1,0,0,1,0,2,2,1,3,38,1,2,1
84026.79,4.34,1.11,0,289,1,22,0,0,1,19356.43,480.89,75624.11,254,17,2.4,11,0,1,0,0,0,0,1,0,0,0,-1,0,1,0
33285.24,30.58,13.29,0,13,0,7,0,1,2,1088.39,2918.48,2504.73,213,15,7.8,4,0,0,0,0,0,0,1,2,1,2,37,1,1,1
137065.76,17.71,1.11,0,217,1,8,1,1,2,7741.21,1924.55,123359.18,124,19,7.7,14,0,1,0,0,0,0,2,2,0,0,-1,0,1,0
143494.36,6.56,1.11,0,587,1,4,0,4,1,21862.53,2348.28,129144.92,160,18,4.0,7,0,1,0,0,0,0,2,1,0,0,-1,0,2,0
252.97,0.23,0.1,0,194,1,0,0,0,2,1100.5,194.15,2518.65,241,16,4.1,10,0,0,0,0,0,0,1,0,0,0,-1,0,2,0
22292.3,7.77,2.52,1,17,0,15,0,2,1,2868.79,1081.6,8855.93,61,8,6.1,13,1,1,0,0,0,0,0,2,0,0,-1,0,1,0
51705.37,73.06,27.74,1,0,0,18,0,2,2,707.7,407.08,1863.83,248,7,3.0,11,1,1,1,0,1,0,1,4,0,0,-1,0,1,1
656.63,0.4,0.14,0,204,1,9,0,3,1,1648.32,372.27,4575.5,35,5,2.9,5,1,1,0,0,0,0,0,0,0,0,-1,0,1,0
17917.58,5.42,1.46,1,3,0,12,0,1,0,3306.02,680.93,12236.16,144,19,7.1,14,0,1,0,0,0,0,1,0,1,2,9,0,5,1
303.18,0.27,0.06,0,123,1,20,0,4,0,1104.15,1074.45,4892.06,152,16,7.1,7,1,1,1,0,0,0,2,1,0,0,-1,0,2,0
56573.69,3.83,1.11,0,730,1,14,0,0,1,14761.64,1194.25,50916.32,84,11,2.8,14,0,0,0,0,0,0,0,1,0,0,-1,0,2,0
26403.41,8.25,1.94,0,78,0,4,0,4,1,3198.68,325.75,13581.74,138,6,2.6,14,1,0,0,0,0,0,2,2,0,0,-1,0,1,0
29944.87,12.25,5.6,1,65,1,3,0,0,3,2444.21,338.97,5348.16,92,16,2.5,3,1,0,1,0,1,1,1,1,0,0,-1,0,0,0
129883.29,8.41,1.11,0,228,1,18,1,4,3,15445.34,415.1,116894.96,132,9,1.8,8,0,1,0,0,0,0,1,2,0,0,-1,0,2,0
58954.47,36.06,17.91,1,0,0,17,1,5,1,1634.78,422.71,3292.14,103,2,5.5,0,1,0,0,0,0,1,1,1,0,0,-1,0,3,1
6792.62,8.95,3.06,1,0,0,22,1,8,4,758.77,549.3,2218.45,139,14,2.5,8,1,0,1,0,1,0,5,5,0,0,-1,0,1,1
14229.09,5.0,1.21,0,12,0,18,0,5,3,2844.76,326.19,11741.1,127,15,3.6,3,0,0,0,0,0,0,2,1,0,0,-1,0,0,0
689.63,0.7,0.21,0,39,1,15,0,2,1,984.77,988.18,3313.1,30,8,1.7,4,0,0,0,0,0,0,0,2,0,0,-1,0,0,0
248.77,0.77,0.2,1,222,1,22,0,3,3,323.92,430.95,1264.19,241,17,7.5,14,0,1,0,0,0,0,0,1,0,0,-1,0,0,0
25244.78,6.98,3.35,1,13,0,1,0,4,1,3617.01,1557.94,7543.91,129,16,1.6,13,0,1,0,0,0,0,2,1,1,3,0,1,2,1
41759.53,3.01,1.0,0,451,1,0,0,5,3,13895.76,332.71,41687.29,61,4,4.6,5,1,0,0,0,0,0,1,1,0,0,-1,0,1,0
16663.5,6.5,1.51,1,25,1,5,0,4,0,2562.56,163.5,11004.89,205,8,3.7,12,1,0,0,0,0,0,0,2,0,0,-1,0,0,0
7965.27,5.23,1.19,0,22,0,18,0,3,2,1523.97,482.86,6684.0,81,8,5.7,6,0,0,0,0,0,1,0,2,0,0,-1,0,1,0
659.73,0.51,0.13,1,128,1,0,0,5,1,1296.6,218.32,4904.52,143,5,2.7,2,1,1,1,0,0,0,2,1,0,0,-1,0,0,0
505.17,0.33,0.08,0,161,1,19,1,3,0,1523.34,423.89,6477.35,102,15,7.9,8,1,0,0,0,0,0,2,2,0,0,-1,0,1,0
360.96,0.21,0.07,0,255,0,9,0,0,3,1734.41,340.44,5073.25,218,17,1.7,5,0,1,0,0,0,0,0,0,0,0,-1,0,2,0
28447.24,15.46,5.42,1,0,0,14,0,3,2,1840.02,140.32,5253.23,182,14,3.8,9,1,0,1,1,1,0,5,5,0,0,-1,0,1,1
64660.35,3.82,1.11,0,538,1,10,0,2,2,16948.79,2623.24,58194.32,88,10,5.8,13,0,1,0,0,0,0,0,0,0,0,-1,0,0,0
13873.35,5.59,2.11,0,57,0,11,0,4,0,2480.4,986.24,6573.88,30,11,1.9,4,0,0,0,0,0,1,0,0,0,0,-1,0,0,0
391.31,0.22,0.07,0,327,1,16,0,1,3,1800.22,448.21,5928.68,61,4,7.4,5,0,0,0,0,0,0,1,2,0,0,-1,0,0,0
98860.72,4.43,1.11,0,519,1,17,0,1,2,22299.98,516.3,88974.65,51,5,3.4,8,1,0,1,1,0,0,0,1,0,0,-1,0,2,0
929.69,1.56,0.39,1,164,1,18,0,4,1,596.55,584.72,2380.98,18,16,7.4,13,0,1,0,1,0,0,2,2,0,0,-1,0,0,0
139587.35,13.28,1.11,0,272,1,2,0,4,3,10509.82,668.77,125628.62,242,8,7.8,7,1,1,0,0,0,0,0,2,0,0,-1,0,1,0
134.7,0.08,0.02,0,110,1,3,0,1,3,1783.88,1028.33,7097.08,174,5,4.4,3,1,1,0,0,0,0,0,1,0,0,-1,0,2,0
3280.23,2.65,0.8,1,238,1,19,0,4,3,1238.48,3262.39,4111.61,239,14,1.8,11,0,1,0,0,0,0,0,0,0,0,-1,0,1,0
20123.75,4.45,0.99,1,22,0,15,0,4,1,4522.6,327.96,20339.18,127,20,2.4,0,0,0,0,0,0,0,2,0,0,0,-1,0,1,0
321.96,0.29,0.08,0,334,1,11,1,4,0,1096.2,712.05,4137.47,43,15,2.8,1,0,1,0,0,0,0,2,0,0,0,-1,0,2,0
19534.15,4.74,1.7,0,30,0,11,0,5,2,4117.66,146.66,11518.42,21,14,1.1,12,1,1,0,0,0,0,1,1,0,0,-1,0,0,0
709.1,0.38,0.12,0,200,1,20,0,4,0,1877.38,669.88,6019.49,232,18,5.3,2,0,0,0,0,0,0,2,0,0,0,-1,0,0,0
78222.09,24.19,6.13,0,11,0,15,0,3,0,3234.32,611.67,12752.59,30,19,7.3,3,0,1,0,0,0,0,1,3,1,4,24,1,6,1
23509.61,20.5,6.97,0,56,1,11,1,2,0,1146.53,1603.66,3372.72,142,9,1.0,10,0,1,0,0,0,0,2,2,0,0,-1,0,0,0
143732.78,6.26,1.11,0,204,1,4,0,2,3,22964.31,444.26,129359.5,74,17,3.6,10,1,1,0,0,0,0,2,2,0,0,-1,0,0,0
15342.01,4.32,1.06,0,23,0,4,1,2,2,3553.37,339.16,14533.63,236,11,4.9,7,0,1,0,0,0,0,0,2,0,0,-1,0,1,0
6956.63,1.57,0.41,1,66,0,1,0,5,3,4444.68,667.56,16798.8,179,13,5.1,12,1,1,0,0,0,0,1,2,0,0,-1,0,1,0
1376.78,3.7,1.73,0,97,1,5,0,4,1,372.44,543.83,793.72,57,7,2.5,0,0,1,0,0,0,0,2,2,0,0,-1,0,1,0
53084.48,54.85,18.36,1,0,0,16,0,5,3,967.77,475.09,2891.59,105,16,4.7,13,1,1,1,0,0,0,0,3,0,0,-1,0,0,1
13339.22,11.05,3.13,1,36,0,5,0,5,3,1206.97,159.7,4258.67,111,17,2.5,13,1,1,0,0,0,0,2,0,0,0,-1,0,1,0
3887.76,1.13,0.29,0,85,1,22,0,1,1,3452.61,1327.39,13329.85,244,10,1.4,9,1,0,0,0,0,0,2,2,0,0,-1,0,1,0
81226.53,49.38,13.22,0,1,0,13,1,0,0,1644.96,532.04,6142.15,99,13,0.6,6,1,1,0,0,0,0,0,1,1,4,18,0,6,1
32391.77,17.7,9.09,1,0,0,16,0,5,3,1830.18,2095.44,3563.96,247,3,3.6,14,0,1,1,0,1,0,1,1,0,0,-1,0,0,1
54720.83,2.49,0.83,0,302,1,3,0,0,0,22010.17,859.9,66030.51,134,19,1.3,7,0,1,0,0,0,0,1,2,0,0,-1,0,0,0
438.93,0.39,0.1,0,39,1,15,1,1,2,1120.2,237.42,4220.41,227,5,3.7,4,0,1,0,0,0,0,0,1,0,0,-1,0,1,0
2155.57,0.46,0.19,0,73,0,14,0,1,1,4695.72,899.69,11434.2,168,13,2.6,4,1,1,1,0,0,1,1,2,0,0,-1,0,1,0
283.15,0.27,0.08,0,338,1,1,0,2,3,1044.65,1329.2,3542.01,169,2,5.1,14,0,0,0,0,0,0,1,0,0,0,-1,0,1,0
79700.04,3.56,1.11,0,720,1,16,0,5,3,22361.87,167.31,71730.04,93,5,6.4,2,0,1,0,0,0,0,1,0,0,0,-1,0,2,0
11351.87,0.86,0.29,0,377,1,14,1,3,2,13217.73,744.74,39653.18,121,10,7.8,10,0,0,0,0,0,0,2,0,0,0,-1,0,1,0
15792.08,3.62,1.64,1,26,0,11,0,3,1,4367.96,1605.8,9634.7,194,11,4.7,7,0,1,0,0,0,0,2,1,0,0,-1,0,0,0
2336.98,1.33,0.32,0,50,1,4,0,2,1,1755.84,799.98,7312.95,204,13,2.9,10,0,1,0,0,0,0,2,0,0,0,-1,0,0,0
93652.77,4.64,1.11,0,387,1,0,0,5,1,20192.99,1888.43,84287.49,286,20,5.1,6,0,1,0,1,0,0,0,1,0,0,-1,0,0,0
57130.06,8.61,1.11,0,572,1,6,0,5,1,6637.81,1825.72,51417.05,253,16,6.0,13,0,1,0,0,0,0,1,1,0,0,-1,0,2,0
18032.3,3.74,1.73,0,30,1,3,0,4,3,4820.03,480.87,10451.73,190,10,7.2,1,0,1,0,0,0,0,0,2,0,0,-1,0,0,0
34105.59,43.12,18.45,1,0,0,16,0,1,0,790.92,437.57,1848.92,243,11,5.5,4,1,0,1,0,0,0,1,2,0,0,-1,0,1,1
123353.5,13.17,1.11,0,703,1,23,0,5,0,9366.35,619.05,111018.15,148,7,2.3,12,0,1,0,0,0,1,0,2,0,0,-1,0,1,0
105103.27,5.64,1.11,0,720,1,18,0,4,0,18649.75,1088.68,94592.94,49,18,7.8,2,0,0,0,0,0,0,1,1,0,0,-1,0,1,0
14103.94,0.71,0.24,0,684,1,14,1,2,2,19937.46,1031.23,59812.39,47,7,4.1,4,0,0,0,0,1,0,1,2,0,0,-1,0,0,0
862.59,1.91,0.41,0,297,1,14,0,2,3,451.62,602.17,2111.89,99,4,4.2,7,0,1,0,0,0,0,1,2,0,0,-1,0,2,0
134423.09,8.11,1.11,0,331,1,11,0,5,3,16581.32,434.87,120980.78,182,9,3.0,5,0,1,0,0,0,0,2,2,0,0,-1,0,0,0
44996.47,18.49,7.44,1,0,0,11,0,4,3,2433.98,401.93,6045.92,175,5,7.2,10,0,0,0,0,0,0,2,2,0,0,-1,0,0,1
882.51,1.21,0.31,0,138,0,6,0,4,0,726.89,668.07,2802.49,128,14,1.4,13,0,0,0,0,0,0,2,0,0,0,-1,0,0,0
521.51,0.4,0.08,0,258,0,4,0,4,0,1300.98,1085.14,6434.55,29,4,1.8,11,0,0,0,0,0,0,2,2,0,0,-1,0,0,0
36620.22,15.68,4.41,0,10,0,18,0,3,0,2335.83,402.87,8297.72,228,11,2.2,7,1,1,0,0,0,0,2,1,1,2,48,0,6,1
24947.53,1.1,0.37,0,124,1,18,0,5,1,22642.17,1315.13,67926.52,98,4,7.2,4,0,0,0,0,0,0,2,2,0,0,-1,0,0,0
418.27,0.4,0.16,0,134,1,1,0,2,0,1038.47,1145.64,2677.84,36,14,5.3,7,1,1,0,0,0,0,0,0,0,0,-1,0,1,0
37262.18,29.97,16.52,1,0,0,15,0,5,1,1243.25,5248.2,2256.17,81,10,1.9,1,0,0,0,0,0,0,2,4,0,0,-1,0,1,1
11548.25,6.26,1.74,0,67,0,20,0,5,3,1845.61,307.02,6653.63,107,19,2.1,2,0,1,0,0,0,0,0,1,0,0,-1,0,0,0
22443.9,5.92,1.49,0,53,1,22,0,3,1,3791.72,649.13,15043.15,229,11,6.2,7,0,0,0,0,0,0,1,1,0,0,-1,0,0,0
3047.28,3.64,1.25,0,218,1,6,0,1,1,836.09,280.82,2444.77,43,12,7.7,7,1,1,0,0,0,0,1,1,0,0,-1,0,1,0
16745.28,5.18,1.15,0,72,0,11,0,2,0,3233.81,630.94,14566.9,187,18,8.0,6,1,0,0,0,0,0,0,1,0,0,-1,0,0,0
474.11,0.35,0.07,0,87,0,11,0,0,3,1337.25,395.56,6574.11,44,17,4.3,7,0,1,0,0,0,0,0,2,0,0,-1,0,2,0
23042.87,7.9,1.95,1,17,1,11,0,0,3,2915.75,837.34,11838.49,109,5,5.6,13,0,1,0,0,0,0,0,1,0,0,-1,0,1,0
561.5,0.32,0.08,0,314,1,4,0,5,0,1771.62,1520.33,7134.81,13,6,2.8,7,0,0,0,0,0,0,0,0,0,0,-1,0,0,0
366.44,0.27,0.11,0,356,1,22,0,0,1,1367.74,555.37,3356.59,190,5,1.3,5,0,0,0,0,0,0,2,0,0,0,-1,0,2,0
79011.25,7.35,1.11,0,308,1,17,0,1,3,10755.77,179.02,71110.12,84,5,4.1,2,0,1,1,0,0,0,2,1,0,0,-1,0,2,0
77136.1,37.32,14.16,1,0,0,1,1,2,1,2067.09,636.26,5448.27,51,18,6.5,10,1,0,0,0,0,0,2,1,0,0,-1,0,3,1
59134.8,26.69,11.63,1,0,0,5,0,4,3,2215.72,180.53,5084.65,135,2,4.5,11,0,1,1,0,0,0,2,4,1,0,-1,0,2,1
1788.78,4.26,1.08,0,168,1,15,0,4,0,420.02,525.06,1650.26,122,3,2.9,13,0,1,0,0,0,0,2,0,0,0,-1,0,0,0
29458.83,9.07,3.11,0,87,0,15,0,4,3,3247.24,694.57,9480.65,104,11,0.6,14,1,1,0,0,0,1,2,1,0,0,-1,0,0,0
53049.81,38.03,17.84,1,0,0,11,0,5,0,1394.93,172.11,2973.96,120,2,7.2,1,0,1,1,0,0,0,0,4,0,0,-1,0,3,1
29121.11,2.06,0.69,0,140,1,17,1,1,0,14102.94,350.89,42308.83,110,20,2.4,2,0,1,0,0,0,0,0,0,0,0,-1,0,1,0
37311.6,6.6,1.11,0,730,1,8,0,1,0,5650.83,280.43,33580.44,57,3,2.3,13,0,1,0,0,0,0,2,2,0,0,-1,0,0,0
5175.72,6.85,2.32,1,0,0,1,0,8,4,755.61,163.88,2227.05,77,12,6.9,4,1,0,1,0,0,0,3,5,0,0,-1,0,0,1
14455.09,7.73,3.56,1,0,0,10,0,4,3,1870.98,783.68,4056.63,181,8,5.9,2,0,1,1,0,0,0,0,4,0,0,-1,0,0,1
8308.12,2.31,0.59,0,9,0,0,0,2,3,3597.74,479.43,14093.15,59,16,5.4,0,0,1,0,0,0,0,0,3,1,2,27,1,6,1
90685.3,31.38,12.95,0,7,0,11,0,2,3,2889.59,868.08,7002.4,229,5,1.8,3,0,0,0,0,0,0,0,0,1,3,22,1,6,1
86529.24,12.71,1.11,0,480,1,17,0,2,3,6808.9,282.16,77876.32,219,16,4.7,3,1,1,0,0,0,0,2,0,0,0,-1,0,2,0
143442.12,5.87,1.11,0,561,1,8,1,4,1,24450.05,443.42,129097.91,98,20,3.3,12,0,1,0,0,0,0,2,2,0,0,-1,0,0,0
886.82,0.48,0.1,1,71,0,11,0,3,3,1844.44,711.93,8560.42,16,8,3.8,0,1,0,1,0,0,0,1,2,0,0,-1,0,1,0
11219.82,4.05,0.94,0,50,1,11,0,4,1,2767.27,1354.1,11987.6,7,2,6.7,0,0,0,0,0,0,0,1,0,0,0,-1,0,1,0
49878.1,13.08,4.36,0,5,0,13,0,4,0,3814.24,513.27,11440.81,128,18,7.1,5,0,1,0,0,0,0,0,2,1,3,23,1,4,1
40459.69,31.46,11.55,0,8,0,11,0,1,1,1285.92,1525.53,3502.77,186,3,3.2,7,0,1,0,0,0,0,2,0,1,3,10,1,4,1
315.41,0.25,0.05,1,293,1,21,0,2,2,1276.06,452.15,5872.7,198,3,5.3,5,1,1,0,0,0,0,0,0,0,0,-1,0,0,0
20116.0,5.5,2.08,0,85,0,18,0,4,2,3655.4,2246.21,9680.0,94,13,2.1,10,0,0,0,0,0,0,1,2,0,0,-1,0,1,0
1380.27,4.06,1.45,0,218,1,10,0,5,2,340.0,323.11,952.58,211,16,3.8,7,0,0,0,0,0,0,2,1,0,0,-1,0,1,0
56702.98,42.94,16.25,1,0,0,1,0,2,3,1320.6,517.45,3489.77,212,9,0.8,3,1,1,0,0,0,0,2,4,0,0,-1,0,0,1
39197.22,15.78,4.4,1,11,0,1,0,3,0,2483.76,590.58,8903.76,216,16,4.6,4,0,1,0,0,0,0,0,1,1,4,22,0,3,1
712.46,0.75,0.23,0,357,1,9,0,5,2,952.76,376.09,3047.85,246,9,5.5,3,0,0,1,0,0,0,0,1,0,0,-1,0,2,0
19263.74,35.02,8.78,0,11,0,22,0,1,3,550.01,380.83,2193.06,25,14,1.2,2,0,0,0,0,0,0,1,0,1,3,57,1,6,1
15008.8,10.03,2.62,0,0,0,9,0,1,1,1496.08,503.43,5718.14,211,12,2.5,6,0,0,0,0,0,0,1,2,0,0,-1,0,1,0
118.96,0.08,0.02,0,88,1,23,0,4,2,1491.0,339.2,6970.79,167,7,4.5,8,1,0,0,0,0,0,0,2,0,0,-1,0,0,0
651.31,0.85,0.26,0,99,1,1,0,1,1,766.17,157.11,2500.37,190,15,5.3,7,1,1,0,0,0,0,2,2,0,0,-1,0,1,0
3988.05,9.38,1.91,0,235,1,3,0,1,1,425.38,395.82,2091.63,9,13,4.7,5,1,1,0,0,0,0,2,2,0,0,-1,0,1,0
59827.55,24.25,13.31,1,0,0,18,0,4,0,2467.43,609.24,4495.73,66,2,0.8,0,1,1,1,0,0,0,2,3,0,0,-1,0,1,1
94804.26,24.67,7.15,0,5,0,8,0,2,2,3843.45,181.92,13265.18,65,14,8.0,11,0,1,0,0,0,0,0,3,1,2,5,1,5,1
327.55,0.27,0.07,0,7,1,20,0,4,2,1191.67,296.96,4557.99,19,16,5.0,5,0,0,0,0,0,0,0,1,0,0,-1,0,2,0
239.35,0.37,0.1,0,217,1,21,1,5,2,642.61,570.59,2378.43,59,6,0.7,6,1,0,1,0,0,0,0,1,0,0,-1,0,1,0
758.9,0.44,0.16,0,144,1,22,0,5,3,1707.52,574.46,4803.93,92,19,7.5,12,0,1,0,0,0,0,1,0,0,0,-1,0,1,0
16643.35,6.83,2.85,0,50,1,10,0,4,1,2436.61,1145.53,5844.31,129,12,7.2,0,1,1,0,0,0,0,0,2,0,0,-1,0,1,0
89737.14,46.05,14.18,1,7,0,16,0,5,3,1948.49,1080.59,6329.14,49,8,5.6,8,0,0,0,0,0,0,0,2,1,2,58,1,6,1
393.41,0.25,0.11,1,238,1,10,0,2,1,1547.91,411.54,3666.32,37,18,8.0,9,0,0,0,0,0,0,0,0,0,0,-1,0,0,0
1480.54,1.67,0.4,0,102,1,21,1,2,1,886.43,2106.1,3666.33,78,12,5.0,12,1,0,0,0,0,0,2,0,0,0,-1,0,0,0
530.6,0.4,0.1,0,244,0,5,0,3,2,1316.57,159.3,5204.68,248,8,2.7,6,0,1,0,0,0,0,0,2,0,0,-1,0,1,0
791.58,0.62,0.24,0,314,1,3,0,2,1,1287.1,1347.53,3235.25,242,9,3.1,8,0,0,0,0,0,0,1,2,0,0,-1,0,2,0
15857.35,7.85,1.69,0,50,1,12,0,2,1,2019.19,2121.21,9399.45,188,14,7.3,7,1,1,0,0,0,0,1,1,0,0,-1,0,1,0
527.85,0.34,0.08,0,171,1,0,0,2,0,1556.87,142.37,6854.27,128,15,3.1,4,0,0,0,0,0,0,0,0,0,0,-1,0,1,0
74473.55,35.3,12.38,1,0,0,8,1,3,3,2109.57,925.35,6014.42,116,5,2.7,0,0,0,0,0,0,0,1,4,0,0,-1,0,3,1
571.0,0.29,0.06,1,326,1,2,0,2,1,1943.91,1682.97,9102.89,187,3,6.8,13,1,0,1,0,0,0,0,1,0,0,-1,0,0,0
59923.45,40.83,10.46,0,9,0,8,0,1,2,1467.58,272.9,5729.85,243,10,7.5,3,1,1,0,0,0,0,1,2,1,3,21,0,1,1
181.6,0.15,0.03,0,274,1,22,0,5,0,1245.44,592.89,6080.58,62,18,7.2,11,0,0,0,0,0,0,1,2,0,0,-1,0,1,0
305.94,0.16,0.08,0,54,1,2,0,0,1,1914.14,2204.75,3856.33,190,10,1.4,3,0,0,0,0,0,0,2,2,0,0,-1,0,1,0
459.17,0.33,0.07,0,145,1,1,1,2,2,1380.7,699.58,6743.52,182,8,4.6,5,1,1,0,0,0,0,0,2,0,0,-1,0,2,0
19973.08,4.33,1.26,0,51,0,2,0,1,2,4611.26,177.97,15823.24,46,15,3.3,5,1,0,0,0,0,0,2,1,0,0,-1,0,0,0
3952.28,1.24,0.3,0,58,1,7,0,5,3,3190.49,2378.21,13151.52,67,20,6.1,7,1,1,0,0,0,0,1,2,0,0,-1,0,0,0
54849.6,40.87,14.57,0,6,0,10,0,2,1,1341.98,367.01,3765.74,220,13,0.5,6,0,0,0,0,0,1,1,2,1,4,7,1,5,1
295.2,0.27,0.08,0,170,1,17,0,0,3,1107.02,437.51,3717.11,134,3,5.2,5,0,0,0,0,0,0,1,2,0,0,-1,0,1,0
551.23,0.31,0.07,0,266,1,1,0,4,1,1777.01,190.82,8154.73,67,12,1.5,6,0,1,0,0,1,0,2,1,0,0,-1,0,0,0
22252.89,10.52,4.58,1,0,0,21,0,4,2,2114.92,1255.18,4858.12,96,13,1.2,14,1,1,0,0,0,0,0,4,0,0,-1,0,3,1
2268.34,0.8,0.36,1,88,1,3,0,5,3,2828.19,486.12,6341.97,115,15,4.3,4,0,1,0,0,0,0,0,0,0,0,-1,0,0,0
81559.38,7.53,1.11,0,422,1,2,0,3,0,10828.35,220.78,73403.44,153,12,7.1,10,0,1,0,0,0,0,1,2,0,0,-1,0,2,0
921.8,0.97,0.21,0,134,1,8,0,4,1,948.02,934.84,4318.69,195,8,3.7,7,1,0,0,0,0,0,2,1,0,0,-1,0,2,0
14084.47,3.73,1.06,0,3,0,4,1,5,1,3778.75,557.1,13258.51,76,6,5.8,11,0,1,0,0,0,0,0,2,1,4,23,1,2,1
31449.88,1.43,0.48,0,468,1,5,0,5,3,22054.91,370.35,66164.74,92,17,6.2,0,1,0,0,0,0,0,1,0,0,0,-1,0,1,0
413.57,1.01,0.39,0,143,1,17,0,2,3,409.17,1165.1,1067.49,205,11,2.8,5,0,1,0,0,0,0,2,2,0,0,-1,0,0,0
40238.75,24.97,8.65,1,14,0,18,0,3,0,1611.74,996.75,4652.39,194,18,7.3,12,1,1,0,0,0,0,2,0,1,2,46,0,5,1
471.34,0.56,0.2,0,39,1,4,0,5,2,835.67,289.37,2327.23,115,13,1.5,14,1,1,0,0,0,0,2,0,0,0,-1,0,1,0
1056.4,0.65,0.29,1,203,1,6,1,4,0,1626.72,888.02,3688.52,123,3,1.0,4,1,0,0,0,0,0,2,0,0,0,-1,0,0,0
2793.37,3.56,1.19,0,359,0,5,1,2,2,785.12,290.96,2350.38,11,9,5.8,3,0,1,0,0,0,0,2,1,0,0,-1,0,0,0
14448.12,3.29,1.26,0,3,0,7,0,4,2,4397.37,705.11,11499.87,169,17,2.5,1,0,1,1,0,0,0,0,2,0,0,-1,0,1,0
28005.89,10.26,4.56,1,0,0,12,0,8,2,2728.96,268.4,6140.71,18,4,1.9,14,1,0,1,1,0,0,2,1,0,0,-1,0,2,1
43186.12,8.31,1.11,0,362,1,9,0,3,3,5195.0,1221.42,38867.51,164,7,3.7,5,1,1,0,0,0,1,1,2,0,0,-1,0,1,0
5793.81,2.77,0.56,0,67,1,5,0,0,3,2090.66,418.37,10354.63,83,3,2.7,9,0,1,0,0,0,0,1,2,0,0,-1,0,0,0
54090.85,19.75,7.5,0,7,0,7,0,2,0,2738.37,575.22,7210.75,126,4,4.4,10,0,0,0,0,0,0,0,3,1,2,23,0,3,1
11340.79,9.47,2.55,0,66,0,7,0,2,0,1197.84,283.43,4449.68,158,8,3.9,3,1,1,0,0,1,0,2,0,0,0,-1,0,1,0
501.98,0.43,0.2,0,29,1,13,0,1,0,1157.67,399.94,2512.77,53,4,1.0,1,0,0,0,0,0,0,0,0,0,0,-1,0,0,0
443.11,0.25,0.05,0,244,1,22,0,5,2,1783.43,828.26,8610.89,141,5,4.9,11,0,1,0,0,1,0,1,2,0,0,-1,0,0,0
1892.64,5.69,2.13,0,215,1,19,0,1,1,332.57,762.34,889.38,132,11,2.7,12,0,1,0,0,0,0,1,0,0,0,-1,0,2,0
127473.36,7.89,1.11,0,366,1,8,0,3,1,16164.43,439.98,114726.02,192,19,1.9,0,0,1,0,0,0,0,1,2,0,0,-1,0,0,0
11746.31,8.28,3.32,1,0,0,1,0,3,5,1419.47,636.19,3534.62,182,15,3.3,10,1,0,1,0,1,0,2,3,0,0,-1,0,2,1
150.95,0.08,0.02,1,242,1,23,0,3,2,1906.86,2500.46,6120.5,125,13,4.2,12,1,1,0,0,0,0,2,1,0,0,-1,0,1,0
52966.88,3.79,1.11,0,704,1,22,0,5,2,13993.64,440.57,47670.19,231,13,6.2,6,1,1,0,0,0,0,2,0,0,0,-1,0,0,0
586.58,1.1,0.33,0,137,1,4,0,2,3,531.21,2025.32,1754.8,125,13,1.4,5,0,1,0,0,0,1,1,0,0,0,-1,0,1,0
712.17,1.13,0.54,1,201,1,22,0,0,3,628.57,458.68,1309.36,116,7,3.9,9,1,0,0,0,0,1,2,2,0,0,-1,0,0,0
11020.79,2.82,0.83,0,43,0,3,0,3,1,3913.89,152.03,13343.26,26,16,6.5,4,1,1,0,0,0,1,1,1,0,0,-1,0,0,0
185.41,0.16,0.03,0,59,1,22,0,3,3,1160.25,1220.95,5611.8,81,4,1.0,5,0,1,0,0,0,0,0,2,0,0,-1,0,1,0
11077.79,6.18,1.69,1,57,0,20,0,1,3,1792.24,228.54,6545.39,87,19,2.6,1,0,0,0,0,0,0,1,1,0,0,-1,0,0,0
94280.33,4.03,1.11,0,227,1,17,0,3,0,23404.36,715.21,84852.3,229,14,4.4,14,0,0,0,0,0,0,2,1,0,0,-1,0,0,0
57868.71,2.41,0.8,0,664,1,19,0,1,1,24051.39,215.94,72154.16,239,12,3.6,7,0,0,0,0,0,0,2,2,0,0,-1,0,1,0
496.35,0.26,0.07,0,219,1,23,0,5,3,1911.6,171.08,7624.38,57,12,2.6,0,1,1,0,0,0,0,2,2,0,0,-1,0,2,0
702.44,0.62,0.22,0,249,1,16,1,3,1,1133.14,528.88,3133.38,153,8,4.4,0,0,1,1,0,0,0,2,0,0,0,-1,0,0,0
56724.91,27.37,11.61,1,0,0,3,0,2,3,2072.82,426.35,4885.78,177,12,6.6,8,0,0,0,0,0,0,1,2,0,0,-1,0,3,1
123.28,0.11,0.03,0,272,0,12,0,2,3,1146.16,1106.17,4386.35,55,2,2.8,10,0,1,0,0,0,0,0,2,0,0,-1,0,0,0
41066.27,18.44,7.24,1,0,0,12,1,4,2,2226.87,724.23,5675.6,3,10,6.8,12,1,0,1,1,0,0,3,1,0,0,-1,0,2,1
12872.76,2.83,0.59,1,25,0,9,0,0,0,4545.81,476.0,21760.35,89,5,4.0,5,0,1,0,0,0,0,1,2,0,0,-1,0,0,0
476.4,0.26,0.1,0,168,1,8,0,4,0,1863.45,676.58,4757.27,9,8,5.2,5,1,0,0,0,0,0,2,2,0,0,-1,0,0,0
620.13,1.25,0.36,0,235,1,23,0,0,1,497.09,674.56,1730.69,149,5,1.5,12,0,0,0,0,0,0,0,2,0,0,-1,0,2,0
22367.78,4.91,1.25,0,47,1,13,0,0,2,4556.87,759.25,17936.93,103,16,2.3,6,0,0,0,0,0,0,0,0,0,0,-1,0,0,0
25492.11,14.69,7.31,1,0,0,19,0,8,4,1735.15,328.27,3487.89,12,12,4.8,0,1,0,1,1,0,0,3,3,0,0,-1,0,0,1
45438.6,15.4,6.88,1,0,0,7,0,7,5,2951.22,632.26,6603.56,92,6,7.9,10,1,0,1,1,1,1,5,3,1,0,-1,0,1,1
181.62,0.33,0.1,0,222,0,1,0,4,2,555.65,369.87,1770.76,124,8,7.6,8,1,1,0,0,0,0,0,2,0,0,-1,0,1,0
29573.47,12.88,3.44,0,84,1,11,0,2,1,2295.66,619.2,8588.5,201,15,6.4,1,0,1,0,0,0,0,1,0,0,0,-1,0,1,0
94016.54,8.06,1.11,0,102,1,22,1,5,2,11668.11,314.22,84614.89,65,20,4.1,2,0,1,0,0,0,0,2,2,0,0,-1,0,2,0
12735.19,4.48,1.26,1,66,0,0,0,4,2,2844.28,291.59,10105.87,62,12,5.5,7,0,0,0,0,0,0,1,1,0,0,-1,0,0,0
20333.67,5.39,1.09,0,90,1,5,0,1,0,3769.1,174.49,18639.2,114,13,5.6,13,1,0,0,0,0,0,0,1,0,0,-1,0,0,0
17573.73,4.56,1.02,0,66,0,5,0,4,3,3854.66,338.72,17204.12,206,19,1.5,10,0,1,0,0,0,0,1,0,0,0,-1,0,0,0
416.63,0.4,0.11,0,84,1,13,0,2,1,1050.34,315.58,3692.86,65,15,1.8,3,0,1,0,0,0,0,1,0,0,0,-1,0,1,0
50718.6,71.82,28.64,0,11,0,8,0,5,3,706.18,938.23,1770.78,237,8,6.7,6,1,1,0,0,0,0,0,2,1,2,27,1,2,1
167.1,0.1,0.03,0,253,0,6,0,5,0,1746.84,353.28,5060.99,82,2,8.0,4,1,1,0,0,0,0,2,0,0,0,-1,0,0,0
48761.09,25.65,12.3,1,0,0,21,0,4,2,1900.66,1489.98,3964.17,172,17,1.2,1,0,1,0,0,0,0,2,2,0,0,-1,0,0,1
38392.65,22.23,9.91,1,0,0,14,1,2,3,1727.23,2365.95,3873.95,41,8,7.8,0,0,1,0,0,1,0,0,1,0,0,-1,0,3,1
9920.63,3.83,0.82,1,18,1,6,1,4,2,2587.18,995.49,12118.68,247,3,2.0,8,0,1,0,0,0,0,0,0,0,0,-1,0,1,0
411.28,0.35,0.07,1,365,0,16,0,1,0,1163.84,1403.22,5802.18,21,12,1.4,9,1,1,0,0,0,0,0,1,0,0,-1,0,1,0
50.59,0.05,0.01,0,31,1,10,0,4,1,958.61,636.24,4144.44,118,5,6.6,13,0,1,0,0,1,0,1,2,0,0,-1,0,0,0
27452.0,12.01,3.73,1,21,0,16,0,4,1,2286.61,465.5,7359.22,151,4,3.3,1,0,0,0,0,0,0,2,0,0,0,-1,0,1,0
15517.57,17.27,7.15,0,17,1,14,0,0,3,898.65,423.79,2170.32,157,11,2.1,6,0,0,0,0,0,0,1,2,0,0,-1,0,1,0
478.93,0.71,0.18,0,29,1,21,0,0,3,677.8,344.87,2692.16,42,2,5.3,9,0,1,0,0,0,0,1,0,0,0,-1,0,1,0
12269.44,4.35,1.07,0,37,0,11,0,2,1,2820.53,1000.83,11484.5,220,2,0.6,5,1,1,0,0,0,0,2,1,0,0,-1,0,1,0
229.78,0.12,0.05,0,310,1,7,0,0,0,1864.14,1320.35,4946.28,130,11,5.1,1,1,0,0,0,0,0,0,1,0,0,-1,0,0,0
68523.59,97.31,42.46,0,2,0,12,0,0,2,704.15,412.87,1613.68,121,13,3.1,13,0,0,0,0,0,0,1,2,1,4,21,1,3,1
3182.92,1.63,0.63,0,91,1,10,0,5,1,1956.02,153.33,5075.47,178,20,6.7,12,0,0,0,0,0,0,2,0,0,0,-1,0,0,0
11688.0,8.96,2.59,1,3,1,7,0,4,2,1304.37,745.12,4504.87,69,16,6.0,8,0,0,0,0,0,1,2,0,0,0,-1,0,0,0
250.81,0.25,0.05,0,347,0,17,0,2,1,1007.08,327.59,4788.3,127,9,5.2,7,0,0,0,0,0,0,1,2,0,0,-1,0,2,0
769.89,0.81,0.23,0,67,1,2,0,3,0,953.7,393.79,3299.85,114,15,1.5,6,0,0,0,0,0,0,0,2,0,0,-1,0,0,0
117388.82,6.36,1.11,0,129,1,9,0,1,2,18465.66,1147.69,105649.94,276,12,2.5,3,0,0,0,0,0,0,1,0,0,0,-1,0,2,0
48046.33,35.06,14.92,1,0,0,15,0,5,3,1370.4,248.84,3220.69,218,19,1.8,6,1,0,1,0,0,0,3,2,0,0,-1,0,1,1
5592.67,1.68,0.36,1,66,0,21,0,0,0,3331.21,2399.71,15723.8,226,13,2.1,14,0,0,0,0,0,0,2,0,0,0,-1,0,1,0
824.6,0.96,0.26,1,113,1,19,0,0,2,863.07,2350.75,3229.14,9,13,6.1,13,0,0,0,0,0,1,1,2,0,0,-1,0,1,0
239.93,0.27,0.11,0,321,1,0,0,4,2,895.19,150.18,2152.17,79,6,3.2,12,0,1,1,0,0,0,0,2,0,0,-1,0,1,0
92904.51,5.31,1.11,0,420,1,5,0,1,2,17488.16,688.87,83614.06,155,11,6.2,14,0,1,0,0,0,0,2,2,0,0,-1,0,2,0
56221.25,4.03,1.11,0,97,1,0,0,3,1,13964.65,343.3,50599.12,92,5,7.2,1,0,1,0,0,0,0,0,1,0,0,-1,0,0,0
429.48,0.42,0.1,0,168,0,21,0,0,1,1032.79,759.18,4190.51,246,2,3.6,2,0,1,0,0,0,0,2,2,0,0,-1,0,2,0
149.85,0.09,0.02,0,255,1,19,0,2,2,1708.42,309.19,7319.59,71,18,7.9,10,0,0,0,0,0,0,2,0,0,0,-1,0,0,0
87160.32,40.27,11.71,0,2,0,16,0,0,0,2164.48,1248.26,7441.1,48,16,1.4,6,1,1,0,0,0,0,2,1,1,3,17,0,4,1
39816.98,30.19,10.8,1,0,0,21,0,3,3,1318.68,427.6,3687.6,242,11,1.6,5,0,0,0,0,0,0,1,2,0,0,-1,0,0,1
270.41,0.48,0.11,0,87,0,11,0,0,2,565.18,2884.67,2519.01,8,3,2.8,3,0,1,0,0,0,0,0,1,0,0,-1,0,2,0
289.84,0.88,0.25,1,92,1,7,0,3,0,329.05,656.15,1138.04,138,13,6.3,10,1,1,0,0,0,0,1,0,0,0,-1,0,2,0
90507.66,7.04,1.11,0,270,1,5,0,1,3,12855.39,4433.11,81456.89,138,14,6.9,3,0,0,0,0,0,0,1,1,0,0,-1,0,0,0
1021.44,1.16,0.38,0,65,1,21,0,4,1,877.53,221.51,2711.35,43,18,7.5,9,0,1,0,0,0,0,1,0,0,0,-1,0,1,0
7242.43,2.63,0.92,0,11,0,6,0,2,2,2758.9,397.41,7844.36,146,10,7.1,5,0,1,1,0,0,1,2,3,1,2,42,0,6,1
442.2,1.09,0.24,0,84,1,2,1,3,1,406.95,584.41,1881.35,146,6,6.1,5,0,1,0,0,0,0,1,2,0,0,-1,0,0,0
28146.84,2.63,0.88,0,416,1,10,0,4,0,10713.45,537.89,32140.35,83,8,1.9,13,0,1,0,0,0,0,0,1,0,0,-1,0,2,0
40171.06,47.3,17.73,1,0,0,16,0,4,2,849.34,4405.13,2265.92,198,6,1.9,8,1,0,1,1,0,0,4,3,0,0,-1,0,1,1
94660.67,48.31,12.23,0,13,0,18,0,4,2,1959.61,164.62,7741.53,99,16,3.6,11,0,1,0,0,0,0,1,0,1,3,60,0,5,1
24125.48,11.06,2.91,1,51,0,17,0,4,0,2181.61,985.83,8282.87,56,18,2.6,4,1,0,1,0,0,0,1,2,0,0,-1,0,0,0
107068.32,7.42,1.11,0,288,1,15,0,0,2,14426.3,1133.48,96361.49,49,5,6.5,9,1,0,0,0,0,0,0,1,0,0,-1,0,1,0
295.17,0.16,0.06,0,154,1,23,0,5,0,1826.15,394.34,4735.18,246,3,3.8,0,0,1,0,1,0,0,1,0,0,0,-1,0,2,0
40446.27,17.44,7.07,1,0,0,12,0,5,3,2319.1,342.15,5721.31,204,19,1.0,0,1,0,1,0,1,0,5,5,0,0,-1,0,0,1
542.52,0.56,0.17,0,321,1,7,0,5,0,975.44,1216.23,3129.0,198,15,7.8,0,0,0,0,0,0,1,1,0,0,0,-1,0,0,0
4544.35,1.16,0.27,0,17,0,12,0,0,2,3913.95,474.5,17113.33,90,16,1.1,8,0,0,0,0,0,1,0,2,0,0,-1,0,0,0
13774.91,0.93,0.31,0,728,1,23,0,5,3,14787.52,624.42,44362.55,214,20,2.2,6,0,1,0,0,0,0,0,2,0,0,-1,0,0,0
55012.63,77.93,31.51,1,0,0,16,0,2,3,705.91,166.67,1746.04,192,11,6.5,11,1,1,0,0,0,0,1,3,1,0,-1,0,3,1
44682.29,22.92,9.38,1,0,0,2,0,5,0,1949.34,324.44,4761.6,109,16,4.8,1,0,1,0,0,0,0,1,1,0,0,-1,0,1,1
1315.33,1.95,0.96,1,222,1,0,0,0,1,674.66,204.82,1370.01,14,18,6.3,14,0,1,0,0,0,0,0,2,0,0,-1,0,2,0
1531.71,0.87,0.18,0,175,1,13,0,2,3,1764.06,1076.77,8636.17,171,20,1.6,5,0,0,0,0,0,0,1,0,0,0,-1,0,0,0
126133.34,18.51,1.11,0,442,1,3,1,3,1,6813.04,761.99,113520.01,137,6,1.4,0,0,1,0,0,0,0,1,0,0,0,-1,0,0,0
25563.55,5.54,1.22,0,88,1,8,0,5,3,4617.43,166.57,20974.91,194,11,3.0,1,0,1,0,0,0,0,2,1,0,0,-1,0,1,0
27072.7,5.6,1.83,1,78,1,0,0,1,1,4835.79,327.43,14779.17,76,2,7.4,12,1,0,0,0,0,0,0,0,0,0,-1,0,0,0
52090.72,29.37,14.82,1,0,0,1,0,3,3,1773.79,428.31,3514.73,123,9,6.7,4,1,0,1,0,0,0,2,4,0,0,-1,0,3,1
80308.35,39.84,12.41,0,4,0,1,0,2,3,2015.89,1121.66,6471.96,149,5,1.7,12,1,0,0,0,0,0,1,0,1,3,54,1,5,1
1923.22,2.36,0.56,0,139,1,21,0,4,3,816.57,329.08,3430.39,123,19,1.1,3,0,1,0,0,0,0,2,0,0,0,-1,0,2,0
1142.16,0.59,0.19,0,254,1,6,0,1,3,1929.13,714.01,6098.18,62,3,4.3,9,0,0,0,0,0,0,1,0,0,0,-1,0,0,0
15062.04,7.6,2.27,0,4,0,12,0,3,0,1981.38,189.04,6645.88,240,17,5.7,6,1,0,0,0,0,0,1,0,0,0,-1,0,1,0
420.34,0.29,0.06,0,62,1,15,0,3,3,1459.77,589.17,7061.11,207,16,4.3,0,0,0,0,0,0,0,0,1,0,0,-1,0,0,0
277.61,0.44,0.13,0,360,1,12,0,3,2,633.67,446.83,2139.7,159,14,4.4,3,0,1,0,1,0,0,0,1,0,0,-1,0,2,0
6946.39,2.68,0.77,1,72,0,8,0,3,1,2587.48,487.48,9041.49,95,14,3.2,9,1,1,0,0,0,0,2,1,0,0,-1,0,1,0
336.94,0.2,0.05,0,75,1,11,0,2,2,1687.82,583.31,6151.41,194,4,3.7,3,0,1,0,0,0,0,1,0,0,0,-1,0,1,0
133990.75,9.37,1.11,0,69,1,11,0,1,0,14298.43,148.97,120591.68,173,2,0.7,8,1,1,0,0,1,0,0,2,0,0,-1,0,0,0
134582.4,7.29,1.11,0,459,1,17,0,1,2,18455.17,3248.72,121124.16,215,16,0.9,10,0,1,0,0,1,0,0,0,0,0,-1,0,2,0
45233.78,19.91,8.2,1,0,0,7,0,3,1,2272.44,746.59,5513.78,55,20,2.4,8,0,0,0,0,0,0,1,4,0,0,-1,0,3,1
68192.42,4.97,1.11,0,323,1,4,1,1,2,13731.36,293.32,61373.18,109,4,5.5,8,1,0,0,0,0,0,0,2,0,0,-1,0,2,0
90861.81,5.45,1.11,0,638,1,6,0,0,3,16682.41,361.31,81775.63,59,20,3.5,1,0,1,0,0,1,0,1,2,0,0,-1,0,0,0
224.38,0.14,0.03,0,56,1,13,0,5,1,1601.37,437.25,6620.28,206,11,3.1,1,0,1,0,0,0,0,0,0,0,0,-1,0,0,0
114205.76,6.53,1.11,0,581,1,6,0,3,0,17491.65,580.64,102785.18,185,16,2.0,10,0,0,0,0,0,0,1,1,0,0,-1,0,0,0
285.58,0.5,0.11,1,92,1,19,0,3,2,566.54,236.56,2483.54,187,8,5.2,4,0,1,0,0,1,0,1,1,0,0,-1,0,1,0
37989.46,12.4,3.21,1,8,0,9,0,5,3,3062.84,522.27,11816.61,138,20,1.4,5,0,1,0,0,0,0,1,1,1,2,9,0,1,1
46180.87,40.59,13.74,1,0,0,9,0,1,1,1137.62,521.02,3360.71,180,8,5.5,13,1,1,0,0,0,0,0,4,0,0,-1,0,2,1
42086.87,2.12,0.71,0,95,1,14,0,4,1,19834.34,1068.04,59503.02,40,17,1.9,0,0,1,0,0,0,0,0,2,0,0,-1,0,0,0
28504.91,18.58,5.4,0,88,1,8,0,2,1,1534.58,268.36,5279.13,89,18,2.4,4,0,1,0,0,0,1,1,2,0,0,-1,0,0,0
3371.49,1.16,0.29,0,2,0,17,0,5,2,2895.02,1072.23,11435.56,10,8,4.1,3,1,0,0,0,1,0,1,1,0,0,-1,0,1,0
504.23,0.39,0.13,1,248,1,10,0,2,1,1297.67,237.97,3896.47,215,18,4.4,0,0,1,0,0,0,0,2,0,0,0,-1,0,0,0
32052.72,12.1,5.53,1,0,0,19,0,4,3,2648.4,887.82,5796.9,15,3,4.7,7,1,0,1,0,1,0,2,1,0,0,-1,0,0,1
171.0,0.25,0.1,0,75,1,1,0,5,2,678.2,218.25,1710.55,159,2,7.1,0,0,1,1,0,0,0,0,0,0,0,-1,0,2,0
23940.73,10.96,4.58,1,0,0,16,0,4,2,2185.36,305.46,5224.87,17,5,6.3,0,1,0,1,1,1,0,2,4,0,0,-1,0,1,1
27894.15,7.14,1.54,0,42,1,1,0,1,3,3904.59,269.97,18127.14,169,10,0.6,13,0,0,0,0,0,1,2,0,0,0,-1,0,1,0
71011.07,3.11,1.04,0,173,1,14,0,4,1,22857.39,783.07,68572.18,94,18,3.3,3,0,1,0,0,1,0,1,1,0,0,-1,0,1,0
22862.94,23.27,7.85,1,0,0,3,0,5,4,982.32,230.16,2913.59,95,12,2.1,14,1,0,1,0,1,0,3,5,0,0,-1,0,0,1
15159.78,10.06,3.95,1,0,0,13,0,3,3,1507.05,1147.89,3838.59,222,18,7.0,1,0,0,0,0,1,1,1,1,0,0,-1,0,2,1
5709.41,3.14,0.88,0,48,0,22,0,3,1,1817.86,923.4,6483.48,27,11,2.0,2,0,1,0,0,1,0,1,0,0,0,-1,0,0,0
3126.2,1.4,0.62,0,56,1,20,0,0,1,2239.74,180.36,5035.32,163,14,2.1,14,0,1,1,1,0,0,0,1,0,0,-1,0,1,0
191.5,0.17,0.06,0,171,0,13,0,2,3,1118.96,583.76,3366.77,122,11,5.6,13,1,1,0,0,0,0,1,2,0,0,-1,0,2,0
776.53,1.21,0.25,1,118,1,3,0,0,3,643.75,325.36,3080.96,14,5,3.8,12,0,1,0,0,0,0,1,1,0,0,-1,0,1,0
741.44,0.41,0.12,0,37,1,14,0,3,2,1826.11,264.52,6178.2,30,2,7.8,3,0,1,0,0,0,0,0,0,0,0,-1,0,2,0
29487.65,8.99,4.12,0,0,1,17,0,4,1,3281.1,666.7,7161.31,119,15,1.7,6,1,1,0,0,0,0,1,0,0,0,-1,0,1,0
92329.33,75.09,22.43,0,11,0,23,0,5,3,1229.51,168.51,4116.88,166,16,2.8,12,0,0,0,0,0,0,1,3,1,3,4,1,2,1
18255.31,4.42,0.92,0,1,0,9,0,5,3,4133.75,1598.42,19934.22,144,16,7.7,11,0,1,0,0,0,0,2,0,0,0,-1,0,0,0
1175.31,2.95,1.0,0,226,1,19,0,1,3,398.22,280.23,1179.13,103,6,4.0,3,0,0,0,0,0,0,0,0,0,0,-1,0,2,0
645.81,0.94,0.23,0,64,1,19,0,5,1,685.53,524.32,2830.73,149,6,7.8,12,0,1,0,0,0,0,2,0,0,0,-1,0,2,0
53750.37,57.72,21.98,1,0,0,1,1,1,1,931.24,1124.69,2445.52,17,20,6.5,5,0,1,0,0,0,0,0,4,0,0,-1,0,1,1
274.47,0.68,0.21,1,215,0,3,0,5,1,401.33,1076.76,1280.85,142,5,3.2,3,0,0,0,0,0,0,1,0,0,0,-1,0,0,0
413.11,0.32,0.1,0,256,1,6,1,2,0,1274.5,701.89,4054.74,238,20,1.5,4,0,0,0,0,0,1,1,1,0,0,-1,0,2,0
31344.51,10.93,4.6,1,0,0,15,0,5,4,2867.3,441.67,6815.21,139,15,0.9,11,1,0,1,0,0,0,3,4,0,0,-1,0,1,1
134521.13,7.02,1.11,0,576,1,15,0,3,0,19154.81,514.52,121069.02,280,8,1.3,7,1,0,0,0,0,0,1,1,0,0,-1,0,0,0
14427.87,4.37,1.21,1,31,1,5,0,1,1,3298.31,266.15,11962.54,28,9,1.8,0,0,0,0,0,0,0,2,1,0,0,-1,0,0,0
36592.01,9.29,3.36,0,10,0,20,0,3,0,3937.67,1381.76,10880.28,186,19,4.4,11,0,1,0,0,0,0,1,0,1,3,25,1,1,1
16655.56,5.29,1.34,1,7,0,18,0,3,3,3151.46,362.1,12448.23,151,8,3.6,12,1,0,0,0,0,0,0,1,0,0,-1,0,0,0
304.67,0.17,0.04,0,290,0,4,0,4,1,1773.79,962.47,8465.33,44,18,2.3,9,0,0,0,0,0,0,1,0,0,0,-1,0,2,0
20770.48,19.73,7.14,1,0,0,6,0,1,0,1052.93,778.86,2910.7,192,6,2.2,3,0,1,0,0,0,0,1,2,0,0,-1,0,0,1
41730.49,38.02,18.2,0,6,0,18,0,5,0,1097.61,1118.96,2293.09,24,5,6.8,6,0,0,0,0,0,0,2,1,1,3,49,1,1,1
295.85,0.54,0.18,0,284,1,8,1,1,0,547.49,1454.94,1622.61,13,3,3.4,14,0,1,1,0,0,0,1,1,0,0,-1,0,2,0
86148.27,34.17,10.43,0,6,0,4,0,2,2,2521.49,2158.03,8259.14,116,16,0.7,2,0,0,0,0,0,0,1,1,1,4,51,0,4,1
129477.04,7.36,1.11,0,608,1,4,0,1,1,17596.67,597.96,116529.34,267,8,3.9,5,1,0,0,0,0,0,1,0,0,0,-1,0,2,0
141743.58,6.66,1.11,0,333,1,7,0,1,3,21267.73,895.79,127569.22,154,14,6.0,2,0,1,0,0,0,0,0,0,0,0,-1,0,2,0
41617.3,43.41,18.52,1,0,0,19,0,6,3,958.8,967.81,2247.37,200,9,1.2,5,1,0,1,0,0,0,4,3,0,0,-1,0,2,1
76780.0,31.41,12.49,0,3,0,19,1,0,1,2444.12,275.42,6145.79,131,7,0.9,3,0,1,1,0,0,0,0,2,1,2,37,0,5,1
60041.64,11.5,1.11,0,585,1,19,0,1,1,5223.21,362.33,54037.48,184,14,6.1,6,0,1,0,0,0,0,2,2,0,0,-1,0,1,0
15565.4,3.51,1.22,1,3,0,19,0,5,1,4429.82,386.66,12740.68,161,18,6.4,8,1,0,0,0,0,0,2,0,0,0,-1,0,1,0
131622.03,6.68,1.11,0,154,1,6,0,2,3,19706.8,681.56,118459.83,141,6,6.8,4,0,0,0,0,0,0,2,1,0,0,-1,0,1,0
85000.33,11.25,1.11,0,151,1,3,0,3,1,7556.69,869.0,76500.3,66,16,4.0,10,0,1,0,0,0,1,1,1,0,0,-1,0,1,0
117195.31,8.82,1.11,0,223,1,11,0,3,0,13293.4,723.83,105475.78,219,15,4.7,6,0,1,0,0,0,0,1,1,0,0,-1,0,0,0
524.16,0.26,0.07,0,48,1,22,0,3,0,1985.38,309.68,7936.39,212,6,6.7,1,0,0,0,0,0,0,2,0,0,0,-1,0,0,0
162.57,0.11,0.03,1,190,1,12,0,0,3,1438.15,390.88,5329.12,188,20,7.1,3,0,0,0,1,0,0,2,2,0,0,-1,0,1,0
484.74,0.25,0.09,1,287,1,13,0,1,2,1948.05,4918.24,5343.72,220,19,7.8,3,0,0,0,0,0,0,0,1,0,0,-1,0,2,0
119354.12,16.56,1.11,0,511,1,3,0,3,2,7207.92,911.76,107418.71,289,9,6.9,7,0,0,0,0,0,0,1,0,0,0,-1,0,1,0
389.2,0.9,0.2,0,297,1,14,0,4,3,433.72,786.81,1979.65,8,9,1.4,1,0,1,0,0,0,0,2,2,0,0,-1,0,0,0
195.3,0.1,0.02,0,288,1,6,0,1,2,1981.0,1731.36,8638.99,178,13,4.6,10,0,0,0,0,0,0,1,0,0,0,-1,0,2,0
1176.0,2.47,0.68,0,227,1,16,0,3,3,476.68,231.62,1722.35,232,8,2.9,1,0,0,0,0,0,0,0,2,0,0,-1,0,0,0
511.24,1.41,0.31,0,316,1,6,0,0,3,362.76,661.72,1630.4,208,8,2.1,9,0,0,0,0,0,0,0,2,0,0,-1,0,0,0
302.49,0.33,0.09,0,81,0,6,0,1,2,917.51,169.19,3278.66,183,14,2.0,9,1,1,0,0,0,0,2,0,0,0,-1,0,2,0
44658.34,18.59,7.29,1,0,0,10,0,3,4,2402.71,466.16,6129.87,86,10,4.3,2,1,0,1,0,0,1,5,2,0,0,-1,0,0,1
404.58,0.29,0.14,1,251,1,13,0,3,1,1395.56,151.74,2889.92,172,11,0.9,3,0,1,0,0,0,0,2,2,0,0,-1,0,1,0
172.96,0.2,0.05,0,188,1,19,0,4,2,869.71,444.44,3562.22,65,20,5.1,1,0,1,0,0,0,0,2,1,0,0,-1,0,1,0
19930.79,5.01,2.39,1,55,0,22,0,0,2,3977.55,700.04,8356.48,121,9,7.4,1,1,1,0,0,0,0,0,2,0,0,-1,0,1,0
106567.0,10.86,1.11,0,640,1,11,0,5,1,9811.97,1634.95,95910.3,127,14,7.6,0,1,1,0,0,0,0,1,1,0,0,-1,0,0,0
16904.29,12.47,3.1,0,72,1,20,0,1,0,1355.23,1373.87,5445.78,184,15,6.4,10,0,0,0,0,0,0,0,0,0,0,-1,0,1,0
98916.02,113.09,30.09,0,6,0,15,0,0,3,874.68,395.47,3287.07,214,4,6.0,5,1,0,0,0,0,0,2,3,1,4,18,0,3,1
46707.15,35.3,12.38,1,8,0,19,0,0,1,1323.3,1231.19,3772.08,4,20,6.9,1,0,1,0,0,1,1,2,0,1,3,14,1,2,1
28369.18,8.87,3.48,0,1,0,13,0,5,3,3198.39,553.95,8146.17,216,6,7.9,7,0,0,0,0,0,0,1,3,1,3,57,1,5,1
480.92,0.25,0.07,0,217,1,0,0,2,2,1895.52,1169.24,6697.22,21,10,4.8,12,0,1,0,0,0,0,0,2,0,0,-1,0,1,0
391.54,0.2,0.09,1,68,1,9,0,3,3,1978.79,557.18,4380.45,37,17,2.0,14,0,0,1,0,0,0,1,1,0,0,-1,0,1,0
48563.32,45.49,19.22,1,0,0,17,1,4,3,1067.64,332.86,2526.37,40,9,4.2,3,1,0,1,0,0,0,3,4,0,0,-1,0,2,1
275.42,0.16,0.05,0,25,1,19,0,3,0,1705.49,425.49,5238.83,24,2,1.6,6,1,0,0,0,0,0,0,0,0,0,-1,0,0,0
28503.29,17.02,7.18,1,0,0,6,0,2,1,1675.12,488.62,3969.45,182,8,7.9,10,0,1,1,0,0,0,2,4,0,0,-1,0,2,1
460.6,0.28,0.07,1,44,1,1,0,1,2,1651.51,2039.35,6607.79,9,11,0.6,13,0,1,0,0,0,0,1,2,0,0,-1,0,1,0
81231.9,5.98,1.11,0,99,1,19,0,3,1,13580.4,765.24,73108.71,200,7,2.8,6,0,1,0,0,0,0,1,0,0,0,-1,0,0,0
569.76,1.02,0.22,0,179,0,12,0,5,1,561.25,590.65,2604.58,39,10,6.2,0,0,1,0,0,0,0,2,1,0,0,-1,0,0,0
37358.7,34.01,14.36,1,0,0,12,0,4,4,1098.5,464.29,2602.24,249,20,4.7,6,1,0,1,1,0,0,4,3,0,0,-1,0,2,1
363.87,0.21,0.05,0,307,1,21,1,0,0,1728.96,929.32,7400.67,71,5,3.6,10,0,1,0,0,0,0,1,0,0,0,-1,0,0,0
22874.38,16.29,7.47,0,74,0,18,0,0,2,1403.99,1105.35,3060.89,34,8,7.7,7,0,1,0,0,1,0,2,1,0,0,-1,0,0,0
87963.53,37.18,10.43,0,0,0,19,0,2,0,2365.73,999.32,8436.97,248,16,0.7,6,0,1,0,0,0,0,1,1,1,2,8,1,5,1
1817.18,2.02,0.6,0,100,1,4,0,2,3,900.93,366.01,3004.39,206,13,6.0,7,0,0,0,0,0,0,0,2,0,0,-1,0,0,0
1988.8,2.96,0.7,0,198,1,7,0,3,0,672.79,187.86,2852.55,164,8,2.9,7,0,1,0,0,0,0,0,0,0,0,-1,0,1,0
1754.48,0.97,0.32,1,148,1,20,0,1,3,1809.65,1080.62,5538.95,140,12,4.0,13,1,1,1,0,0,0,2,2,0,0,-1,0,2,0
1474.69,2.27,0.69,1,16,1,3,0,1,3,649.82,1557.49,2127.22,131,4,1.2,13,0,1,0,0,0,0,0,0,0,0,-1,0,2,0
23683.82,7.29,1.77,0,76,1,15,0,3,3,3249.66,179.15,13416.28,188,16,2.9,11,1,0,0,0,0,0,2,0,0,0,-1,0,0,0
36819.76,1.6,0.53,0,248,1,0,0,2,3,23046.35,1413.35,69139.06,56,5,3.1,12,0,1,0,0,0,0,0,1,0,0,-1,0,2,0
75088.85,47.68,22.54,1,0,0,13,0,5,2,1575.0,406.26,3331.28,24,17,3.5,6,0,1,1,0,0,1,0,3,0,0,-1,0,1,1
911.79,0.6,0.14,0,120,1,6,0,0,2,1527.41,580.43,6643.13,192,18,3.0,4,1,1,0,0,1,0,1,1,0,0,-1,0,2,0
7186.17,2.72,0.74,1,45,0,19,0,5,1,2642.28,165.52,9666.19,211,16,7.0,12,0,0,0,0,0,0,0,0,0,0,-1,0,1,0
193.13,0.19,0.05,0,247,1,6,0,5,2,992.47,1068.58,3851.91,230,18,8.0,9,0,1,0,0,1,0,2,2,0,0,-1,0,1,0
415.16,0.38,0.13,0,142,1,16,0,0,2,1103.07,497.42,3095.64,209,14,3.9,4,1,1,0,1,0,0,1,1,0,0,-1,0,1,0
426.8,0.5,0.11,1,115,1,18,0,1,2,845.92,514.33,3848.49,241,6,6.0,8,0,1,0,0,0,0,2,1,0,0,-1,0,0,0
379.95,0.34,0.13,1,260,1,9,0,3,2,1124.37,1028.45,2946.08,107,9,2.0,7,0,0,0,0,0,0,2,0,0,0,-1,0,0,0
44730.74,2.33,0.78,0,133,1,7,0,4,3,19207.38,1802.86,57622.13,142,15,2.9,8,1,1,0,0,0,0,1,2,0,0,-1,0,2,0
1558.08,1.5,0.43,0,234,1,4,0,3,2,1037.42,1279.99,3583.98,91,18,2.6,8,0,0,0,0,0,0,2,0,0,0,-1,0,2,0
71526.88,46.57,24.53,1,0,0,14,0,4,0,1535.83,648.92,2916.47,8,14,5.1,11,0,0,0,0,0,0,2,4,0,0,-1,0,3,1
111896.7,14.17,1.11,0,668,1,13,0,4,1,7897.69,916.11,100707.03,257,3,3.5,11,0,0,0,0,0,0,0,2,0,0,-1,0,0,0
1017.32,0.68,0.19,0,119,0,13,0,4,2,1501.05,960.0,5430.1,208,3,6.5,2,0,1,0,1,0,0,2,1,0,0,-1,0,1,0
20369.28,7.91,3.08,1,0,0,1,0,8,4,2576.54,495.08,6607.04,159,8,0.9,4,1,0,1,0,0,0,5,5,0,0,-1,0,0,1
44630.04,61.63,30.07,1,0,0,4,0,3,3,724.2,445.62,1484.41,114,8,4.3,7,1,0,1,0,1,0,2,3,0,0,-1,0,2,1
200.7,0.11,0.05,0,8,1,22,0,0,3,1770.51,703.44,3866.45,62,8,0.9,1,1,1,0,0,0,0,1,2,0,0,-1,0,1,0
1706.95,1.27,0.3,1,38,1,6,0,4,0,1344.37,331.98,5692.0,184,9,1.6,7,0,0,0,0,0,0,2,2,0,0,-1,0,0,0
93308.85,7.42,1.11,0,527,1,11,0,4,2,12571.27,486.25,83977.97,120,8,2.8,11,0,1,0,0,0,0,2,2,0,0,-1,0,0,0
800.97,0.45,0.2,0,135,1,10,0,1,0,1796.99,239.3,3953.94,220,10,8.0,3,0,0,0,0,0,0,1,0,0,0,-1,0,2,0
54603.7,91.03,48.25,1,0,0,4,0,4,0,599.86,163.47,1131.78,161,9,1.3,6,0,1,0,0,0,1,2,4,0,0,-1,0,3,1
23072.63,23.54,10.69,1,0,0,6,0,1,1,980.02,730.91,2157.63,115,7,1.7,9,1,1,0,0,0,0,1,2,0,0,-1,0,2,1
16762.41,14.39,3.62,0,18,0,0,0,0,0,1165.1,157.6,4625.04,22,8,2.8,3,0,0,0,0,0,1,2,2,0,0,-1,0,1,0
34840.54,14.45,6.29,1,0,0,7,0,3,5,2410.88,1352.86,5536.89,208,2,5.6,6,1,0,1,1,0,0,2,2,0,0,-1,0,0,1
646.04,0.36,0.17,0,91,1,23,0,0,0,1816.78,253.29,3857.71,16,12,7.5,7,0,1,0,0,0,0,0,0,0,0,-1,0,2,0
205.6,0.15,0.03,1,339,1,23,0,4,3,1346.31,1010.92,6651.65,29,19,6.3,4,0,1,0,0,1,0,2,0,0,0,-1,0,1,0
911.96,0.96,0.4,0,309,1,4,0,0,0,953.37,1170.94,2272.99,154,14,1.4,12,1,1,0,0,0,0,2,0,0,0,-1,0,1,0
129.51,0.11,0.02,0,302,0,3,0,4,3,1214.13,657.78,5998.35,152,3,7.4,7,0,1,0,0,0,1,1,1,0,0,-1,0,1,0
365.09,0.24,0.12,0,120,1,13,0,3,3,1515.75,1363.04,3138.19,132,2,6.4,14,0,0,0,0,0,1,0,1,0,0,-1,0,0,0
12909.91,19.25,7.87,0,14,0,23,0,4,2,670.62,1062.89,1640.09,199,12,1.6,11,0,1,0,0,0,0,1,1,1,3,55,1,2,1
873.18,0.88,0.37,0,217,1,5,0,0,2,988.51,1802.48,2359.72,209,10,6.6,11,1,1,0,0,0,0,2,0,0,0,-1,0,2,0
7502.92,10.02,4.37,1,0,0,11,0,5,5,748.86,805.08,1717.71,148,3,4.3,13,1,0,1,0,1,1,5,5,0,0,-1,0,0,1
51935.3,59.85,25.25,1,0,0,9,0,2,0,867.79,158.69,2056.82,141,17,5.9,13,0,1,1,0,0,0,0,1,0,0,-1,0,2,1
892.35,1.12,0.25,0,283,1,0,0,0,3,793.71,1014.64,3560.53,204,18,5.4,5,0,0,0,0,0,0,2,1,0,0,-1,0,2,0
995.19,0.83,0.21,0,292,1,9,0,0,2,1193.9,413.95,4809.11,104,20,7.5,9,0,1,0,0,0,0,1,1,0,0,-1,0,1,0
13321.2,10.88,2.61,0,50,1,0,0,5,1,1224.03,219.45,5098.22,115,18,6.8,6,1,1,0,0,0,0,2,0,0,0,-1,0,0,0
4449.02,2.28,0.69,0,87,0,23,0,0,0,1951.71,697.47,6404.45,113,17,5.9,7,1,0,1,0,0,0,0,2,0,0,-1,0,1,0
29997.79,13.66,4.41,0,34,1,14,1,5,2,2196.23,1128.95,6806.81,218,4,4.7,11,0,1,0,0,1,0,2,2,0,0,-1,0,0,0
64728.33,58.75,26.45,1,0,0,6,0,1,2,1101.7,1717.41,2446.94,131,6,0.7,1,1,0,0,0,0,0,1,2,0,0,-1,0,3,1
24896.6,9.76,2.78,0,1,0,12,1,0,3,2550.63,302.26,8959.79,12,13,4.0,10,0,1,0,0,0,0,0,0,1,4,14,1,2,1
373.72,0.23,0.07,0,365,1,17,0,4,3,1599.05,406.84,5017.4,145,7,1.3,2,0,1,0,0,0,0,0,1,0,0,-1,0,0,0
29145.23,6.31,2.86,0,38,1,4,0,4,2,4618.29,987.0,10181.35,241,5,2.5,4,0,0,0,0,0,0,1,0,0,0,-1,0,1,0
113980.08,11.53,1.11,0,368,1,14,0,5,2,9887.82,281.59,102582.07,108,5,4.5,0,0,0,0,0,0,0,0,2,0,0,-1,0,2,0
58608.97,5.49,1.11,0,304,1,13,0,2,3,10676.37,925.28,52748.07,189,13,5.0,4,0,1,0,0,0,0,0,1,0,0,-1,0,2,0
214.8,0.16,0.05,0,49,1,0,0,3,2,1336.3,230.12,4450.43,13,15,1.1,9,0,0,0,0,0,0,0,1,0,0,-1,0,1,0
25132.57,5.16,1.31,0,51,0,7,0,3,1,4874.53,449.42,19226.35,106,9,7.2,8,1,0,0,0,0,0,1,0,0,0,-1,0,1,0
25813.5,10.45,4.16,1,0,0,17,0,6,2,2471.09,328.91,6209.93,12,20,0.7,11,1,0,1,1,0,0,4,5,0,0,-1,0,2,1
971.91,1.26,0.39,0,7,1,22,0,4,2,772.49,655.37,2518.45,229,16,0.5,6,0,1,0,0,0,0,1,1,0,0,-1,0,0,0
41360.79,29.57,15.27,1,0,0,14,0,1,0,1398.51,4003.79,2708.14,240,13,6.4,4,0,0,0,0,0,0,2,2,0,0,-1,0,1,1
511.1,0.26,0.13,0,253,1,5,0,3,2,1935.89,388.09,3888.51,88,5,7.3,4,0,1,0,0,0,1,0,0,0,0,-1,0,2,0
19181.26,5.35,1.22,0,48,1,4,0,2,1,3583.73,344.22,15687.52,115,3,6.0,7,0,1,0,0,0,0,1,2,0,0,-1,0,0,0
10725.71,14.2,6.92,1,0,0,1,0,3,3,755.49,605.78,1550.23,62,20,4.8,0,1,1,1,0,0,0,2,2,0,0,-1,0,2,1
41737.17,6.53,1.11,0,530,1,13,1,3,0,6390.59,530.27,37563.45,274,17,3.5,2,0,1,0,0,0,0,0,0,0,0,-1,0,0,0
222.9,0.21,0.1,1,307,1,16,0,3,0,1064.57,476.08,2211.64,244,11,7.2,1,0,1,0,0,0,0,2,2,0,0,-1,0,2,0
63494.86,38.03,13.14,1,11,0,9,0,0,2,1669.74,244.6,4831.66,113,20,6.6,5,0,1,0,0,0,0,2,3,1,2,26,0,1,1
79005.84,21.46,7.01,0,1,0,4,0,1,0,3681.98,411.02,11275.07,182,18,6.0,4,0,0,0,0,0,0,2,3,1,4,23,1,6,1
2061.68,0.91,0.21,1,29,1,14,0,2,0,2269.63,146.75,9761.7,69,4,2.0,9,0,0,1,0,0,0,2,0,0,0,-1,0,1,0
24526.67,24.5,10.24,1,0,0,8,0,1,1,1001.02,599.03,2396.26,100,19,1.9,0,0,0,1,0,0,0,1,3,0,0,-1,0,0,1
28783.23,3.19,1.06,0,327,1,12,0,0,3,9033.6,1572.82,27100.8,251,16,6.7,0,1,0,0,1,0,0,0,0,0,0,-1,0,1,0
14025.14,1.45,0.48,0,162,1,18,1,3,2,9693.62,804.27,29080.86,293,10,1.4,1,0,1,0,0,0,0,0,0,0,0,-1,0,2,0
9999.57,9.42,3.67,1,0,0,8,0,6,3,1061.82,250.8,2723.4,69,20,1.2,8,1,0,1,0,0,0,4,5,0,0,-1,0,2,1
769.56,0.91,0.29,0,142,1,16,0,2,0,849.43,799.53,2619.14,200,6,5.6,10,0,1,0,1,0,0,1,0,0,0,-1,0,0,0
21541.75,16.99,9.35,1,0,0,12,0,4,1,1268.02,224.17,2304.31,172,12,6.2,3,0,0,0,0,0,0,2,3,0,0,-1,0,3,1
15633.13,0.79,0.26,0,625,1,19,0,3,0,19856.66,286.54,59569.99,97,13,5.5,13,0,0,0,0,0,1,2,0,0,0,-1,0,0,0
8351.56,8.97,3.48,1,0,0,10,0,6,2,930.72,1190.35,2403.19,123,6,2.8,11,1,0,1,1,0,0,2,2,0,0,-1,0,1,1
32548.05,18.51,8.27,1,0,0,23,0,3,3,1757.97,376.07,3935.71,93,18,4.4,8,0,1,0,0,0,0,2,3,0,0,-1,0,0,1
54666.93,3.69,1.11,0,243,1,22,0,1,0,14799.01,586.28,49200.24,126,3,3.0,7,0,0,0,0,0,0,0,1,0,0,-1,0,0,0
10069.51,2.49,0.66,0,31,0,16,0,3,3,4039.94,500.85,15157.63,172,13,7.3,3,0,1,1,0,0,0,2,2,0,0,-1,0,1,0
89431.94,83.29,25.07,0,8,0,4,0,5,0,1073.7,440.16,3567.61,94,7,1.8,6,0,0,0,0,0,0,2,3,1,3,18,0,1,1
59433.07,20.56,7.61,1,0,0,22,0,6,4,2891.07,673.34,7805.34,51,16,6.3,9,1,0,1,0,1,0,5,3,0,0,-1,0,1,1
23903.0,7.22,3.15,1,41,0,13,0,2,3,3310.05,263.62,7581.32,201,4,6.7,2,1,1,0,0,0,0,0,2,0,0,-1,0,0,0
181.4,0.15,0.04,0,296,1,22,0,5,3,1194.99,988.9,4421.66,102,15,3.9,5,1,0,0,0,0,0,0,0,0,0,-1,0,2,0
63212.38,21.59,6.16,0,1,0,12,0,0,1,2927.88,661.21,10257.32,64,4,0.9,11,0,1,0,0,0,0,1,0,1,3,19,0,2,1
43898.78,75.13,36.85,1,0,0,0,0,8,2,584.34,260.59,1191.33,228,14,1.5,9,1,0,1,0,0,0,5,4,0,0,-1,0,0,1
1584.71,1.62,0.39,1,257,1,2,0,4,0,976.31,978.5,4105.46,44,18,2.6,12,0,1,0,0,0,0,2,0,0,0,-1,0,2,0
231.33,0.65,0.26,0,38,1,14,0,5,0,357.52,684.73,882.93,88,12,4.8,11,1,1,0,0,0,0,2,2,0,0,-1,0,2,0
28978.75,11.81,5.68,1,0,0,23,0,4,4,2454.57,695.41,5103.15,67,9,5.2,14,1,0,1,0,1,0,5,4,0,0,-1,0,0,1
737.05,0.48,0.14,0,205,1,17,0,4,2,1520.94,276.33,5126.12,80,20,1.2,8,1,1,1,0,0,0,1,2,0,0,-1,0,1,0
37847.18,27.74,10.95,1,0,0,21,0,6,3,1364.23,457.28,3455.37,92,2,0.8,3,1,0,1,1,0,0,5,1,0,0,-1,0,0,1
1509.65,0.78,0.24,0,171,1,1,0,1,0,1932.95,1783.88,6396.02,146,16,7.0,2,0,1,0,0,0,0,1,0,0,0,-1,0,1,0
1119.32,0.67,0.17,0,115,1,6,0,2,3,1671.09,360.02,6503.61,85,10,6.8,11,0,1,0,0,0,0,0,2,0,0,-1,0,0,0
450.64,0.41,0.19,0,342,1,5,1,1,1,1109.17,1144.96,2331.12,49,13,0.6,14,1,1,0,0,0,0,1,2,0,0,-1,0,2,0
13994.83,6.08,2.85,0,68,1,23,0,5,1,2301.07,383.13,4913.51,77,10,2.3,14,1,0,0,0,0,0,1,1,0,0,-1,0,1,0
34187.61,32.36,10.91,1,0,0,12,0,4,4,1056.48,1379.33,3133.0,250,13,7.5,1,1,0,1,1,0,0,3,5,0,0,-1,0,0,1
61199.4,10.4,1.11,0,632,1,15,0,0,3,5883.81,1168.36,55079.46,85,17,2.4,3,1,1,0,0,0,0,2,1,0,0,-1,0,0,0
5724.55,3.77,1.87,1,48,0,6,0,2,0,1518.7,936.45,3068.85,119,11,6.8,1,1,1,1,0,0,0,1,0,0,0,-1,0,1,0
23073.45,17.91,5.5,1,39,0,21,0,3,2,1288.33,570.11,4198.38,107,8,4.4,7,0,0,0,0,1,1,0,0,0,0,-1,0,0,0
28197.11,2.26,0.75,0,130,1,3,0,0,0,12459.36,1607.85,37378.08,134,10,7.8,9,0,1,0,0,0,0,1,2,0,0,-1,0,2,0
300.32,0.23,0.08,0,359,1,0,0,1,2,1325.18,1360.35,3719.9,147,17,1.7,12,0,1,0,0,0,0,0,2,0,0,-1,0,1,0
70356.23,7.06,1.11,0,158,1,16,0,2,0,9962.05,606.34,63320.61,157,5,4.5,12,0,1,0,0,0,0,0,1,0,0,-1,0,0,0
23114.31,17.25,6.24,1,0,0,10,0,8,3,1340.2,176.31,3704.93,235,17,6.1,13,1,0,1,1,1,0,2,5,0,0,-1,0,1,1
1150.05,1.29,0.37,0,174,1,3,0,2,2,891.32,308.88,3078.07,107,18,6.6,1,1,1,0,0,0,0,1,2,0,0,-1,0,1,0
21217.18,10.08,3.91,1,0,0,1,1,4,0,2104.59,591.13,5426.53,45,12,6.3,9,0,1,0,0,0,0,0,3,0,0,-1,0,3,1
27905.28,39.17,13.58,1,0,0,12,0,4,3,712.37,517.95,2055.12,112,12,2.8,1,0,1,0,0,0,1,2,3,1,0,-1,0,0,1
110690.66,8.36,1.11,0,674,1,9,0,1,3,13244.53,476.85,99621.59,228,2,4.2,8,0,0,0,0,0,0,0,2,0,0,-1,0,1,0
29080.18,21.98,7.95,0,82,1,1,0,5,2,1323.17,1208.33,3656.7,139,16,6.4,2,0,1,0,0,0,0,1,2,0,0,-1,0,1,0
46047.1,88.16,34.86,1,0,0,23,0,4,2,522.32,1174.06,1320.96,13,18,2.3,5,1,0,1,0,0,0,2,3,0,0,-1,0,1,1
37651.71,1.86,0.62,0,360,1,3,0,2,1,20210.59,566.62,60631.78,125,4,5.2,6,1,0,0,0,0,0,1,1,0,0,-1,0,1,0
32584.86,2.05,0.68,0,590,1,11,0,0,2,15917.37,566.8,47752.1,78,5,6.1,2,0,1,0,0,0,0,2,1,0,0,-1,0,2,0
24426.62,7.89,3.39,0,89,0,20,0,2,0,3097.06,587.18,7202.04,55,16,1.2,3,1,1,0,0,0,0,1,1,0,0,-1,0,0,0
23084.02,1.02,0.34,0,222,1,3,0,2,2,22720.7,905.45,68162.11,224,19,5.1,3,0,1,0,0,0,0,2,1,0,0,-1,0,1,0
73268.68,36.21,18.91,1,0,0,10,0,4,1,2023.7,3005.15,3874.83,15,14,4.1,14,1,1,0,0,0,0,0,4,0,0,-1,0,3,1
27657.89,30.18,10.62,0,1,0,17,0,2,1,916.4,186.56,2603.14,69,7,1.9,8,0,1,0,0,0,0,0,0,1,2,48,1,6,1
5232.79,2.5,0.55,0,67,1,20,0,2,2,2091.82,150.77,9564.78,50,6,4.7,14,0,1,0,0,0,0,0,1,0,0,-1,0,0,0
2371.75,3.91,1.17,0,191,1,7,0,1,0,607.14,721.17,2021.13,245,9,0.6,14,0,0,0,0,0,0,0,0,0,0,-1,0,0,0
39437.93,26.73,13.38,1,0,0,17,0,1,1,1475.56,609.85,2947.17,242,14,0.7,1,0,0,0,0,0,0,2,2,0,0,-1,0,1,1
517.51,0.26,0.1,0,139,1,0,0,5,1,1998.35,497.35,5089.35,157,14,3.1,7,0,1,0,0,0,0,1,1,0,0,-1,0,1,0
32997.27,1.59,0.53,0,439,1,12,0,5,1,20795.85,1188.34,62387.55,212,2,6.0,9,0,1,0,0,0,0,2,1,0,0,-1,0,0,0
90278.4,105.54,26.84,0,2,0,22,1,4,1,855.42,679.19,3363.76,154,6,3.0,7,0,1,0,0,0,0,2,0,1,4,6,1,3,1
675.39,1.99,0.62,0,182,0,20,0,3,2,340.09,4754.92,1084.04,241,5,7.4,10,0,1,0,0,0,0,1,2,0,0,-1,0,0,0
425.39,0.54,0.19,0,132,1,21,0,1,1,793.33,174.69,2209.73,223,10,2.7,7,1,0,0,0,0,0,2,2,0,0,-1,0,0,0
525.58,0.32,0.1,0,104,1,6,0,5,2,1651.58,604.7,5219.43,127,2,7.4,0,1,0,1,0,0,0,2,1,0,0,-1,0,2,0
39105.98,29.04,12.3,0,12,0,21,0,1,2,1346.55,405.89,3179.19,94,20,3.6,3,1,1,0,0,0,0,2,1,1,2,44,0,1,1
288.37,0.15,0.03,1,194,1,13,0,4,2,1886.54,2539.56,8758.44,55,12,2.3,6,0,1,0,0,0,0,0,1,0,0,-1,0,2,0
131390.63,14.63,1.11,0,172,1,17,0,0,2,8981.21,2068.47,118251.57,148,19,6.9,4,0,1,1,0,0,0,2,1,0,0,-1,0,1,0
26812.6,3.14,1.05,0,328,1,6,0,2,0,8527.65,506.72,25582.96,132,19,6.3,1,0,1,0,0,0,0,1,1,0,0,-1,0,0,0
63207.12,3.41,1.11,0,675,1,4,0,1,3,18555.93,187.67,56886.41,79,19,2.2,4,1,0,0,0,0,0,2,0,0,0,-1,0,0,0
66.61,0.06,0.02,0,352,1,11,0,1,0,1170.04,3795.54,2797.55,169,14,3.6,7,0,1,0,0,0,0,0,2,0,0,-1,0,1,0
27187.82,6.56,2.73,0,12,1,23,1,0,1,4143.01,938.49,9960.78,136,9,3.6,11,0,1,0,0,0,0,2,0,0,0,-1,0,1,0
73057.42,36.23,10.08,0,3,0,1,0,3,3,2016.56,158.35,7246.03,23,19,7.9,0,1,1,0,0,0,0,0,0,1,3,60,1,6,1
18297.91,4.29,0.98,0,21,1,9,0,4,1,4268.39,712.59,18714.17,141,20,2.1,5,1,0,1,0,0,0,1,0,0,0,-1,0,1,0
94342.47,4.87,1.11,0,583,1,13,0,3,3,19365.55,264.78,84908.22,294,6,6.3,12,0,1,0,0,0,0,0,0,0,0,-1,0,1,0
56277.29,95.54,32.35,0,13,0,10,0,3,2,589.05,2733.31,1739.66,133,19,3.4,1,1,0,0,0,0,0,0,0,1,3,23,0,2,1
1237.31,0.79,0.16,0,38,1,10,0,5,1,1564.09,1734.51,7623.19,127,12,5.1,12,0,1,0,0,1,0,0,1,0,0,-1,0,1,0
17707.95,12.09,2.76,1,85,0,5,0,0,1,1464.11,598.75,6405.6,42,2,1.0,11,1,1,1,0,0,0,1,2,0,0,-1,0,0,0
23966.15,27.76,9.6,1,61,0,15,0,1,1,863.36,211.08,2496.67,155,16,5.1,12,1,1,0,0,0,0,2,0,0,0,-1,0,0,0
27073.52,35.3,12.74,1,0,0,18,1,4,4,767.03,403.26,2125.15,84,14,7.8,14,1,0,1,1,1,0,2,1,0,0,-1,0,1,1
233.63,0.66,0.2,0,325,1,9,0,5,2,353.01,663.38,1163.23,242,15,5.9,14,0,0,0,0,0,0,1,0,0,0,-1,0,2,0
218.83,0.11,0.04,1,34,1,1,0,5,2,1989.03,373.15,5780.71,232,6,4.8,4,1,1,0,0,0,0,2,1,0,0,-1,0,1,0
377.92,0.43,0.19,1,86,1,9,0,4,1,870.46,183.66,1949.99,250,7,2.9,3,1,1,0,0,0,0,1,1,0,0,-1,0,1,0
17976.68,3.84,1.15,1,78,0,20,0,5,2,4678.51,430.38,15641.33,151,20,1.3,3,0,0,0,0,0,0,1,2,0,0,-1,0,0,0
123.53,0.07,0.02,0,242,1,16,0,1,0,1814.03,150.38,5434.56,129,14,2.3,2,1,0,0,0,0,0,1,0,0,0,-1,0,0,0
76012.67,34.39,13.39,1,7,0,13,0,0,2,2210.33,1220.58,5674.98,106,19,3.8,7,0,1,0,0,0,0,0,1,1,4,46,1,4,1
492.04,0.4,0.09,0,30,1,23,0,3,3,1227.52,480.49,5568.85,142,9,6.3,6,0,1,0,1,0,0,0,2,0,0,-1,0,0,0
24030.43,8.53,2.42,0,9,0,22,0,4,0,2818.46,993.14,9925.7,61,20,1.9,12,0,0,0,0,0,0,2,2,0,0,-1,0,1,0
592.45,0.52,0.21,0,116,1,22,0,2,2,1136.5,242.0,2763.53,21,10,6.3,6,1,1,0,0,0,0,0,1,0,0,-1,0,0,0
46634.65,2.0,0.67,0,92,1,5,0,2,1,23362.94,1290.01,70088.82,136,3,0.9,4,0,1,0,0,0,0,0,1,0,0,-1,0,1,0
564.26,0.47,0.21,0,257,1,9,0,0,2,1211.7,540.87,2684.57,232,16,1.7,2,0,1,0,0,0,0,0,0,0,0,-1,0,1,0
103598.22,10.8,1.11,0,596,1,1,0,1,1,9595.18,569.7,93238.4,70,10,0.7,5,0,1,0,0,0,0,1,2,0,0,-1,0,0,0
24702.91,1.59,0.53,0,259,1,17,0,1,1,15583.11,361.26,46749.32,248,2,0.7,10,0,1,0,0,0,0,1,0,0,0,-1,0,0,0
50810.45,33.48,14.61,1,0,0,22,0,3,3,1517.71,336.37,3477.88,218,18,2.5,7,1,0,1,1,1,0,2,3,0,0,-1,0,2,1
7554.8,2.75,0.81,0,16,1,5,0,0,3,2744.74,281.39,9355.71,236,6,1.8,7,0,1,0,0,0,0,1,1,0,0,-1,0,1,0
8836.39,10.06,4.42,1,0,0,22,0,3,3,878.61,1326.79,1998.34,88,6,4.7,4,1,0,1,0,0,0,3,2,1,0,-1,0,1,1
9380.77,2.46,0.95,1,22,0,13,1,1,2,3812.6,161.99,9835.48,69,15,2.6,9,1,0,1,1,0,0,2,2,0,0,-1,0,1,0
21362.51,7.14,2.65,0,20,1,9,0,5,3,2993.27,306.59,8066.64,111,18,5.3,13,0,0,1,0,0,0,1,0,0,0,-1,0,1,0
1142.32,0.99,0.26,0,279,0,0,0,2,0,1159.39,1131.63,4382.67,14,5,6.9,2,0,0,0,0,0,0,0,1,0,0,-1,0,0,0
60177.12,43.02,13.35,0,13,0,15,0,3,2,1398.93,168.8,4506.39,156,3,2.6,4,0,1,0,0,0,0,1,1,1,2,5,1,5,1
494.96,0.72,0.29,0,110,1,1,0,3,0,690.71,856.15,1718.75,96,11,0.9,10,0,0,0,0,0,0,0,1,0,0,-1,0,0,0
18847.78,5.89,2.34,0,50,1,0,0,2,0,3198.74,400.44,8041.67,234,10,1.4,2,1,1,0,0,0,0,0,0,0,0,-1,0,1,0
37740.02,2.08,0.69,0,329,1,3,1,1,3,18101.31,462.29,54303.93,191,18,6.7,2,0,1,0,0,0,0,2,1,0,0,-1,0,1,0
44491.67,23.52,10.97,1,0,0,17,1,5,3,1891.26,2789.4,4055.52,112,10,6.8,0,1,0,1,0,0,0,5,5,0,0,-1,0,1,1
70664.31,4.08,1.11,0,664,1,10,0,4,3,17320.68,157.82,63597.88,181,4,1.9,5,0,1,0,0,0,0,0,2,0,0,-1,0,0,0
122250.07,13.45,1.11,0,240,1,1,0,4,0,9090.46,1089.1,110025.06,140,16,3.1,14,0,0,1,0,0,0,1,0,0,0,-1,0,2,0
7834.15,4.17,1.01,1,86,1,12,0,1,0,1877.1,532.39,7732.16,161,14,8.0,3,1,0,0,0,0,0,1,1,0,0,-1,0,0,0
478.47,0.4,0.1,0,215,0,3,0,5,2,1182.83,1426.06,4635.97,191,13,7.9,4,1,1,0,1,0,0,2,2,0,0,-1,0,2,0
22444.77,10.04,4.67,1,0,0,7,0,2,0,2234.69,819.91,4806.67,160,2,7.9,3,0,1,0,0,0,0,2,2,0,0,-1,0,0,1
44196.26,3.46,1.11,0,307,1,13,0,4,2,12779.03,708.71,39776.63,166,11,1.4,14,0,0,0,0,1,0,0,0,0,0,-1,0,0,0
1969.77,2.59,0.66,0,174,1,2,0,4,0,761.42,141.97,2979.55,120,7,6.5,0,0,1,0,0,0,1,0,2,0,0,-1,0,0,0
20770.63,10.49,5.13,0,19,0,5,0,2,0,1979.1,256.53,4049.02,231,10,6.4,6,0,0,0,0,0,0,0,0,0,0,-1,0,1,0
387.47,0.53,0.12,0,245,1,11,0,5,3,729.29,345.0,3176.47,45,2,1.6,0,0,1,0,0,1,0,2,1,0,0,-1,0,1,0
459.91,0.44,0.14,0,117,1,14,1,1,1,1056.95,320.47,3367.74,118,19,5.6,2,0,0,0,0,0,1,2,2,0,0,-1,0,1,0
883.12,0.78,0.17,0,54,1,19,1,1,3,1134.65,196.81,5198.8,151,6,0.5,3,0,1,0,0,0,0,1,1,0,0,-1,0,0,0
43609.78,25.67,7.0,0,9,0,3,0,2,1,1698.6,242.31,6228.42,152,10,4.3,2,1,0,0,0,0,0,2,2,1,2,31,1,4,1
23954.65,11.49,2.42,0,18,1,14,0,4,0,2084.99,247.3,9894.91,158,2,4.1,14,1,1,0,0,0,1,1,2,0,0,-1,0,1,0
29617.42,8.92,2.27,1,17,1,10,0,4,0,3318.9,1621.88,13038.77,108,20,1.4,10,1,0,0,0,1,0,1,0,0,0,-1,0,0,0
6269.15,3.1,1.09,1,0,0,1,0,3,5,2021.78,218.07,5764.28,165,15,1.4,9,1,0,1,1,1,0,3,3,0,0,-1,0,0,1
23878.85,3.98,1.11,0,226,1,19,0,5,2,6006.1,368.33,21490.97,232,15,3.8,2,0,1,0,0,0,1,1,2,0,0,-1,0,2,0
74354.46,26.85,9.87,0,11,0,12,0,0,1,2768.79,365.89,7530.94,249,11,7.6,5,0,1,0,0,0,0,1,2,1,3,27,1,4,1
834.46,0.5,0.15,1,352,1,15,0,3,0,1667.57,925.17,5467.36,169,6,0.6,10,0,1,0,0,0,0,0,0,0,0,-1,0,2,0
8149.87,2.11,0.6,0,65,1,1,0,4,2,3860.38,652.32,13638.63,9,4,7.7,6,1,1,0,0,0,0,2,0,0,0,-1,0,1,0
75750.32,21.24,6.42,1,9,0,15,0,1,2,3566.49,2607.08,11807.35,184,5,6.9,14,0,1,0,0,0,0,0,0,1,2,51,1,3,1
24284.88,7.33,2.35,1,36,1,21,0,0,0,3311.03,357.66,10320.57,187,8,7.0,2,1,1,0,0,0,1,2,0,0,0,-1,0,1,0
6342.79,1.5,0.39,1,56,1,2,0,0,3,4241.64,1205.51,16356.66,127,20,1.1,8,1,1,0,0,0,0,2,0,0,0,-1,0,1,0
27489.91,8.89,4.43,1,1,1,16,0,5,2,3090.81,288.52,6199.59,16,5,5.6,7,0,1,0,0,0,0,1,0,0,0,-1,0,0,0
27483.85,17.6,4.51,0,1,0,12,1,4,0,1561.97,146.22,6099.59,110,17,5.4,13,0,1,0,0,0,0,1,0,1,4,10,1,4,1
21571.66,4.66,1.1,1,11,0,4,0,1,0,4633.61,724.11,19595.02,89,2,7.7,4,0,0,0,0,0,0,0,1,0,0,-1,0,0,0
1262.53,1.24,0.34,1,101,1,20,0,0,2,1016.35,393.78,3760.55,103,13,6.2,6,1,1,0,0,0,0,1,2,0,0,-1,0,1,0
50,0.09,0.04,0,247,1,7,1,0,0,534.76,742.17,1283.11,75,15,2.8,4,0,0,0,0,0,0,2,0,0,0,-1,0,1,0
80842.01,30.24,7.89,1,0,0,19,1,5,0,2673.46,756.72,10251.25,183,15,0.8,3,1,1,0,0,0,1,0,1,1,3,3,1,2,1
11839.86,2.58,0.6,1,31,0,0,0,4,2,4591.2,3477.7,19829.2,204,17,6.2,10,0,1,1,0,0,0,0,0,0,0,-1,0,1,0
28028.18,7.65,2.11,0,32,0,6,0,5,1,3665.15,1270.91,13302.33,47,3,8.0,10,0,0,0,0,0,0,2,1,0,0,-1,0,0,0
14626.48,4.53,1.12,1,40,1,13,0,0,1,3228.65,353.23,13103.91,247,20,7.2,10,0,1,0,0,0,0,1,0,0,0,-1,0,0,0
352.97,0.19,0.04,0,72,1,13,1,1,2,1824.64,474.28,8148.07,35,10,6.6,6,1,1,0,0,0,0,1,2,0,0,-1,0,2,0
55970.15,39.18,14.52,1,0,0,21,0,5,2,1428.61,153.65,3853.54,201,6,6.4,10,1,1,0,0,0,0,2,4,0,0,-1,0,1,1
31584.72,53.86,18.32,1,0,0,23,0,5,0,586.45,491.67,1723.86,119,16,6.9,13,0,1,0,1,0,0,2,1,0,0,-1,0,0,1
52237.2,47.76,19.63,1,0,0,22,1,5,2,1093.66,657.44,2660.95,115,2,1.5,4,1,1,0,0,0,0,0,1,0,0,-1,0,1,1
2637.55,1.18,0.47,0,45,0,6,0,2,2,2226.67,663.94,5602.28,193,16,5.7,4,0,0,0,0,0,0,0,1,0,0,-1,0,0,0
10741.08,4.33,1.25,1,26,0,22,0,4,3,2478.05,401.78,8622.47,130,15,2.4,4,1,0,0,0,0,0,1,1,0,0,-1,0,0,0
63718.26,89.88,48.95,1,0,0,9,1,2,2,708.96,1301.4,1301.69,161,19,0.9,9,0,1,0,0,0,0,0,1,0,0,-1,0,0,1
79120.64,35.93,12.99,1,0,0,6,0,1,2,2201.82,255.87,6090.42,108,15,1.5,11,1,0,1,0,0,0,1,2,0,0,-1,0,3,1
109070.7,18.18,1.11,0,322,1,14,0,3,1,6000.64,441.59,98163.63,180,2,4.5,13,1,0,0,0,1,0,0,2,0,0,-1,0,2,0
118487.16,14.01,1.11,0,256,1,19,0,5,3,8454.58,761.35,106638.44,84,5,7.5,3,0,1,0,0,1,0,0,1,0,0,-1,0,0,0
170.48,0.15,0.05,0,360,1,3,1,0,3,1168.1,180.13,3637.98,72,12,1.8,13,0,1,0,0,0,0,0,2,0,0,-1,0,1,0
544.89,0.42,0.21,0,192,1,7,0,2,2,1310.88,3065.12,2637.15,192,7,0.7,0,0,1,0,0,0,0,2,1,0,0,-1,0,1,0
102885.34,4.85,1.11,0,249,1,17,0,5,2,21201.86,167.37,92596.81,55,15,8.0,7,0,1,0,0,0,0,2,2,0,0,-1,0,2,0
470.79,0.24,0.09,0,146,0,4,0,4,3,1969.71,2374.47,5535.49,232,4,3.0,5,1,1,0,0,0,0,2,0,0,0,-1,0,0,0
14959.96,1.12,0.37,0,158,1,13,1,2,2,13363.64,898.95,40090.92,129,17,4.7,0,0,1,0,0,0,0,0,0,0,0,-1,0,1,0
404.16,0.23,0.06,1,60,1,10,0,1,0,1755.86,140.52,7156.23,130,2,1.5,12,0,1,1,0,0,0,2,1,0,0,-1,0,2,0
54609.45,19.49,5.27,1,0,0,9,1,0,3,2802.37,273.12,10368.6,205,8,3.6,9,0,1,0,0,0,0,2,2,1,2,58,1,3,1
664.86,1.21,0.36,0,329,1,17,0,1,1,551.3,450.88,1834.19,133,19,7.1,3,0,1,0,0,0,0,0,0,0,0,-1,0,0,0
1363.58,1.72,0.66,0,186,1,17,0,2,1,793.31,590.86,2064.86,101,7,7.4,0,1,1,0,0,0,0,1,0,0,0,-1,0,1,0
25948.9,8.04,2.32,0,6,0,6,0,3,1,3227.58,635.92,11175.83,85,2,7.4,6,1,1,0,0,0,0,2,0,1,4,0,1,4,1
618.18,0.5,0.25,0,225,1,2,0,2,2,1231.49,663.31,2464.49,34,11,4.3,10,1,1,0,0,0,0,1,2,0,0,-1,0,0,0
27822.03,8.3,3.0,1,87,0,15,0,2,0,3350.24,1611.49,9265.9,62,5,7.1,14,0,1,0,0,0,0,0,0,0,0,-1,0,0,0
345.63,0.25,0.11,1,165,1,22,0,4,3,1386.75,246.48,3288.35,162,11,4.6,11,0,1,0,0,0,0,1,2,0,0,-1,0,2,0
826.24,0.94,0.27,0,33,1,3,0,5,2,880.63,937.74,3042.86,177,17,2.8,8,1,1,0,1,0,0,0,2,0,0,-1,0,0,0
7259.47,7.39,2.25,1,74,0,10,0,5,0,982.85,686.83,3229.31,159,5,6.2,14,0,0,0,0,0,0,0,0,0,0,-1,0,0,0
211.87,0.37,0.07,0,267,1,2,0,1,2,576.09,173.1,2879.31,166,2,1.3,5,1,1,1,0,0,0,2,1,0,0,-1,0,1,0
438.0,1.36,0.34,1,158,0,6,0,0,3,322.17,2052.58,1269.97,106,7,0.5,13,0,1,0,0,0,0,0,2,0,0,-1,0,1,0
9785.83,3.12,1.15,0,53,0,5,0,4,0,3139.18,320.83,8521.9,35,11,3.2,2,0,0,0,0,0,0,2,2,0,0,-1,0,1,0
1194.23,0.66,0.18,1,221,1,6,0,5,2,1819.57,645.59,6553.57,238,6,7.9,10,0,1,0,0,0,0,2,1,0,0,-1,0,2,0
95186.77,54.16,13.54,0,0,0,20,0,4,2,1757.47,272.07,7029.58,245,9,2.6,4,1,1,0,0,0,0,0,1,1,2,41,0,6,1
7325.96,4.15,1.56,0,5,0,4,0,5,0,1766.07,1601.28,4704.99,139,9,0.9,7,0,0,0,0,1,0,1,1,1,2,32,0,6,1
18062.34,20.08,8.53,1,0,0,15,0,3,2,899.46,153.25,2117.56,166,12,6.5,9,1,0,1,1,1,0,5,4,0,0,-1,0,1,1
216.7,0.18,0.06,0,262,1,9,1,2,1,1195.64,3159.89,3350.89,36,14,4.1,1,0,0,0,0,0,0,1,0,0,0,-1,0,1,0
51564.52,68.24,23.77,1,0,0,20,0,3,3,755.65,580.3,2169.64,42,16,3.2,4,1,0,1,1,1,0,5,4,1,0,-1,0,2,1
28589.3,6.48,1.32,0,52,1,13,0,5,0,4412.86,1177.94,21606.94,200,19,3.8,2,0,0,0,0,0,0,2,0,0,0,-1,0,0,0
13935.81,9.51,2.71,0,71,0,0,0,4,0,1464.86,416.3,5143.75,132,9,5.5,6,0,1,0,0,0,0,2,0,0,0,-1,0,0,0
514.5,0.28,0.1,1,17,0,1,0,2,0,1826.91,322.75,5004.58,115,11,7.6,6,1,1,0,0,0,0,2,2,0,0,-1,0,1,0
38515.2,12.72,5.04,0,10,0,14,0,5,1,3028.08,1847.23,7638.6,5,8,4.4,5,1,1,0,0,0,0,2,1,1,4,23,1,3,1
373.64,0.26,0.1,1,345,1,20,0,5,0,1437.21,480.51,3825.44,81,16,0.9,0,0,1,0,0,0,0,0,0,0,0,-1,0,0,0
34130.41,12.53,5.53,1,0,0,19,0,4,4,2724.71,144.58,6170.06,231,8,3.9,9,1,0,1,0,0,0,2,5,0,0,-1,0,2,1
11179.14,2.33,0.6,0,51,1,8,0,2,3,4788.17,162.79,18537.12,205,10,7.0,10,0,0,0,0,0,0,2,2,0,0,-1,0,0,0
29097.23,14.65,6.1,0,88,0,7,0,3,2,1985.59,604.94,4768.07,101,12,1.0,3,0,0,0,0,0,0,0,2,0,0,-1,0,1,0
55969.7,6.01,1.11,0,149,1,4,0,5,3,9316.98,144.94,50372.73,151,10,6.3,5,0,0,0,0,0,0,0,0,0,0,-1,0,2,0
890.77,0.55,0.14,0,130,1,2,1,2,2,1631.73,1203.1,6316.97,18,5,5.1,11,0,1,0,0,0,1,1,2,0,0,-1,0,2,0
20352.49,18.47,5.79,0,59,0,14,0,4,0,1101.98,1323.24,3516.39,178,13,6.1,12,0,0,0,0,0,0,0,0,0,0,-1,0,1,0
69729.74,31.88,13.46,1,0,0,6,0,2,2,2187.43,537.36,5180.02,72,8,0.9,2,0,0,0,0,1,0,2,2,0,0,-1,0,3,1
484.42,0.86,0.28,1,67,1,14,0,0,0,562.3,1266.89,1738.2,159,5,6.7,0,0,0,0,0,0,0,1,2,0,0,-1,0,2,0
31412.66,1.99,0.66,0,401,1,14,0,3,2,15769.44,230.59,47308.31,243,13,5.4,0,0,1,1,0,0,0,2,0,0,0,-1,0,0,0
71391.88,5.5,1.11,0,350,1,11,0,3,1,12990.02,470.61,64252.69,158,19,1.6,12,0,1,0,0,0,0,2,0,0,0,-1,0,0,0
13254.42,3.15,1.54,0,55,1,6,0,4,0,4203.9,1349.59,8613.55,17,17,7.8,1,1,0,0,0,0,0,1,1,0,0,-1,0,1,0
58394.33,87.7,41.16,1,0,0,5,0,4,3,665.88,160.41,1418.73,107,17,1.6,11,0,1,1,0,0,0,2,4,0,0,-1,0,2,1
27568.13,21.73,8.92,1,0,0,7,0,7,4,1268.9,1339.21,3090.91,163,2,5.8,0,1,0,1,1,1,1,3,4,0,0,-1,0,0,1
1604.58,2.36,0.69,0,178,1,7,0,2,2,680.33,219.41,2326.96,100,17,6.5,13,1,1,0,0,0,0,2,0,0,0,-1,0,0,0
78479.01,3.78,1.11,0,147,1,14,0,1,2,20776.27,506.36,70631.11,289,18,7.8,6,0,1,0,0,0,0,0,2,0,0,-1,0,0,0
1027.77,1.12,0.26,0,206,1,2,0,0,2,920.27,1152.52,3990.35,123,20,1.2,4,1,0,0,0,0,0,1,1,0,0,-1,0,0,0
119158.94,11.15,1.11,0,242,1,5,0,4,0,10690.76,481.69,107243.05,226,13,7.1,0,1,0,0,0,0,1,2,0,0,0,-1,0,2,0
56181.2,3.32,1.11,0,449,1,9,0,1,2,16946.53,1570.84,50839.59,205,13,7.5,5,1,1,0,0,0,0,1,1,0,0,-1,0,0,0
44272.78,1.99,0.66,0,364,1,18,0,0,0,22258.73,873.44,66776.19,96,11,1.1,6,0,1,0,1,0,0,2,1,0,0,-1,0,1,0
95490.21,4.67,1.11,0,670,1,10,1,3,3,20460.66,183.59,85941.19,140,14,6.2,1,0,1,0,0,0,0,0,2,0,0,-1,0,0,0
2405.39,5.55,1.59,0,121,1,4,0,0,3,433.32,587.41,1508.15,122,9,3.7,12,1,1,0,0,0,0,2,0,0,0,-1,0,1,0
51915.47,33.2,15.64,1,0,0,16,0,4,1,1563.68,970.17,3320.19,98,6,4.5,1,0,1,0,0,0,0,2,3,0,0,-1,0,0,1
26892.77,6.72,2.05,1,5,0,19,0,1,0,4004.21,921.03,13121.07,122,5,4.4,3,1,1,0,0,0,0,2,2,0,0,-1,0,1,0
13095.46,3.41,1.3,0,6,0,23,0,1,0,3841.93,348.54,10035.67,196,4,6.6,0,1,1,0,0,0,0,0,1,1,3,17,1,2,1
16010.39,3.84,0.98,1,4,1,17,0,2,2,4170.8,446.97,16405.69,41,8,3.2,13,0,0,0,0,0,0,2,2,0,0,-1,0,0,0
25732.43,17.99,6.01,0,77,0,6,0,5,0,1430.2,4604.78,4282.21,228,8,4.1,2,0,0,0,0,0,0,0,2,0,0,-1,0,1,0
179.63,0.1,0.04,0,128,1,21,0,5,1,1830.55,578.06,4299.94,177,3,7.3,1,1,0,0,0,0,0,0,2,0,0,-1,0,0,0
20406.74,12.19,2.53,0,12,0,12,0,0,2,1673.39,250.48,8058.39,218,5,3.2,9,0,1,0,0,0,0,0,1,0,0,-1,0,1,0
11097.94,17.73,5.19,0,12,0,21,0,2,1,625.93,1210.21,2139.61,170,12,5.2,3,0,0,0,0,0,1,0,2,1,3,25,0,6,1
55940.51,76.92,35.37,1,0,0,5,0,3,3,727.3,2182.87,1581.71,209,10,0.6,0,0,0,0,0,0,0,0,2,0,0,-1,0,0,1
25977.42,10.61,4.4,1,0,0,22,0,8,5,2447.47,209.3,5897.94,61,5,3.2,9,1,0,1,1,1,0,5,4,0,0,-1,0,2,1
504.62,0.67,0.26,0,17,1,17,0,5,0,755.21,1131.38,1946.76,231,14,4.4,7,0,0,0,0,1,0,2,2,0,0,-1,0,1,0
10873.11,3.43,1.58,0,27,1,1,0,3,3,3173.08,535.68,6886.25,131,18,1.0,5,1,0,0,0,1,0,0,2,0,0,-1,0,0,0
109201.94,4.51,1.11,0,203,1,4,0,1,2,24212.8,571.31,98281.75,41,13,2.0,7,0,0,0,0,0,0,1,0,0,0,-1,0,1,0
172.21,0.2,0.05,0,7,1,15,0,5,0,857.77,201.43,3571.19,15,4,5.2,3,0,1,0,0,0,0,1,1,0,0,-1,0,2,0
90090.13,25.53,8.56,0,14,0,3,0,4,2,3528.34,266.62,10523.5,28,10,7.2,13,0,1,0,0,0,0,1,3,1,3,43,0,6,1
2356.62,1.23,0.29,0,213,1,7,0,0,1,1912.62,5781.72,8029.22,7,11,3.2,12,1,0,0,0,0,0,1,0,0,0,-1,0,0,0
27936.69,33.95,13.1,1,0,0,20,0,3,2,822.97,457.72,2132.18,167,10,2.2,11,1,1,0,0,0,0,1,2,0,0,-1,0,0,1
9028.27,2.6,0.95,1,24,0,11,0,0,2,3470.6,837.05,9495.83,227,8,4.1,8,0,1,0,0,0,0,0,0,0,0,-1,0,1,0
410.27,1.15,0.4,0,119,1,5,0,1,3,355.48,1409.06,1020.13,219,15,5.3,11,0,0,0,0,0,0,1,0,0,0,-1,0,2,0
59798.26,44.73,15.74,1,0,0,15,0,2,0,1336.79,1829.05,3798.61,21,2,3.5,7,0,0,1,0,0,0,2,3,0,0,-1,0,2,1
25004.03,7.01,2.24,0,89,0,14,0,1,0,3565.46,1100.01,11185.33,10,8,3.2,3,0,0,0,0,0,1,1,0,0,0,-1,0,1,0
139.01,0.09,0.04,0,338,1,19,0,0,2,1569.89,347.18,3456.92,138,8,7.8,9,0,0,0,0,1,0,1,1,0,0,-1,0,2,0
65493.61,27.88,7.68,1,5,0,5,0,0,1,2348.72,648.56,8526.37,38,11,2.5,5,0,1,0,0,0,0,2,1,1,3,50,1,3,1
10174.02,3.48,0.91,0,47,0,5,0,0,0,2924.12,1882.78,11137.96,44,2,4.2,4,1,1,0,0,0,0,0,1,0,0,-1,0,0,0
299.44,0.15,0.07,1,252,0,4,0,3,2,1972.94,229.43,4161.13,52,16,0.5,4,0,1,0,0,0,0,0,1,0,0,-1,0,0,0
420.49,0.24,0.05,0,352,1,2,0,3,0,1766.39,1582.05,8194.47,39,6,7.7,5,0,0,0,0,0,0,1,0,0,0,-1,0,1,0
301.65,0.17,0.05,1,201,1,18,0,0,2,1743.65,230.63,5761.62,63,5,6.5,5,1,1,0,1,1,0,0,0,0,0,-1,0,2,0
149.17,0.15,0.04,1,23,1,18,0,2,2,1000.16,546.21,4222.21,164,4,1.2,2,0,1,0,0,0,0,2,2,0,0,-1,0,0,0
23551.75,8.69,3.1,1,0,0,7,0,8,4,2709.8,1051.01,7594.94,170,9,7.6,11,1,0,1,1,0,0,2,1,0,0,-1,0,0,1
436.28,0.86,0.28,0,49,1,12,0,3,1,505.01,493.82,1571.29,108,18,1.8,3,1,1,0,0,0,1,1,1,0,0,-1,0,2,0
742.4,0.64,0.22,0,177,1,10,0,4,0,1167.59,694.58,3407.22,72,10,7.7,9,0,1,0,0,0,0,0,2,0,0,-1,0,1,0
120.79,0.25,0.06,0,330,1,7,0,0,3,475.85,498.26,1926.83,144,9,6.7,6,0,1,0,0,0,0,0,0,0,0,-1,0,0,0
642.91,0.34,0.11,0,148,1,0,0,4,1,1889.57,1003.33,5951.97,74,19,2.1,10,0,1,0,0,0,0,0,2,0,0,-1,0,2,0
84080.63,21.56,5.64,0,8,0,14,1,0,0,3900.49,176.94,14894.83,167,3,1.3,6,0,1,0,0,0,0,0,3,1,3,10,1,2,1
131776.8,6.74,1.11,0,716,1,2,0,3,1,19553.53,1295.1,118599.12,81,5,5.1,14,1,1,0,0,0,1,0,2,0,0,-1,0,1,0
39586.95,21.47,6.45,0,5,0,15,0,4,1,1843.76,187.17,6139.88,86,15,6.0,2,1,1,0,0,0,1,1,2,1,2,26,0,1,1
84746.81,5.29,1.11,0,410,1,12,1,2,2,16020.99,309.66,76272.13,74,2,5.7,2,0,1,0,0,0,0,0,0,0,0,-1,0,0,0
105.23,0.13,0.05,1,335,1,6,0,3,2,789.07,167.69,2002.76,13,11,6.8,4,1,1,0,0,0,0,1,2,0,0,-1,0,1,0
23550.95,14.59,3.34,0,78,1,1,0,4,2,1614.71,1441.95,7042.69,219,15,4.1,3,0,1,0,0,0,0,2,1,0,0,-1,0,1,0
334.36,0.21,0.07,0,99,1,19,0,3,2,1597.4,701.24,4617.07,221,18,7.6,14,0,1,0,0,0,0,0,1,0,0,-1,0,2,0
21781.53,4.59,1.16,0,83,1,16,1,1,3,4741.86,187.26,18747.63,201,15,7.6,12,0,1,0,0,0,0,1,0,0,0,-1,0,1,0
3840.22,1.34,0.37,0,22,1,11,1,0,0,2865.33,960.1,10289.84,223,6,4.4,9,0,1,0,0,0,0,1,1,0,0,-1,0,0,0
38887.34,15.88,6.21,1,0,0,6,0,3,3,2448.57,1094.14,6257.37,225,12,1.3,0,1,0,0,0,0,0,1,1,0,0,-1,0,0,1
617.21,0.57,0.13,0,7,1,10,0,5,1,1079.69,591.52,4930.13,40,7,6.3,0,1,1,0,0,0,0,0,0,0,0,-1,0,0,0
941.3,0.76,0.16,0,300,1,18,0,3,0,1233.53,2024.39,5958.56,151,11,1.2,10,1,0,0,0,0,0,1,0,0,0,-1,0,1,0
139192.11,11.04,1.11,0,137,1,2,0,1,1,12612.44,524.14,125272.9,139,10,6.1,5,0,0,0,0,0,0,1,0,0,0,-1,0,2,0
44335.67,1.97,0.66,0,708,1,12,0,2,3,22512.76,710.42,67538.28,110,20,1.4,0,0,0,1,0,0,0,1,2,0,0,-1,0,1,0
392.42,0.39,0.09,1,287,1,1,0,2,1,1007.61,189.94,4249.96,198,3,1.5,8,0,1,0,0,0,0,2,2,0,0,-1,0,0,0
1564.92,0.97,0.21,0,128,1,3,0,0,0,1618.23,286.48,7384.56,13,16,4.9,8,0,1,1,0,0,0,2,2,0,0,-1,0,0,0
625.07,0.81,0.16,0,342,1,19,0,5,1,773.79,345.14,3804.2,208,19,0.7,3,1,1,0,0,0,1,2,1,0,0,-1,0,2,0
440.57,0.33,0.12,0,27,1,1,0,2,3,1348.89,254.78,3791.44,128,11,7.9,0,0,1,0,0,0,0,1,2,0,0,-1,0,2,0
14550.92,9.97,2.18,1,44,1,6,0,2,2,1460.07,1884.98,6678.67,224,13,3.1,1,0,1,0,0,0,0,2,2,0,0,-1,0,0,0
878.04,0.54,0.19,0,339,1,20,0,3,2,1625.14,187.37,4639.45,190,20,1.5,13,0,1,0,0,0,0,2,1,0,0,-1,0,1,0
161.32,0.23,0.07,0,116,0,19,0,4,0,696.75,306.47,2244.56,44,6,7.9,6,1,1,0,0,1,0,1,0,0,0,-1,0,0,0
828.48,1.16,0.4,0,171,1,4,0,0,2,713.45,415.26,2094.75,85,11,2.3,7,1,1,0,0,0,0,2,0,0,0,-1,0,2,0
68615.15,4.99,1.11,0,598,1,2,0,5,3,13763.98,1001.74,61753.63,189,13,1.0,4,1,1,0,0,0,0,0,2,0,0,-1,0,2,0
652.45,1.23,0.46,0,54,0,9,0,3,2,528.51,559.93,1420.66,85,4,4.9,1,1,0,1,0,0,0,1,2,0,0,-1,0,2,0
15818.29,3.54,0.85,0,50,0,6,0,0,1,4473.26,148.92,18639.52,110,16,3.2,5,0,1,0,0,0,0,2,1,0,0,-1,0,1,0
846.86,1.33,0.35,0,217,1,10,0,5,0,637.73,1178.94,2404.84,47,3,2.4,9,0,1,0,0,0,0,1,2,0,0,-1,0,1,0
242.63,0.75,0.3,0,332,1,11,0,4,3,324.11,295.45,819.24,25,11,2.8,6,1,1,0,0,0,0,2,2,0,0,-1,0,0,0
45328.76,15.38,6.36,1,0,0,16,1,6,3,2947.64,293.6,7124.29,132,16,1.0,12,1,0,1,1,1,0,3,1,1,0,-1,0,1,1
1300.94,1.6,0.45,0,301,1,22,0,1,1,812.13,251.42,2904.13,237,20,5.8,13,0,1,0,0,0,0,1,1,0,0,-1,0,2,0
1336.57,0.97,0.37,0,125,0,10,0,0,2,1377.54,1198.48,3590.63,20,3,7.1,0,0,1,0,0,0,0,2,1,0,0,-1,0,1,0
447.71,0.41,0.12,1,91,1,1,0,4,1,1093.47,173.95,3790.47,175,13,3.5,14,0,0,0,1,0,0,0,0,0,0,-1,0,0,0
25796.05,18.53,5.18,0,9,0,17,0,2,1,1391.95,865.14,4982.83,120,5,2.0,2,0,1,0,0,0,0,2,1,1,3,43,0,4,1
63023.61,4.02,1.11,0,584,1,7,0,3,1,15694.6,151.06,56721.25,157,9,0.5,4,0,1,0,0,0,0,1,0,0,0,-1,0,2,0
708.93,0.42,0.2,0,254,1,13,0,0,3,1692.36,899.85,3620.38,30,9,7.6,12,1,1,0,0,0,0,2,0,0,0,-1,0,1,0
2024.78,1.15,0.25,1,68,1,2,0,5,2,1758.16,1516.83,8207.81,119,17,7.7,10,0,0,1,0,0,0,2,0,0,0,-1,0,1,0
8109.72,4.05,1.13,1,2,0,14,0,3,2,2000.02,480.42,7203.85,127,6,4.1,6,0,1,0,0,0,0,2,0,1,3,31,1,4,1
729.22,0.8,0.22,0,10,1,3,0,2,0,915.36,497.83,3352.28,247,6,1.9,0,0,1,0,0,0,0,1,1,0,0,-1,0,1,0
52670.53,5.87,1.11,0,565,1,14,0,0,0,8976.35,1600.84,47403.48,172,2,7.5,11,0,1,0,0,0,0,2,0,0,0,-1,0,2,0
296.72,0.18,0.04,1,21,0,13,0,1,2,1617.8,2359.65,7253.99,210,11,2.0,4,1,1,0,0,0,1,0,2,0,0,-1,0,0,0
5457.39,1.36,0.64,0,66,0,9,0,2,1,3999.8,593.23,8544.66,74,10,5.4,8,0,1,0,0,0,0,2,0,0,0,-1,0,0,0
9101.83,10.87,4.7,1,0,0,11,0,7,3,837.47,1023.61,1937.01,85,3,0.8,1,1,0,1,1,1,0,3,4,0,0,-1,0,0,1
23221.6,10.83,2.37,0,24,0,9,1,1,2,2143.96,449.59,9810.29,174,8,0.8,7,1,0,0,0,0,0,2,2,0,0,-1,0,0,0
20194.38,6.09,1.29,1,75,1,12,0,5,1,3315.87,179.2,15647.32,17,8,1.8,0,0,0,0,0,0,0,0,0,0,0,-1,0,1,0
1617.69,1.52,0.32,0,309,0,22,0,1,2,1062.11,697.22,5119.67,98,16,6.0,8,1,1,0,0,0,0,0,1,0,0,-1,0,1,0
550.25,0.43,0.13,0,334,0,4,0,5,3,1275.87,205.76,4331.06,67,13,3.5,12,0,0,0,0,1,0,2,2,0,0,-1,0,0,0
65.12,0.05,0.01,0,231,1,23,0,4,2,1421.41,210.81,6838.91,143,15,3.3,4,0,1,0,0,0,0,2,1,0,0,-1,0,0,0
98531.35,5.42,1.11,0,413,1,8,0,0,1,18168.17,1146.72,88678.22,119,13,2.2,13,1,0,0,0,0,0,2,2,0,0,-1,0,1,0
366.51,0.24,0.11,0,104,1,9,0,2,0,1498.63,195.6,3441.08,189,5,4.2,4,0,1,0,0,0,1,0,1,0,0,-1,0,1,0
68633.14,2.81,0.94,0,175,1,10,0,0,3,24399.24,413.62,73197.71,46,16,1.9,3,0,0,0,0,0,0,1,1,0,0,-1,0,2,0
256.94,0.13,0.03,0,278,1,22,0,2,3,1936.03,680.29,7652.5,192,13,3.2,9,0,0,0,0,0,0,0,0,0,0,-1,0,1,0
56066.86,46.14,23.04,1,0,0,23,0,4,5,1215.18,253.6,2433.66,94,4,6.2,5,1,0,1,0,1,0,3,5,0,0,-1,0,2,1
57687.78,2.44,0.81,0,469,1,15,0,4,0,23664.7,317.31,70994.1,295,6,0.9,9,0,1,0,0,0,0,2,1,0,0,-1,0,1,0
9977.31,4.63,0.97,0,50,0,23,0,3,1,2155.2,635.33,10321.18,11,11,2.9,6,1,0,0,0,0,0,2,0,0,0,-1,0,1,0
30453.75,11.04,4.79,1,0,0,6,0,7,5,2759.03,188.4,6362.64,147,5,4.9,8,1,0,1,0,0,0,2,5,0,0,-1,0,1,1
297.89,0.19,0.06,1,360,1,11,0,1,3,1532.18,380.8,5156.89,98,4,2.6,10,0,1,0,0,0,0,0,0,0,0,-1,0,2,0
182.86,0.13,0.05,0,14,1,14,0,3,0,1383.3,494.41,3414.39,148,5,0.6,5,0,0,0,1,0,1,2,2,0,0,-1,0,1,0
13407.82,6.08,1.81,0,13,0,10,0,3,1,2204.83,380.63,7403.04,23,5,6.6,0,0,1,1,0,0,0,1,3,1,2,26,1,1,1
4726.98,1.22,0.36,1,3,0,17,0,1,1,3860.17,336.24,13071.6,28,4,1.9,12,0,1,0,0,0,0,1,3,1,3,6,1,5,1
2047.74,1.03,0.38,1,90,0,23,0,1,1,1979.92,672.8,5398.98,245,15,0.7,14,1,0,0,0,0,0,2,0,0,0,-1,0,0,0
631.01,0.49,0.13,0,321,1,12,0,1,2,1279.97,2036.61,5028.96,58,5,6.8,9,0,1,1,0,0,0,0,0,0,0,-1,0,0,0
304.41,0.15,0.05,0,349,1,8,0,1,0,1986.9,638.18,6358.24,131,15,7.1,4,1,1,1,0,0,0,0,2,0,0,-1,0,0,0
569.18,0.5,0.12,0,29,1,0,0,4,2,1144.7,1279.58,4691.68,106,3,3.7,4,0,1,0,0,0,0,0,2,0,0,-1,0,1,0
861.36,1.19,0.24,0,88,1,0,0,1,2,723.32,1159.87,3572.66,228,12,2.3,5,1,1,0,0,0,0,0,1,0,0,-1,0,1,0
319.76,0.22,0.06,0,299,0,14,0,4,1,1437.52,314.71,5259.31,82,11,2.4,9,0,0,0,0,0,0,2,2,0,0,-1,0,2,0
7430.63,4.53,1.0,0,61,1,21,0,4,2,1640.36,1147.73,7408.2,234,15,7.0,13,1,0,0,0,1,0,1,1,0,0,-1,0,1,0
27330.13,1.42,0.47,0,636,1,13,0,2,1,19211.95,400.31,57635.86,269,6,6.0,12,0,1,0,0,0,0,2,0,0,0,-1,0,1,0
898.46,0.79,0.29,1,54,0,10,1,5,1,1137.44,473.22,3105.7,160,7,1.9,2,0,0,0,0,0,0,2,2,0,0,-1,0,2,0
54846.63,26.16,10.77,1,0,0,19,0,3,2,2096.37,699.2,5092.9,50,5,6.3,2,0,0,0,0,1,0,2,4,0,0,-1,0,1,1
4164.94,1.74,0.43,0,84,0,2,0,4,1,2392.06,694.74,9654.57,4,6,1.9,10,1,1,0,0,0,0,1,0,0,0,-1,0,1,0
9819.49,7.68,2.77,1,0,0,17,0,4,2,1278.13,297.27,3538.72,96,18,5.4,11,1,0,1,1,0,0,4,3,0,0,-1,0,2,1
12844.62,4.5,1.4,0,35,0,7,0,5,2,2851.64,437.07,9142.8,241,14,3.5,6,0,1,0,0,0,0,1,2,0,0,-1,0,0,0
420.26,0.3,0.07,0,267,1,19,0,1,2,1392.58,409.99,5965.55,79,8,2.4,2,0,0,0,0,0,0,0,1,0,0,-1,0,2,0
474.2,0.32,0.1,0,349,1,18,0,1,1,1459.44,1193.4,4965.86,202,6,3.0,11,0,1,0,0,0,0,2,2,0,0,-1,0,0,0
226.98,0.52,0.21,0,117,1,9,0,5,3,439.67,301.81,1091.74,73,7,4.2,5,0,1,1,0,0,0,1,0,0,0,-1,0,2,0
40204.43,35.27,18.57,1,0,0,23,0,1,1,1139.78,671.48,2164.55,120,3,0.5,12,0,1,0,0,0,0,2,4,0,0,-1,0,0,1
354.0,0.33,0.14,0,29,1,17,0,3,0,1088.48,1049.68,2585.11,108,20,1.8,2,0,1,0,0,0,0,2,0,0,0,-1,0,0,0
372.09,0.35,0.11,0,92,0,6,0,1,2,1075.55,212.63,3343.79,89,19,2.3,3,0,0,0,0,1,0,1,2,0,0,-1,0,0,0
1721.26,3.02,1.47,0,245,1,6,0,1,3,570.18,1742.62,1171.31,27,12,4.5,8,0,1,1,0,0,0,0,0,0,0,-1,0,1,0
309.7,0.41,0.19,0,99,1,6,0,5,0,753.84,1182.55,1642.61,58,16,6.8,11,1,1,0,0,0,0,1,0,0,0,-1,0,2,0
74510.56,48.73,18.32,1,0,0,10,0,2,1,1529.18,513.64,4066.82,196,8,1.8,12,0,1,0,0,0,0,1,4,0,0,-1,0,2,1
473.37,0.49,0.1,1,356,1,11,0,5,0,956.78,1338.07,4647.96,169,16,7.3,4,0,1,1,0,0,0,1,0,0,0,-1,0,2,0
56595.16,2.62,0.87,0,357,1,14,0,3,2,21631.01,368.55,64893.02,100,19,3.8,13,0,1,0,0,0,0,1,1,0,0,-1,0,1,0
78141.68,39.11,17.82,1,0,0,4,0,2,3,1998.0,366.87,4384.17,79,11,4.3,0,1,1,0,0,0,0,1,1,0,0,-1,0,3,1
9194.48,3.96,0.89,1,81,0,14,0,1,0,2321.09,777.89,10324.0,53,2,7.8,11,1,1,0,0,0,0,1,1,0,0,-1,0,0,0
1127.42,0.59,0.14,0,342,1,6,0,4,3,1900.42,197.14,7954.4,156,19,4.2,5,0,0,0,0,0,0,2,2,0,0,-1,0,0,0
672.81,0.49,0.15,0,124,1,23,1,4,0,1377.54,231.12,4433.43,28,4,8.0,7,1,0,0,0,0,0,2,1,0,0,-1,0,0,0
111043.62,4.45,1.11,0,195,1,22,0,0,1,24934.55,169.6,99939.26,274,7,4.0,9,0,1,0,0,0,0,2,0,0,0,-1,0,1,0
239.06,0.26,0.05,0,82,1,3,0,3,3,937.27,837.13,4502.86,177,5,7.9,5,0,1,0,0,0,0,1,1,0,0,-1,0,0,0
54107.21,48.35,16.97,1,0,0,17,0,1,0,1119.09,288.47,3188.86,122,17,5.0,3,1,1,0,0,0,0,2,1,0,0,-1,0,0,1
28726.01,7.61,1.54,1,82,1,13,0,1,0,3774.31,1624.19,18711.3,125,11,6.1,6,0,0,0,0,0,0,0,2,0,0,-1,0,0,0
621.42,1.28,0.3,0,71,1,12,0,0,3,483.81,429.39,2066.57,155,3,5.9,9,1,1,0,0,0,0,0,1,0,0,-1,0,2,0
589.17,0.49,0.16,0,307,0,12,0,0,3,1195.34,975.59,3633.07,150,13,1.4,12,0,0,0,0,0,0,1,2,0,0,-1,0,0,0
29084.07,8.61,4.05,1,35,0,0,0,4,2,3379.15,614.33,7175.82,91,19,2.0,1,0,1,0,0,0,0,1,2,0,0,-1,0,0,0
16557.51,22.08,10.58,1,0,0,12,0,4,0,749.99,277.34,1564.65,57,8,2.8,1,0,1,0,0,0,0,0,2,0,0,-1,0,3,1
1230.16,0.69,0.34,0,163,1,4,1,2,0,1789.59,385.72,3669.68,4,7,7.4,2,0,1,0,0,0,0,0,0,0,0,-1,0,2,0
18948.53,1.31,0.44,0,296,1,4,0,3,2,14444.54,233.03,43333.62,261,10,1.4,6,1,0,1,0,0,0,0,2,0,0,-1,0,0,0
59622.29,26.64,10.27,1,0,0,3,0,6,4,2237.89,254.37,5808.03,78,6,0.7,14,1,0,1,1,0,0,4,4,0,0,-1,0,1,1
584.88,0.3,0.09,1,60,1,3,0,4,3,1922.51,430.08,6687.57,241,12,0.9,8,0,1,0,0,0,0,0,2,0,0,-1,0,2,0
35686.14,36.24,13.18,1,0,0,13,1,2,3,984.78,833.39,2706.66,48,4,5.9,4,0,0,1,0,0,0,1,4,0,0,-1,0,1,1
936.11,1.51,0.56,0,9,1,12,0,3,1,620.56,1447.94,1659.48,134,14,3.2,0,0,1,0,0,0,0,1,1,0,0,-1,0,0,0
547.92,1.24,0.36,0,249,1,15,0,3,3,442.75,2063.99,1507.41,156,15,1.2,6,0,1,0,0,0,0,1,2,0,0,-1,0,2,0
80717.91,5.58,1.11,0,499,1,5,0,0,2,14477.27,682.95,72646.12,144,11,2.2,6,0,1,0,0,0,0,1,2,0,0,-1,0,2,0
117.62,0.09,0.04,0,144,1,11,0,5,0,1302.6,1168.42,3315.4,51,13,5.1,3,0,0,0,0,0,0,0,2,0,0,-1,0,2,0
707.76,0.44,0.2,0,87,0,9,1,4,2,1611.82,387.83,3453.62,18,4,7.0,7,0,0,1,0,0,0,0,1,0,0,-1,0,2,0
21974.82,6.23,2.34,1,66,0,18,1,1,0,3525.35,2059.48,9405.58,194,4,3.8,3,0,0,0,0,0,0,2,2,0,0,-1,0,0,0
11809.92,3.22,0.66,0,25,0,6,0,2,2,3670.86,754.0,18002.78,230,18,3.8,1,0,1,0,0,0,0,0,0,0,0,-1,0,0,0
55773.3,14.33,6.51,0,6,0,8,0,2,2,3892.04,543.5,8570.62,207,8,2.9,6,0,1,0,0,0,0,0,2,1,3,43,1,2,1
614.93,0.72,0.14,1,62,1,8,0,3,0,851.19,141.39,4249.45,19,3,3.8,10,0,1,0,0,0,0,2,2,0,0,-1,0,0,0
1142.7,1.47,0.33,0,105,1,7,0,1,0,775.37,481.82,3423.56,136,9,2.7,2,1,1,0,0,0,0,0,1,0,0,-1,0,2,0
10804.19,8.45,3.18,1,0,0,17,0,3,1,1278.96,3267.95,3393.51,125,8,4.0,6,0,0,0,0,0,0,0,3,0,0,-1,0,2,1
969.16,1.07,0.32,0,97,1,4,0,0,3,905.07,985.35,2994.31,4,3,0.7,9,0,1,0,0,0,0,2,2,0,0,-1,0,0,0
56205.54,32.44,11.39,1,0,0,9,0,4,0,1732.67,307.26,4933.83,92,2,2.4,10,0,0,0,0,0,0,1,1,0,0,-1,0,3,1
27419.06,5.38,1.11,0,329,1,15,0,4,0,5094.47,476.45,24677.15,259,8,4.5,1,0,0,0,0,0,0,2,1,0,0,-1,0,1,0
22519.48,11.84,2.58,1,37,1,3,0,3,2,1902.3,183.94,8735.53,217,13,0.9,2,0,0,0,0,0,0,1,0,0,0,-1,0,1,0
20864.83,6.18,2.13,0,55,0,9,0,2,0,3373.59,258.16,9812.32,216,20,6.5,10,0,1,0,0,0,0,1,2,0,0,-1,0,0,0
657.07,1.49,0.69,1,51,1,1,0,5,0,441.5,629.69,954.15,17,17,6.7,0,0,0,0,0,0,0,2,1,0,0,-1,0,0,0
96936.07,14.69,1.11,0,512,1,14,1,1,1,6596.79,214.22,87242.46,117,18,0.6,9,1,0,0,0,0,0,2,2,0,0,-1,0,2,0
952.07,0.55,0.12,0,236,1,16,0,4,1,1729.07,432.88,7735.93,103,3,2.5,6,0,1,0,0,0,0,2,0,0,0,-1,0,2,0
220.48,0.17,0.05,1,155,1,15,0,4,3,1317.95,480.62,4447.16,167,16,4.4,8,0,1,0,0,0,0,1,1,0,0,-1,0,1,0
139.95,0.44,0.13,0,321,1,23,0,1,1,315.54,176.02,1109.82,128,7,7.4,8,0,1,1,0,0,0,0,1,0,0,-1,0,2,0
43919.19,18.73,9.34,1,0,0,4,0,8,4,2344.56,402.78,4702.11,230,12,4.0,6,1,0,1,0,1,0,2,4,0,0,-1,0,1,1
5907.87,1.74,0.71,1,82,0,19,0,4,0,3395.54,743.75,8325.44,223,7,5.3,2,0,0,0,0,0,0,1,1,0,0,-1,0,0,0
512.34,0.29,0.12,0,33,1,6,0,1,2,1754.93,151.31,4331.43,32,20,3.9,2,0,1,0,0,0,0,0,0,0,0,-1,0,2,0
76427.26,38.86,18.13,0,6,0,20,0,4,1,1966.48,1844.63,4214.6,131,18,4.9,3,0,1,0,0,0,0,1,0,1,3,34,1,1,1
13418.03,2.83,0.8,1,63,1,5,0,5,3,4734.69,563.66,16779.3,26,3,0.7,8,0,0,1,0,0,0,0,1,0,0,-1,0,1,0
530.87,0.48,0.11,1,333,1,6,0,3,2,1117.5,500.89,4851.26,133,10,4.2,1,0,1,0,0,0,0,1,2,0,0,-1,0,2,0
37357.17,47.62,19.34,1,0,0,6,1,6,3,784.48,330.27,1931.91,109,3,3.8,4,1,0,1,1,0,0,3,2,0,0,-1,0,2,1
10191.69,4.61,1.7,1,0,0,14,1,4,4,2212.55,151.24,5987.61,81,6,5.4,11,1,0,1,1,0,0,5,2,0,0,-1,0,2,1
12582.43,3.29,1.04,0,6,0,12,0,5,3,3820.34,277.19,12065.53,70,19,0.9,8,1,0,1,0,0,0,2,2,0,0,-1,0,0,0
38462.65,11.72,4.05,0,1,0,17,0,3,2,3282.21,1064.14,9488.38,219,18,2.9,5,0,1,0,0,0,0,0,0,1,2,32,1,3,1
16825.07,6.8,2.06,0,74,1,15,0,0,3,2473.71,1242.38,8179.24,119,18,5.1,13,0,0,1,0,0,0,1,2,0,0,-1,0,1,0
1753.3,1.05,0.47,0,229,1,18,0,5,3,1665.44,209.38,3739.18,172,15,5.2,1,0,1,0,0,0,0,2,2,0,0,-1,0,1,0
91419.43,29.34,7.95,0,11,0,6,0,0,0,3115.58,731.55,11496.35,168,12,4.9,11,1,1,0,0,0,0,2,2,1,3,31,0,5,1
54734.31,58.09,24.03,1,0,0,6,0,1,1,942.21,194.13,2277.3,25,4,1.4,5,1,0,1,0,0,0,0,4,0,0,-1,0,3,1
47526.74,23.11,12.18,1,0,0,23,0,1,3,2056.3,183.23,3900.98,71,2,1.7,2,1,1,0,0,0,0,0,2,0,0,-1,0,2,1
1049.03,0.72,0.22,0,28,1,0,1,0,0,1450.5,215.47,4754.73,174,17,1.6,1,0,1,0,0,0,0,1,1,0,0,-1,0,0,0
140272.48,6.92,1.11,0,671,1,9,0,2,1,20281.0,232.94,126245.23,59,19,2.4,14,1,1,1,0,0,0,1,2,0,0,-1,0,1,0
400.08,0.26,0.07,0,74,1,20,0,1,0,1565.97,274.83,5343.23,58,7,7.6,11,0,1,0,0,0,0,2,2,0,0,-1,0,1,0
32047.77,17.64,7.42,1,0,0,4,0,5,0,1816.57,1426.23,4319.31,206,8,3.7,7,0,0,1,0,0,0,2,4,0,0,-1,0,0,1
565.97,0.31,0.11,0,313,0,18,0,5,2,1806.5,205.76,5030.43,180,16,4.4,10,1,1,0,0,0,0,0,1,0,0,-1,0,2,0
95481.07,46.34,15.63,1,14,0,17,0,0,3,2060.25,568.19,6108.6,240,11,4.2,0,0,0,0,0,0,0,2,3,1,2,20,1,3,1
557.43,0.3,0.12,0,327,1,23,0,0,3,1864.85,214.65,4591.74,179,17,2.9,4,1,0,0,0,0,0,1,0,0,0,-1,0,2,0
649.04,0.39,0.08,0,48,1,11,0,4,1,1659.03,675.29,8076.75,4,3,7.5,2,0,0,0,0,0,0,1,1,0,0,-1,0,0,0
10827.06,3.05,0.61,0,72,1,16,0,3,3,3548.38,169.3,17694.17,176,18,2.5,8,0,0,1,0,1,0,2,2,0,0,-1,0,1,0
29832.79,11.01,2.74,0,75,1,19,0,0,0,2709.04,1170.26,10901.22,158,18,0.7,5,0,0,0,0,0,0,0,1,0,0,-1,0,1,0
310.76,0.19,0.05,1,266,0,18,0,4,2,1599.84,394.1,6405.67,5,19,1.8,12,0,1,0,0,0,0,0,0,0,0,-1,0,0,0
3584.87,0.79,0.17,0,60,0,14,0,1,1,4547.73,311.98,20591.85,60,20,1.5,2,0,0,0,0,0,0,0,2,0,0,-1,0,0,0
49044.43,5.93,1.11,0,591,1,23,0,4,3,8266.48,185.39,44139.99,86,11,0.8,7,0,1,0,0,0,0,1,2,0,0,-1,0,0,0
18911.27,3.87,0.95,1,8,0,2,0,0,0,4880.85,780.38,19919.04,71,4,3.7,9,0,0,1,0,0,0,0,0,0,0,-1,0,1,0
227.91,0.21,0.06,0,267,1,7,0,0,0,1083.86,5771.56,3806.57,118,15,6.1,14,0,0,0,0,0,0,1,1,0,0,-1,0,2,0
31197.31,22.22,8.52,1,0,0,2,0,3,3,1403.78,530.34,3660.83,88,17,4.5,9,1,0,1,1,0,0,5,3,0,0,-1,0,1,1
2800.76,1.07,0.43,0,52,0,14,1,4,0,2609.24,159.2,6542.66,67,10,7.3,4,1,0,0,0,1,0,2,2,0,0,-1,0,0,0
91010.04,37.84,10.6,0,12,0,6,0,4,1,2405.15,182.51,8583.63,141,9,2.4,10,0,1,0,0,0,0,1,3,1,4,27,0,6,1
638.52,1.14,0.25,0,278,1,10,0,3,1,561.55,853.35,2538.51,202,10,5.0,6,1,0,0,0,0,1,1,1,0,0,-1,0,0,0
36028.2,21.96,9.56,0,7,0,2,0,3,2,1640.33,584.68,3769.63,20,8,2.3,0,0,0,0,1,0,1,1,3,1,3,33,1,6,1
1050.23,0.77,0.23,0,10,1,6,0,4,3,1357.66,861.46,4582.34,199,11,6.8,1,0,1,0,0,0,0,1,0,0,0,-1,0,0,0
3256.46,2.26,0.78,1,81,1,17,0,1,1,1440.44,303.47,4191.38,66,11,6.4,5,0,0,0,0,0,0,2,2,0,0,-1,0,1,0
82.35,0.07,0.04,0,114,1,7,0,5,1,1110.51,728.08,2225.09,99,6,4.3,9,1,0,0,0,0,0,0,2,0,0,-1,0,2,0
78858.41,48.59,18.52,1,0,0,17,0,1,2,1623.05,146.79,4256.96,103,17,5.9,12,0,1,0,1,1,0,0,2,0,0,-1,0,0,1
21200.86,5.06,1.17,0,73,0,18,0,3,1,4193.51,264.51,18044.99,137,20,1.8,0,0,0,0,0,0,0,1,0,0,0,-1,0,1,0
33223.84,20.12,7.17,1,0,0,2,0,2,1,1651.32,1231.07,4636.15,40,18,6.5,13,1,0,0,0,0,0,2,4,0,0,-1,0,0,1
56348.69,22.85,8.15,1,11,0,12,0,0,2,2465.55,188.19,6916.43,109,8,7.1,0,1,0,0,0,0,1,2,2,1,4,25,0,6,1
134.64,0.08,0.02,0,23,1,3,0,4,1,1613.85,1503.73,7782.43,155,14,1.6,11,1,1,0,0,0,0,2,0,0,0,-1,0,2,0
26617.16,8.61,2.74,0,23,0,0,0,1,1,3090.86,1565.72,9700.93,114,6,1.6,4,0,0,0,0,0,1,0,2,0,0,-1,0,1,0
274.61,0.15,0.04,0,198,1,13,0,1,3,1820.88,281.74,6157.76,131,3,6.8,2,0,1,0,0,0,0,2,2,0,0,-1,0,2,0
3157.21,0.68,0.18,1,46,0,20,0,1,3,4656.63,1203.26,17594.04,14,17,0.9,7,0,1,0,0,0,1,2,0,0,0,-1,0,0,0
865.47,0.75,0.34,0,277,1,23,0,2,0,1149.23,1006.1,2572.14,89,19,1.3,0,0,1,1,1,0,0,2,1,0,0,-1,0,1,0
43538.22,12.64,3.74,0,13,0,21,0,3,1,3444.01,204.07,11644.54,125,18,2.1,9,0,1,0,0,1,0,1,2,1,4,14,1,1,1
639.67,1.17,0.24,0,32,1,5,0,3,2,546.66,874.13,2611.25,79,10,2.2,13,0,1,0,0,0,0,1,0,0,0,-1,0,0,0
3359.05,2.93,0.66,0,25,0,4,0,3,2,1148.11,420.15,5100.09,136,14,7.2,3,1,1,0,0,0,0,0,2,0,0,-1,0,1,0
423.56,0.85,0.18,1,39,1,17,1,0,3,497.94,405.33,2308.36,196,2,6.4,6,0,1,0,0,0,0,1,0,0,0,-1,0,1,0
34750.69,1.7,0.57,0,691,1,20,0,3,3,20429.71,260.77,61289.14,263,12,4.2,4,0,0,0,0,0,0,0,1,0,0,-1,0,1,0
12118.27,11.14,5.01,0,23,1,15,0,4,2,1087.48,175.11,2417.86,185,2,6.3,10,1,0,1,0,0,1,1,1,0,0,-1,0,0,0
16117.23,3.48,1.52,1,13,0,9,0,5,2,4632.95,1437.02,10630.59,101,8,5.3,11,0,0,0,0,0,0,1,1,0,0,-1,0,1,0
47451.44,2.81,0.94,0,552,1,11,0,0,1,16907.91,299.19,50723.74,222,19,1.1,10,1,0,0,0,0,0,2,2,0,0,-1,0,0,0
880.09,1.13,0.29,0,150,1,19,1,3,2,780.74,191.21,3060.7,10,18,5.5,12,0,0,0,0,0,0,1,0,0,0,-1,0,1,0
1145.33,1.15,0.41,0,243,1,11,0,1,2,992.01,816.1,2791.82,77,13,5.0,4,0,0,1,0,1,0,1,0,0,0,-1,0,0,0
334.67,0.24,0.11,0,270,1,12,1,3,1,1421.27,853.04,3140.92,87,20,7.7,10,0,0,0,0,0,0,2,1,0,0,-1,0,0,0
108.76,0.07,0.02,1,188,0,17,0,3,2,1466.74,776.32,6200.85,246,3,4.3,1,0,1,0,0,0,0,2,0,0,0,-1,0,0,0
601.73,0.35,0.17,0,171,0,12,0,0,3,1725.48,284.25,3598.86,9,14,4.4,1,0,1,0,0,0,0,0,0,0,0,-1,0,1,0
31771.26,2.56,0.85,0,402,1,3,0,5,0,12388.2,789.55,37164.6,284,18,3.4,0,0,1,1,0,0,0,1,2,0,0,-1,0,0,0
37144.88,52.61,19.63,1,0,0,3,0,4,0,706.03,1757.37,1891.92,247,2,5.6,8,1,0,1,1,0,1,0,4,0,0,-1,0,1,1
333.33,0.23,0.07,0,11,1,23,0,1,1,1445.99,372.76,4777.91,30,17,3.0,1,1,1,1,0,0,0,0,2,0,0,-1,0,1,0
54949.17,22.0,7.56,1,0,0,6,0,4,4,2497.72,990.51,7270.21,230,13,6.5,8,1,0,1,1,0,0,3,4,0,0,-1,0,0,1
124786.07,7.31,1.11,0,425,1,7,0,4,1,17068.37,348.27,112307.46,185,10,6.8,4,0,0,0,0,0,0,2,0,0,0,-1,0,2,0
9058.01,5.51,1.67,0,42,1,19,0,5,0,1644.61,144.23,5426.29,61,10,6.7,6,0,0,0,0,0,0,2,2,0,0,-1,0,1,0
56043.4,38.04,12.74,1,0,0,4,0,4,4,1473.29,404.05,4398.05,31,14,3.9,6,1,0,1,0,1,0,5,4,0,0,-1,0,2,1
2571.6,1.72,0.39,0,44,1,4,1,4,2,1493.85,2191.12,6584.51,127,15,3.1,14,0,0,0,0,0,0,2,2,0,0,-1,0,2,0
16397.49,9.3,1.91,0,90,0,10,0,2,3,1762.63,246.32,8576.73,65,13,1.8,1,0,0,1,0,0,0,0,1,0,0,-1,0,1,0
27058.84,15.82,3.55,0,64,1,16,0,5,1,1710.38,1749.98,7629.78,53,20,1.9,4,1,1,0,0,0,0,1,0,0,0,-1,0,0,0
324.45,0.34,0.12,1,347,1,13,0,3,2,944.38,786.52,2722.95,231,3,1.9,2,1,1,0,0,0,0,2,2,0,0,-1,0,2,0
48819.88,17.82,7.66,0,4,0,3,0,2,0,2739.63,783.87,6375.86,201,19,0.9,9,0,1,0,0,0,0,0,0,1,4,58,0,5,1
433.73,0.62,0.14,1,144,1,22,0,2,0,697.75,217.44,3165.72,229,5,5.1,2,0,1,0,0,0,0,0,1,0,0,-1,0,0,0
59307.64,8.59,1.11,0,549,1,4,1,5,1,6906.33,435.28,53376.88,218,17,5.1,4,0,0,0,0,0,0,2,2,0,0,-1,0,1,0
98.58,0.07,0.02,0,306,1,19,0,5,1,1442.7,2008.19,5495.12,129,13,0.8,7,0,0,0,0,0,0,2,2,0,0,-1,0,2,0
14208.59,23.8,11.72,1,0,0,22,0,5,2,597.12,160.91,1212.27,130,5,4.9,12,1,0,1,1,1,0,4,5,0,0,-1,0,0,1
90.0,0.1,0.02,0,166,0,23,0,1,1,903.61,942.08,4053.2,73,12,5.9,2,1,1,0,0,0,1,2,2,0,0,-1,0,1,0
3425.53,5.27,1.51,1,272,0,2,0,4,3,650.39,968.69,2269.22,158,4,6.7,4,0,1,0,0,0,0,1,2,0,0,-1,0,1,0
50961.21,54.02,24.05,1,0,0,21,0,7,3,943.41,389.45,2119.09,11,9,5.6,6,1,0,1,1,0,0,2,1,0,0,-1,0,1,1
5587.3,3.6,1.13,1,31,1,18,0,3,2,1553.43,2229.92,4926.78,60,8,6.2,14,1,1,0,0,0,0,1,1,0,0,-1,0,0,0
10294.93,3.35,1.03,1,30,0,13,0,3,0,3071.74,421.67,10034.75,203,5,6.5,0,1,1,0,0,0,0,0,2,0,0,-1,0,0,0
591.19,1.0,0.27,1,73,1,4,0,5,1,593.89,161.15,2155.86,233,16,5.9,4,1,0,0,0,0,0,2,0,0,0,-1,0,1,0
37801.69,76.45,29.98,0,4,0,20,0,0,2,494.47,751.51,1260.92,135,18,4.2,14,0,1,0,0,0,0,1,2,1,4,31,1,6,1
55266.54,36.89,14.43,1,0,0,21,0,6,3,1498.28,1263.31,3829.13,115,2,7.0,7,1,0,1,0,0,0,2,3,0,0,-1,0,1,1
460.87,0.44,0.09,0,345,1,0,0,5,1,1035.86,237.85,5015.61,245,7,2.1,0,1,1,0,0,1,0,1,2,0,0,-1,0,0,0
527.22,0.45,0.12,0,115,1,19,0,2,3,1163.91,445.54,4358.21,98,17,7.6,4,0,0,0,0,0,0,0,2,0,0,-1,0,1,0
24720.64,22.58,9.5,0,13,1,19,0,0,3,1094.7,912.44,2603.21,133,8,7.7,2,1,0,0,0,0,0,0,1,0,0,-1,0,1,0
2756.94,1.86,0.68,0,51,0,13,0,2,1,1482.15,808.16,4042.73,119,2,5.4,5,1,0,0,0,0,1,2,2,0,0,-1,0,0,0
3728.31,2.97,1.13,0,46,0,3,0,1,2,1254.76,1011.65,3294.86,92,9,1.2,11,0,1,0,0,0,0,2,2,0,0,-1,0,0,0
1213.16,0.94,0.26,0,245,1,2,0,5,2,1287.27,515.62,4675.84,231,8,7.1,11,1,1,0,0,0,0,0,1,0,0,-1,0,0,0
233.8,0.17,0.07,0,279,1,4,0,3,3,1415.68,307.44,3378.35,22,18,6.5,9,1,1,0,0,0,0,2,1,0,0,-1,0,0,0
20520.4,4.7,0.97,1,52,0,6,0,5,3,4369.05,1010.6,21190.45,55,4,5.3,11,1,0,0,0,0,0,0,0,0,0,-1,0,1,0
16896.39,3.53,0.71,0,67,0,3,1,5,1,4779.91,2293.89,23817.53,250,19,2.8,3,1,1,0,0,0,0,2,2,0,0,-1,0,0,0
40941.46,29.1,13.51,1,0,0,5,0,4,3,1406.95,376.73,3029.48,174,14,5.2,12,1,0,1,1,0,0,4,5,0,0,-1,0,1,1
87232.37,26.17,6.83,1,2,0,8,0,3,2,3333.35,459.95,12774.08,20,15,3.3,3,0,1,0,0,0,0,2,3,1,4,15,1,5,1
15973.75,4.33,1.08,0,27,0,5,0,3,1,3691.65,387.87,14783.36,53,4,5.8,12,1,0,0,0,0,0,1,2,0,0,-1,0,1,0
77977.1,3.89,1.11,0,407,1,13,0,4,0,20036.75,797.94,70179.39,63,16,7.5,1,0,1,0,0,0,0,1,1,0,0,-1,0,1,0
260.86,0.14,0.04,0,14,1,20,0,3,2,1914.39,588.54,7328.15,119,12,7.9,13,0,1,0,0,0,0,2,0,0,0,-1,0,0,0
593.77,1.06,0.36,0,130,1,11,0,3,3,559.1,662.7,1671.48,187,17,6.2,5,0,1,0,0,0,0,0,1,0,0,-1,0,2,0
86316.24,52.41,13.76,0,10,0,5,0,4,3,1646.95,612.08,6272.22,191,16,6.1,10,1,1,0,0,0,0,2,1,1,3,23,1,1,1
77.06,0.05,0.02,0,145,1,10,0,5,1,1629.58,364.73,3374.89,217,5,4.2,4,0,1,0,0,0,0,2,1,0,0,-1,0,1,0
68633.03,24.1,9.41,0,14,0,13,0,2,2,2847.74,722.88,7297.3,78,5,5.5,14,0,0,0,0,0,0,1,1,1,4,52,1,5,1
1001.42,1.09,0.35,1,85,0,8,0,2,2,916.25,488.27,2845.19,49,4,2.3,10,0,0,0,0,0,0,1,0,0,0,-1,0,1,0
4131.11,1.51,0.72,0,10,0,6,0,5,2,2744.57,622.59,5716.46,62,20,7.0,13,0,1,0,0,0,0,1,3,1,3,24,1,1,1
203.96,0.11,0.03,1,224,1,23,0,4,0,1819.57,279.56,6476.69,87,19,2.9,5,1,1,0,0,0,0,1,0,0,0,-1,0,2,0
15921.39,4.52,1.35,1,4,0,2,0,4,3,3521.64,343.32,11829.68,42,20,6.6,10,0,1,0,0,0,0,2,2,1,2,44,0,2,1
16909.9,10.75,4.71,1,0,0,7,0,4,4,1572.5,173.83,3588.18,145,12,2.3,14,1,0,1,1,1,0,4,2,0,0,-1,0,1,1
830.89,0.81,0.28,0,336,1,16,0,1,1,1028.19,1499.68,2998.26,220,16,6.3,2,0,1,0,0,0,0,2,2,0,0,-1,0,1,0
17139.91,4.22,2.07,0,40,0,2,0,4,2,4063.4,502.95,8295.16,104,4,6.9,7,0,1,0,0,0,1,2,0,0,0,-1,0,0,0
146770.32,6.6,1.11,0,556,1,8,0,2,2,22249.43,211.35,132093.29,122,4,5.6,9,0,1,0,0,0,0,1,0,0,0,-1,0,1,0
13322.9,6.66,1.41,1,80,1,3,0,3,3,2001.52,171.41,9480.7,28,19,7.8,12,0,0,0,0,0,1,2,0,0,0,-1,0,1,0
455.22,0.87,0.27,0,291,1,16,0,0,0,524.31,3107.65,1702.04,143,18,2.0,8,0,0,0,0,0,0,2,1,0,0,-1,0,2,0
40118.01,19.4,7.1,1,0,0,16,0,5,0,2067.44,277.03,5652.29,194,4,0.7,9,0,1,0,0,0,0,1,2,0,0,-1,0,0,1
652.74,0.67,0.27,1,31,1,21,0,2,2,981.52,616.79,2449.43,189,15,8.0,11,0,1,1,1,0,0,0,1,0,0,-1,0,0,0
3030.17,3.14,0.98,0,8,1,1,0,1,3,964.96,852.17,3081.51,16,18,5.6,7,0,1,0,0,0,1,0,0,0,0,-1,0,1,0
109.6,0.15,0.04,0,7,1,20,0,3,2,710.27,192.75,2475.63,165,10,7.8,11,0,1,0,0,0,0,1,1,0,0,-1,0,2,0
55295.91,25.39,9.81,1,0,0,1,1,4,4,2177.58,1347.24,5634.89,183,5,3.0,3,1,0,1,0,0,0,4,1,0,0,-1,0,1,1
1338.04,1.41,0.31,0,354,1,11,0,1,0,948.31,682.26,4293.89,174,9,6.4,6,0,1,0,0,0,0,0,2,0,0,-1,0,1,0
24155.86,20.99,8.93,1,2,0,1,0,0,1,1150.99,499.65,2705.61,160,9,0.9,11,0,1,1,0,0,0,2,0,0,0,-1,0,0,0
277.08,0.16,0.05,0,347,1,23,0,2,0,1783.23,175.52,6106.75,166,7,4.9,8,1,0,0,0,0,0,0,1,0,0,-1,0,2,0
417.27,0.27,0.07,0,253,1,21,0,5,3,1573.45,611.19,5943.75,188,15,2.2,13,0,0,0,0,0,0,2,1,0,0,-1,0,2,0
783.83,0.71,0.16,0,8,0,14,0,5,1,1108.5,162.18,4925.24,239,17,7.2,14,0,0,0,0,0,0,1,1,0,0,-1,0,1,0
35720.82,18.15,7.79,1,0,0,2,0,5,3,1967.57,1002.31,4586.9,100,13,1.4,8,0,1,1,0,0,0,1,1,0,0,-1,0,0,1
25407.86,18.01,4.3,0,89,0,23,0,0,2,1410.4,464.32,5905.8,165,20,6.8,14,0,1,0,0,0,0,0,1,0,0,-1,0,1,0
9482.59,5.34,1.48,0,43,0,21,0,2,3,1775.47,354.18,6386.2,104,17,7.1,5,1,1,1,0,0,0,1,2,0,0,-1,0,0,0
1337.74,1.44,0.33,0,170,1,23,0,5,2,931.92,235.02,4000.33,182,15,7.1,2,0,1,0,0,0,0,1,1,0,0,-1,0,2,0
159.74,0.13,0.04,0,317,1,13,0,3,3,1245.16,411.01,4223.56,231,13,3.3,9,0,1,0,0,0,0,0,1,0,0,-1,0,2,0
25447.34,10.57,3.99,0,23,0,3,1,4,0,2407.23,364.94,6377.62,39,20,2.2,8,1,1,1,0,0,0,2,0,0,0,-1,0,1,0
1374.68,0.71,0.16,1,299,1,3,0,2,3,1938.99,376.7,8763.47,207,8,2.4,11,0,1,0,0,0,0,0,0,0,0,-1,0,1,0
419.54,0.23,0.05,0,275,1,19,0,4,1,1854.82,527.08,7997.76,144,17,5.8,5,0,1,0,0,0,0,2,1,0,0,-1,0,1,0
102745.85,5.25,1.11,0,381,1,13,0,5,1,19560.89,600.49,92471.27,287,20,6.6,1,0,1,0,1,0,0,0,2,0,0,-1,0,1,0
144629.37,8.09,1.11,0,354,1,4,1,3,0,17873.0,744.17,130166.43,144,4,7.8,10,0,1,0,0,0,1,1,1,0,0,-1,0,1,0
572.44,0.33,0.15,0,270,1,16,0,4,2,1718.58,214.05,3838.97,59,4,0.6,14,0,1,0,0,0,0,0,1,0,0,-1,0,1,0
769.78,2.11,0.62,0,93,1,10,0,1,3,365.64,342.66,1242.14,102,20,6.4,7,0,1,0,0,0,0,0,2,0,0,-1,0,0,0
545.97,0.33,0.08,0,163,1,1,1,3,1,1664.0,617.99,6815.39,231,20,5.2,11,1,1,0,0,0,0,2,0,0,0,-1,0,1,0
820.7,0.66,0.17,0,75,1,2,0,2,1,1243.15,874.63,4946.05,231,9,2.9,5,0,1,0,0,0,0,1,2,0,0,-1,0,1,0
406.83,0.56,0.15,1,87,1,20,0,5,0,732.29,510.28,2787.42,240,15,6.0,3,1,0,0,0,0,1,2,2,0,0,-1,0,2,0
658.78,0.81,0.26,1,359,0,3,0,5,0,808.99,431.09,2582.52,38,12,3.6,7,0,1,0,0,0,0,2,1,0,0,-1,0,2,0
16997.11,5.54,1.22,0,16,0,17,0,0,2,3069.29,440.65,13898.34,166,11,5.5,2,1,1,0,0,0,0,1,2,0,0,-1,0,0,0
4593.94,3.0,0.93,0,9,0,13,0,2,2,1533.31,352.84,4956.23,89,10,6.6,10,0,1,0,0,0,0,2,0,1,4,4,1,2,1
905.19,0.48,0.21,0,357,1,18,0,5,1,1871.71,833.62,4357.57,210,11,3.5,12,0,1,0,0,0,0,2,0,0,0,-1,0,2,0
418.92,0.24,0.06,0,290,1,21,0,1,2,1728.4,235.15,7524.89,119,12,6.6,9,0,1,0,0,0,1,2,0,0,0,-1,0,2,0
68036.56,55.11,20.32,1,0,0,8,1,5,0,1234.59,411.0,3347.93,229,18,1.8,1,0,1,0,0,0,0,0,3,0,0,-1,0,1,1
1471.17,2.22,0.67,0,11,1,9,0,0,2,663.13,675.56,2188.92,210,11,4.5,11,1,1,0,0,0,0,2,1,0,0,-1,0,2,0
8551.36,3.77,1.08,0,52,1,5,0,1,0,2270.7,648.55,7912.74,158,15,3.4,2,0,1,0,0,0,0,0,2,0,0,-1,0,0,0
72532.69,83.94,32.35,1,0,0,17,0,4,1,864.12,1198.73,2241.88,210,10,4.4,1,1,1,0,0,0,0,1,2,0,0,-1,0,3,1
234.31,0.24,0.09,0,321,1,1,0,0,1,981.6,154.97,2685.7,185,16,2.0,1,0,1,0,0,0,0,0,1,0,0,-1,0,2,0
125434.04,6.92,1.11,0,311,1,10,0,4,2,18118.6,425.75,112890.64,129,7,3.9,8,0,1,1,0,0,0,1,0,0,0,-1,0,1,0
33508.66,1.38,0.46,0,685,1,9,0,5,3,24300.22,567.91,72900.67,132,16,3.1,3,1,1,0,0,0,1,1,2,0,0,-1,0,2,0
27104.26,41.8,15.28,1,0,0,14,0,5,2,648.39,1545.89,1773.29,228,20,2.3,11,0,0,1,0,0,0,1,4,0,0,-1,0,1,1
575.2,0.67,0.16,0,83,0,18,0,4,1,861.96,241.92,3559.08,249,8,2.7,2,0,0,0,0,0,1,1,2,0,0,-1,0,0,0
115343.63,11.99,1.11,0,649,1,17,0,0,0,9620.35,152.82,103809.27,108,11,6.1,9,0,0,0,0,1,0,1,0,0,0,-1,0,0,0
25746.34,12.95,3.12,1,0,0,10,1,1,1,1988.03,2227.89,8261.33,75,10,7.5,11,1,0,0,0,0,0,0,1,0,0,-1,0,1,0
18298.68,8.76,3.3,0,82,0,11,0,2,2,2089.55,402.9,5538.75,104,13,8.0,11,1,1,0,0,0,0,0,0,0,0,-1,0,1,0
8155.95,4.68,2.18,1,0,0,22,1,4,2,1743.91,175.3,3744.32,194,2,4.9,14,0,1,0,0,0,1,2,4,0,0,-1,0,2,1
9226.34,3.98,1.19,0,26,0,9,0,1,2,2315.83,592.26,7775.2,110,7,4.2,10,0,0,0,0,0,0,2,1,0,0,-1,0,0,0
355.06,0.2,0.07,0,206,1,8,1,1,1,1797.28,1179.21,5455.01,144,2,1.0,13,0,0,0,0,0,0,1,2,0,0,-1,0,1,0
335.74,0.58,0.18,0,190,1,7,0,3,2,575.16,489.66,1886.16,170,8,0.6,6,0,1,0,0,1,0,2,2,0,0,-1,0,2,0
23616.27,14.02,6.66,0,53,0,10,0,0,0,1684.32,1133.17,3544.42,23,14,3.3,14,0,1,0,0,0,0,2,0,0,0,-1,0,0,0
420.15,0.31,0.07,0,239,1,1,0,2,2,1373.95,957.55,6092.78,94,4,3.1,11,0,1,0,0,1,0,2,0,0,0,-1,0,2,0
527.61,0.5,0.11,0,204,1,2,0,4,2,1053.24,2212.08,4604.67,91,7,5.6,2,0,1,0,0,0,0,2,0,0,0,-1,0,0,0
409.4,0.71,0.16,1,231,1,18,0,0,3,576.95,364.55,2486.9,165,12,1.2,6,1,0,0,0,0,0,1,2,0,0,-1,0,2,0
578.19,0.34,0.07,0,18,1,6,0,3,1,1708.95,344.74,8218.64,153,6,2.5,11,0,0,0,0,1,0,1,0,0,0,-1,0,0,0
132.11,0.3,0.13,0,90,1,17,1,3,0,439.16,562.16,1017.69,196,10,4.6,7,0,1,0,0,0,0,1,1,0,0,-1,0,2,0
950.72,0.48,0.21,0,199,1,2,0,3,0,1992.51,733.92,4568.4,44,9,5.4,11,0,0,0,0,0,0,2,0,0,0,-1,0,2,0
23059.29,6.21,1.89,0,13,0,18,0,4,0,3714.01,1105.85,12185.11,174,8,1.1,11,0,1,0,0,0,0,1,0,1,3,57,0,1,1
36085.0,1.77,0.59,0,255,1,6,0,4,3,20395.9,213.61,61187.7,80,17,5.8,12,0,0,0,0,0,0,2,2,0,0,-1,0,2,0
1309.78,1.2,0.34,0,98,1,5,0,2,3,1093.13,305.18,3823.11,219,13,3.2,10,1,1,0,0,0,1,0,2,0,0,-1,0,2,0
49413.23,6.9,1.11,0,247,1,23,0,1,0,7164.23,157.67,44471.91,243,14,3.2,8,0,1,0,0,0,0,0,0,0,0,-1,0,2,0
81.44,0.16,0.04,0,359,1,23,0,2,2,512.81,339.39,1822.37,110,11,6.7,3,0,0,0,0,0,0,2,2,0,0,-1,0,0,0
26084.72,8.39,3.27,1,15,1,11,0,4,2,3108.94,1026.93,7968.97,24,17,1.9,6,0,1,0,0,0,0,2,1,0,0,-1,0,0,0
13144.59,4.46,1.51,1,0,0,23,0,6,5,2946.58,336.94,8705.06,72,15,6.7,10,1,0,1,1,1,0,2,3,0,0,-1,0,0,1
722.84,2.29,0.56,0,171,1,0,0,4,3,315.58,534.64,1280.66,247,7,4.2,13,1,0,0,0,0,0,1,1,0,0,-1,0,1,0
127508.3,16.76,1.11,0,156,1,5,0,1,1,7609.41,1094.34,114757.47,287,9,5.5,0,0,0,0,0,0,0,0,1,0,0,-1,0,1,0
89565.69,3.61,1.11,0,199,1,19,0,4,0,24842.28,535.75,80609.12,72,17,1.5,9,0,1,0,0,1,0,1,2,0,0,-1,0,1,0
733.38,1.17,0.31,0,49,1,18,0,5,0,628.62,313.61,2338.52,246,12,6.7,5,0,1,0,0,0,0,0,2,0,0,-1,0,0,0
133299.31,10.26,1.11,0,372,1,15,0,1,2,12995.95,1157.27,119969.38,254,10,1.5,14,1,1,0,0,0,0,2,0,0,0,-1,0,1,0
116308.6,11.72,1.11,0,478,1,20,0,5,2,9921.82,188.75,104677.74,85,3,1.6,8,1,1,0,0,0,0,0,1,0,0,-1,0,1,0
65354.27,125.32,48.25,1,0,0,12,0,1,3,521.51,177.77,1354.62,40,10,2.6,8,1,0,0,0,0,0,0,2,0,0,-1,0,2,1
99761.22,46.21,22.08,0,2,0,13,0,0,2,2159.01,1017.16,4518.22,137,7,5.8,2,0,1,0,0,0,0,1,1,1,2,13,1,1,1
16450.81,3.87,1.24,0,14,1,16,0,5,1,4248.67,529.18,13312.11,173,15,4.1,11,1,1,1,0,0,0,0,0,0,0,-1,0,0,0
40612.75,4.92,1.11,0,450,1,23,0,5,3,8256.56,2172.91,36551.47,140,20,4.0,6,0,0,0,0,0,0,1,2,0,0,-1,0,0,0
58252.23,87.92,34.75,1,0,0,16,0,5,3,662.56,352.77,1676.16,213,6,3.1,6,1,0,1,0,1,0,4,3,0,0,-1,0,2,1
288.02,0.31,0.1,1,37,1,10,0,2,0,942.61,975.0,2851.21,162,7,2.3,13,0,0,0,0,0,0,2,2,0,0,-1,0,2,0
99730.36,14.49,1.11,0,106,1,16,0,5,2,6881.77,203.96,89757.32,190,8,5.2,12,0,0,0,0,0,0,1,0,0,0,-1,0,1,0
149.44,0.09,0.03,0,311,1,15,0,3,0,1666.65,1197.89,4763.31,59,13,1.1,0,1,1,0,0,0,0,0,2,0,0,-1,0,0,0
24808.16,5.01,1.04,0,48,0,23,0,2,0,4951.53,173.49,23868.61,95,18,0.7,10,1,1,0,0,0,0,1,2,0,0,-1,0,1,0
33365.37,15.98,7.14,1,0,0,1,0,4,3,2088.52,214.54,4671.9,128,12,4.9,7,1,0,1,0,0,0,2,3,0,0,-1,0,0,1
1568.74,1.1,0.24,0,300,1,11,0,2,0,1422.78,1170.28,6630.61,182,13,2.8,1,0,0,0,0,0,1,0,1,0,0,-1,0,1,0
48253.08,4.55,1.11,0,500,1,10,0,2,1,10613.22,1144.01,43427.77,190,17,7.0,1,0,1,0,0,0,0,0,0,0,0,-1,0,2,0
180.11,0.11,0.03,0,342,0,10,0,2,3,1685.59,500.04,5234.24,17,13,7.0,12,0,0,0,0,0,0,0,0,0,0,-1,0,2,0
261.42,0.19,0.06,0,308,1,13,0,0,3,1387.8,216.59,4690.3,225,6,5.4,8,0,1,0,0,0,0,1,0,0,0,-1,0,2,0
95834.14,37.71,10.32,0,7,0,15,0,5,0,2541.18,641.49,9284.03,109,17,2.4,1,0,1,0,0,0,0,0,3,1,2,10,1,3,1
390.21,0.2,0.06,0,315,1,10,0,5,0,1927.51,368.96,6620.13,95,9,1.0,1,1,1,0,0,0,0,1,2,0,0,-1,0,1,0
264.02,0.24,0.05,0,213,1,0,0,5,1,1111.49,523.67,5017.48,159,13,1.5,0,0,1,0,0,0,0,2,1,0,0,-1,0,1,0
746.18,0.56,0.14,1,198,1,11,0,1,2,1336.4,854.59,5203.57,23,20,6.7,4,1,0,0,0,0,0,1,0,0,0,-1,0,1,0
136805.76,5.83,1.11,0,162,1,17,0,3,1,23472.9,390.53,123125.18,236,11,6.2,3,0,1,1,0,0,0,0,0,0,0,-1,0,1,0
27235.12,11.65,2.73,0,28,1,3,0,4,1,2338.77,181.99,9973.65,93,10,7.1,2,1,0,0,0,0,0,1,0,0,0,-1,0,0,0
77803.25,96.33,35.2,1,0,0,11,1,1,2,807.71,213.37,2210.29,213,15,7.4,0,0,0,0,0,0,0,1,4,0,0,-1,0,1,1
29922.33,13.12,3.88,0,13,1,21,0,0,3,2280.79,309.16,7711.82,189,15,2.6,13,0,1,0,0,0,0,2,2,0,0,-1,0,0,0
29485.15,6.77,1.97,0,66,1,9,0,4,3,4356.87,489.67,14986.56,43,15,4.3,7,0,0,0,0,0,0,2,2,0,0,-1,0,1,0
21714.8,50.89,17.93,0,8,0,10,1,5,3,426.69,8930.81,1210.8,82,14,1.8,2,1,0,0,0,0,0,2,2,1,3,8,0,1,1
23937.61,5.09,1.07,0,19,0,14,0,4,2,4706.2,346.47,22303.27,222,8,5.0,3,0,1,0,0,1,0,1,2,0,0,-1,0,1,0
307.25,0.35,0.15,0,97,1,0,0,5,0,867.38,2264.09,2080.08,128,3,0.8,2,0,1,0,0,0,0,1,2,0,0,-1,0,1,0
6258.81,2.48,1.21,0,46,1,13,0,3,0,2523.76,422.26,5184.62,242,9,2.2,10,0,0,0,0,1,0,1,1,0,0,-1,0,0,0
993.74,0.6,0.13,1,122,1,18,0,4,0,1644.1,726.47,7922.68,75,16,6.8,9,0,1,0,0,1,0,1,0,0,0,-1,0,0,0
953.87,2.59,1.22,1,20,0,19,0,4,1,368.19,245.2,780.7,110,17,3.7,4,0,0,0,0,0,0,0,1,0,0,-1,0,2,0
411.89,0.26,0.06,0,305,1,0,0,2,2,1579.96,241.05,6808.62,56,11,3.7,9,1,1,0,0,0,1,1,1,0,0,-1,0,2,0
438.63,0.27,0.07,0,14,1,9,0,1,2,1626.22,405.11,6093.54,28,15,7.4,9,0,1,0,0,0,0,2,2,0,0,-1,0,1,0
10944.92,2.43,0.57,0,52,1,16,0,1,2,4497.62,799.0,19185.99,103,12,7.6,5,1,1,0,0,0,1,0,0,0,0,-1,0,0,0
42176.34,83.53,40.54,1,0,0,11,0,3,3,504.91,697.25,1040.38,235,12,2.8,8,1,0,1,0,0,0,0,2,1,0,-1,0,1,1
156.65,0.16,0.06,0,67,1,6,0,2,2,997.51,764.49,2440.89,129,2,4.2,1,1,1,0,0,0,0,1,2,0,0,-1,0,0,0
80320.55,31.94,9.61,0,7,0,1,0,2,3,2514.99,627.66,8356.87,109,18,1.6,2,0,1,0,0,0,0,1,2,1,4,28,1,1,1
401.15,0.31,0.07,0,180,1,0,0,4,0,1307.67,575.17,6022.21,207,18,1.4,3,0,1,0,0,0,0,0,1,0,0,-1,0,2,0
13172.64,3.38,1.63,1,13,1,23,0,3,0,3902.39,248.02,8056.78,3,8,4.9,9,1,1,0,0,0,0,2,0,0,0,-1,0,0,0
26862.29,6.07,2.49,0,77,1,8,1,5,1,4428.09,1823.38,10782.41,107,12,2.8,0,1,1,1,0,0,1,2,0,0,0,-1,0,1,0
4529.8,8.65,2.8,0,68,0,16,0,5,1,523.78,290.13,1618.85,149,16,3.6,9,0,1,0,0,0,0,0,0,0,0,-1,0,2,0
31283.89,12.01,3.85,0,8,0,17,0,5,0,2604.07,1152.68,8118.83,20,11,7.6,8,0,0,0,0,0,0,2,1,1,2,29,1,1,1
427.63,1.19,0.52,0,98,1,21,0,2,1,359.23,347.25,827.62,151,15,1.3,10,1,1,0,0,0,0,0,1,0,0,-1,0,0,0
17012.62,3.87,0.81,1,53,1,3,0,4,2,4394.92,2105.8,21051.7,193,17,3.5,9,0,0,0,0,0,0,0,2,0,0,-1,0,1,0
1160.21,0.98,0.29,0,227,1,8,1,4,3,1188.37,316.42,4043.65,17,18,7.4,14,1,1,0,0,0,0,1,0,0,0,-1,0,0,0
52776.07,19.29,9.4,1,0,0,15,0,8,5,2736.04,1737.9,5614.85,186,20,6.6,12,1,0,1,0,0,0,3,5,0,0,-1,0,2,1
314.78,0.19,0.05,0,118,1,18,0,2,0,1634.62,180.88,6213.79,213,7,5.1,6,1,1,0,0,0,0,1,2,0,0,-1,0,1,0
1100.85,0.61,0.13,0,176,1,10,0,1,2,1798.95,1066.82,8345.95,248,7,3.9,7,0,1,0,0,0,0,1,0,0,0,-1,0,1,0
1034.86,0.64,0.15,1,359,1,22,0,0,1,1611.42,199.75,6697.43,95,8,1.1,5,0,1,0,0,0,0,0,2,0,0,-1,0,1,0
144.17,0.07,0.01,0,255,1,7,0,1,1,1970.92,725.09,9697.95,130,7,4.9,0,0,1,0,0,0,0,0,2,0,0,-1,0,2,0
18395.85,1.41,0.47,0,96,1,5,0,3,0,13042.02,5342.55,39126.06,53,18,4.5,1,0,1,0,0,0,0,1,2,0,0,-1,0,1,0
1281.35,1.55,0.47,0,221,1,22,0,5,1,824.14,596.45,2744.95,33,18,6.8,4,0,1,0,0,0,0,2,2,0,0,-1,0,0,0
108877.9,5.31,1.11,0,260,1,8,0,3,3,20510.06,2340.85,97990.11,299,11,4.8,3,1,1,0,0,0,0,2,2,0,0,-1,0,1,0
798.81,0.42,0.2,1,226,1,1,0,1,1,1901.88,784.91,4092.67,105,13,5.6,10,0,1,0,0,0,0,0,2,0,0,-1,0,0,0
27873.5,2.99,1.0,0,367,1,5,0,5,3,9322.54,542.35,27967.63,102,13,2.0,11,1,1,0,0,0,0,2,2,0,0,-1,0,1,0
56923.94,49.36,18.88,1,0,0,0,0,4,2,1153.3,615.74,3014.44,149,8,1.6,1,1,0,1,1,0,0,2,5,1,0,-1,0,0,1
503.9,0.33,0.11,1,219,1,10,0,4,2,1540.67,295.77,4449.15,160,16,5.6,2,0,1,0,0,0,0,0,2,0,0,-1,0,1,0
24819.52,2.08,0.69,0,409,1,0,0,4,1,11943.05,539.43,35829.16,90,3,1.6,4,0,0,0,0,0,0,2,2,0,0,-1,0,2,0
19304.46,35.4,14.64,1,0,0,20,0,3,4,545.32,406.76,1318.42,8,12,1.7,9,1,0,1,0,1,0,4,2,0,0,-1,0,2,1
64887.99,2.69,0.9,0,215,1,9,0,1,0,24135.52,199.75,72406.55,62,19,5.2,14,0,1,0,0,0,0,0,1,0,0,-1,0,2,0
21939.06,9.23,4.5,0,57,1,17,0,0,0,2377.99,2961.96,4876.11,92,2,4.1,11,0,0,0,0,0,0,0,2,0,0,-1,0,1,0
9275.65,5.87,1.19,1,61,0,18,1,2,3,1580.98,366.87,7811.47,152,3,3.6,10,1,1,0,0,0,0,0,2,0,0,-1,0,1,0
70693.12,3.54,1.11,0,69,1,21,0,2,3,19977.4,4490.94,63623.81,85,18,0.5,14,0,0,0,0,0,0,1,1,0,0,-1,0,0,0
61276.46,29.76,13.86,1,0,0,6,0,3,1,2058.98,493.73,4419.83,14,10,3.6,14,0,1,1,0,0,0,2,4,0,0,-1,0,1,1
39950.12,33.13,15.64,1,0,0,11,1,4,1,1205.9,154.65,2554.62,151,2,4.4,13,0,0,0,0,0,0,2,4,0,0,-1,0,3,1
37798.53,44.17,17.68,0,0,0,12,0,1,2,855.82,840.46,2137.77,122,8,4.6,1,0,1,0,1,0,0,1,3,1,2,7,0,2,1
530.3,0.31,0.12,1,17,1,23,0,4,2,1727.0,553.06,4457.01,241,4,6.8,0,0,1,0,0,0,0,1,1,0,0,-1,0,0,0
734.41,0.91,0.24,0,215,1,1,0,2,1,810.73,230.47,3070.91,208,2,3.2,2,0,1,0,0,0,0,2,2,0,0,-1,0,2,0
303.26,0.4,0.08,0,318,0,1,1,2,2,762.73,313.82,3627.27,227,4,3.9,1,0,0,0,0,0,0,0,1,0,0,-1,0,0,0
9804.96,4.09,0.93,0,0,0,17,0,0,1,2398.55,350.97,10569.23,211,12,1.9,5,0,0,0,0,0,0,0,1,0,0,-1,0,0,0
270.35,0.27,0.05,0,45,1,13,0,3,2,1005.52,462.02,4955.34,96,19,2.4,4,0,1,0,0,0,1,1,1,0,0,-1,0,1,0
69221.42,7.12,1.11,0,578,1,21,0,0,2,9721.04,1629.42,62299.28,43,19,1.7,3,0,1,0,0,1,0,2,0,0,0,-1,0,1,0
463.66,1.11,0.29,1,132,1,0,0,5,1,417.4,534.98,1580.05,224,14,2.9,13,0,0,0,0,0,0,0,0,0,0,-1,0,1,0
396.66,0.69,0.34,1,109,1,18,0,0,0,574.58,371.83,1165.62,118,5,4.2,13,1,1,0,0,0,1,0,2,0,0,-1,0,2,0
74429.66,104.63,42.14,1,0,0,9,0,4,3,711.34,686.83,1766.07,234,15,2.4,10,1,1,1,0,0,0,1,4,0,0,-1,0,2,1
24736.38,6.51,2.58,0,48,0,12,0,2,2,3800.4,1954.97,9594.4,250,9,1.0,1,1,1,0,0,0,0,2,2,0,0,-1,0,0,0
31768.79,26.14,9.61,1,0,0,3,1,4,0,1215.31,2277.76,3305.12,123,12,2.6,10,0,0,0,0,0,0,0,3,0,0,-1,0,3,1
73809.55,51.99,17.53,1,0,0,18,0,5,0,1419.61,2265.03,4209.82,56,4,4.0,13,0,1,0,0,0,0,0,4,0,0,-1,0,3,1
38583.49,1.7,0.57,0,566,1,15,1,0,2,22744.6,246.24,68233.8,276,19,4.4,5,0,0,0,0,1,0,2,0,0,0,-1,0,0,0
771.5,1.0,0.22,0,208,1,8,1,2,3,768.82,829.04,3441.0,171,4,0.9,14,0,1,0,0,0,0,0,1,0,0,-1,0,2,0
301.33,0.31,0.1,0,347,0,2,0,1,3,969.35,554.65,3038.56,237,20,6.1,3,0,0,0,0,0,0,0,0,0,0,-1,0,1,0
174.85,0.4,0.1,0,228,1,9,0,2,2,442.13,145.42,1804.28,33,14,6.7,14,0,0,0,0,0,0,1,1,0,0,-1,0,0,0
656.57,1.3,0.51,0,199,1,16,1,1,2,504.84,959.09,1297.01,92,5,4.7,13,1,0,0,0,0,0,1,1,0,0,-1,0,2,0
71982.64,158.66,66.98,0,0,0,23,0,2,0,453.7,203.03,1074.64,134,12,5.7,5,0,0,0,0,1,0,0,1,1,4,58,1,1,1
547.93,0.27,0.08,0,125,0,12,0,5,0,1999.18,464.23,6504.87,78,8,2.2,11,1,1,0,0,0,0,1,1,0,0,-1,0,1,0
9085.37,2.14,0.9,0,83,1,6,1,3,1,4243.54,185.97,10133.45,73,9,3.7,2,0,1,0,0,0,0,0,2,0,0,-1,0,1,0
56517.78,4.82,1.11,0,127,1,9,0,5,2,11721.55,421.16,50866.0,174,15,1.8,9,1,1,0,0,0,0,1,1,0,0,-1,0,1,0
670.8,0.56,0.17,0,199,1,4,0,3,2,1199.17,357.12,4061.14,111,4,7.0,0,0,1,0,1,0,0,1,1,0,0,-1,0,1,0
65919.47,37.45,10.33,0,6,0,11,0,3,1,1760.24,474.76,6384.23,148,15,5.9,10,0,0,0,0,0,0,1,0,1,3,35,1,6,1
17132.73,7.56,2.69,0,0,0,1,0,0,1,2265.75,665.09,6371.3,229,9,5.2,5,0,0,0,0,0,0,2,0,1,3,26,0,6,1
397.0,0.2,0.06,0,317,1,10,1,3,0,1936.88,510.94,6370.59,136,8,0.5,12,0,1,0,0,0,0,1,2,0,0,-1,0,2,0
159.38,0.14,0.03,0,153,1,16,1,0,0,1168.48,459.84,4704.96,79,5,3.4,10,1,1,0,0,0,0,2,0,0,0,-1,0,1,0
1684.51,0.89,0.2,0,154,1,6,0,3,1,1899.2,166.76,8397.52,91,5,7.0,14,0,1,0,0,0,0,0,2,0,0,-1,0,1,0
471.53,0.64,0.16,0,291,0,14,0,2,3,741.3,451.44,2877.13,35,19,7.6,1,1,1,0,0,0,0,1,0,0,0,-1,0,1,0
929.05,1.01,0.23,0,173,1,10,0,4,1,919.03,352.39,3965.38,168,16,5.3,3,0,1,0,0,0,0,1,0,0,0,-1,0,2,0
888.88,1.35,0.32,0,8,0,13,0,3,2,656.19,1501.18,2785.46,131,19,5.4,6,0,1,0,0,0,0,2,2,0,0,-1,0,1,0
4188.73,2.96,1.15,0,43,0,14,0,5,3,1413.45,187.95,3628.62,164,7,2.8,4,1,1,1,1,0,0,0,2,0,0,-1,0,0,0
61767.83,23.8,9.27,0,13,0,0,0,5,3,2595.5,833.69,6665.9,172,6,3.9,3,0,1,0,0,0,0,0,0,1,3,47,1,1,1
8154.35,2.94,1.0,0,69,0,17,0,2,1,2778.27,417.53,8165.42,78,19,4.0,1,1,1,0,0,0,0,1,1,0,0,-1,0,1,0
438.75,0.23,0.06,1,101,1,16,0,2,1,1876.56,777.25,7137.17,237,2,6.4,9,0,0,0,0,0,0,1,1,0,0,-1,0,2,0
73484.24,37.29,13.11,1,3,0,7,0,3,1,1970.79,348.81,5604.71,196,11,5.8,4,1,0,0,0,0,0,2,2,1,2,23,1,4,1
651.63,0.45,0.12,0,75,1,17,1,1,0,1459.71,558.53,5544.03,103,10,4.0,12,0,1,0,0,0,0,1,2,0,0,-1,0,2,0
34851.51,3.65,1.11,0,366,1,11,0,5,3,9549.99,595.19,31366.36,292,15,5.6,1,0,0,0,0,0,0,2,2,0,0,-1,0,0,0
166.11,0.51,0.11,1,167,0,19,0,3,1,328.35,800.94,1481.44,226,19,6.6,0,0,0,0,0,0,0,0,0,0,0,-1,0,0,0
52850.52,5.58,1.11,0,233,1,10,0,0,2,9472.02,400.04,47565.47,77,13,2.5,4,0,1,0,0,0,0,2,0,0,0,-1,0,1,0
53254.64,52.99,19.21,1,0,0,3,0,2,0,1004.94,483.73,2771.98,86,3,3.1,10,0,0,0,0,0,0,0,2,0,0,-1,0,1,1
21454.09,4.89,1.23,0,67,0,8,0,0,2,4385.13,723.41,17415.48,43,20,6.9,11,1,0,1,0,0,0,0,2,0,0,-1,0,1,0
2038.23,1.35,0.55,0,81,0,10,1,1,3,1513.77,382.64,3701.84,129,17,1.5,12,0,1,1,0,0,0,1,0,0,0,-1,0,1,0
34044.91,2.23,0.74,0,676,1,13,0,3,3,15240.74,1741.0,45722.21,202,14,2.8,7,0,1,0,0,0,0,1,0,0,0,-1,0,2,0
73934.37,4.41,1.11,0,276,1,20,0,0,0,16781.99,654.0,66540.93,134,7,5.9,10,0,0,0,0,0,0,0,2,0,0,-1,0,2,0
20414.66,12.83,4.36,0,43,1,20,0,5,1,1591.73,979.49,4687.13,56,7,7.7,10,0,1,1,0,1,0,0,2,0,0,-1,0,1,0
29342.95,8.16,2.07,0,1,0,21,0,4,3,3595.63,1285.46,14187.93,218,14,5.2,6,1,0,1,0,0,0,0,0,1,3,52,1,5,1
29900.0,34.74,8.48,0,50,1,4,0,4,2,860.62,427.99,3525.29,146,10,7.7,14,0,0,0,0,0,0,2,1,0,0,-1,0,0,0
19948.65,10.79,2.25,0,8,1,13,0,1,3,1849.43,1909.02,8880.89,44,10,5.4,1,0,0,0,0,0,0,0,1,0,0,-1,0,1,0
9854.24,4.13,1.12,0,82,1,18,0,0,0,2384.08,636.06,8823.39,134,14,0.8,4,0,0,0,0,0,1,1,2,0,0,-1,0,1,0
11269.19,7.74,3.75,1,11,0,16,1,0,1,1456.27,550.99,3003.58,101,18,4.5,8,0,0,0,0,0,0,1,0,0,0,-1,0,0,0
1410.84,0.78,0.19,1,109,1,13,0,4,1,1818.03,272.9,7307.6,147,3,0.9,6,1,0,0,0,0,0,0,2,0,0,-1,0,0,0
26601.82,10.23,3.2,0,68,1,1,0,0,1,2599.72,735.16,8306.66,136,8,4.1,12,1,0,0,0,0,0,1,1,0,0,-1,0,0,0
161.5,0.16,0.05,0,200,1,13,0,4,2,998.32,181.03,2949.56,75,11,6.8,9,1,0,0,0,0,0,1,1,0,0,-1,0,0,0
73836.74,12.53,1.11,0,262,1,21,0,2,3,5893.04,1107.85,66453.07,254,16,4.5,0,0,1,0,0,0,0,2,1,0,0,-1,0,2,0
202.71,0.12,0.03,0,253,1,17,0,2,1,1684.45,717.46,8063.63,151,20,6.3,8,0,1,0,0,0,0,2,1,0,0,-1,0,0,0
327.43,0.28,0.12,0,109,1,7,0,0,1,1161.79,301.45,2718.07,223,16,4.8,0,0,0,0,0,0,1,1,2,0,0,-1,0,2,0
27666.17,9.52,3.02,0,40,0,0,1,4,2,2906.43,567.04,9158.59,246,9,6.3,7,0,0,0,1,0,0,2,0,0,0,-1,0,1,0
79.15,0.06,0.02,0,202,1,12,0,1,2,1228.74,390.43,3219.85,45,14,7.1,14,0,0,0,0,0,1,0,2,0,0,-1,0,2,0
57.38,0.03,0.01,0,178,1,16,0,1,1,1650.86,3836.19,5481.7,72,16,7.5,14,0,1,1,0,0,0,0,1,0,0,-1,0,0,0
59675.19,24.28,10.49,1,0,0,10,0,1,0,2457.38,179.81,5690.17,14,19,4.9,13,0,0,0,0,0,1,1,2,0,0,-1,0,3,1
273.72,0.4,0.16,0,65,1,18,0,0,0,686.01,556.66,1761.04,41,12,5.3,1,1,1,1,0,0,0,1,2,0,0,-1,0,1,0
7533.78,3.35,0.74,0,69,0,17,0,5,2,2247.41,611.64,10150.14,228,6,7.9,3,0,1,0,0,0,0,0,2,0,0,-1,0,0,0
138228.07,6.93,1.11,0,711,1,18,0,5,0,19940.53,1006.54,124405.26,168,17,4.1,8,0,1,0,0,1,0,0,1,0,0,-1,0,2,0
815.96,1.67,0.35,0,158,1,6,0,3,2,489.86,953.74,2313.89,103,17,4.7,2,1,0,0,0,0,0,0,1,0,0,-1,0,2,0
679.39,0.59,0.18,0,191,0,17,0,1,0,1148.21,1434.55,3722.66,185,8,7.5,8,0,0,0,0,0,0,0,2,0,0,-1,0,1,0
16381.07,5.95,1.25,1,6,1,2,0,0,1,2753.39,886.34,13140.75,34,20,0.7,6,1,1,1,0,0,0,0,0,0,0,-1,0,0,0
11117.37,3.49,1.22,0,79,0,23,0,1,3,3182.37,539.27,9125.46,165,7,3.3,1,1,1,1,0,0,0,0,0,0,0,-1,0,1,0
25645.93,11.78,2.96,0,23,0,21,0,4,3,2176.89,1134.82,8667.54,93,20,5.8,13,1,1,0,0,0,0,2,0,0,0,-1,0,1,0
1334.92,0.75,0.21,0,184,0,4,0,3,2,1772.88,1807.7,6376.81,166,15,1.1,11,0,0,1,0,0,0,1,1,0,0,-1,0,1,0
8897.52,5.14,2.11,1,0,0,22,0,4,4,1730.41,943.96,4218.91,116,13,6.4,12,1,0,1,0,1,1,2,1,0,0,-1,0,2,1
32335.37,17.54,6.16,1,0,0,23,0,1,0,1843.24,721.03,5246.85,36,11,1.6,14,1,1,0,0,0,0,1,3,0,0,-1,0,2,1
295.51,0.58,0.19,0,263,1,21,0,4,0,506.09,1206.71,1572.02,245,3,2.3,13,0,1,0,0,0,1,2,2,0,0,-1,0,1,0
346.19,0.42,0.11,0,86,0,19,0,3,1,830.79,493.35,3072.21,18,20,6.0,11,0,1,0,0,0,0,0,2,0,0,-1,0,2,0
57490.98,5.02,1.11,0,552,1,21,0,3,2,11462.64,827.08,51741.88,84,10,5.0,5,1,1,0,0,0,0,0,2,0,0,-1,0,0,0
83517.21,4.18,1.11,0,574,1,3,0,4,1,19984.27,505.99,75165.49,187,9,2.0,10,1,1,0,0,0,0,1,0,0,0,-1,0,0,0
1933.22,1.48,0.69,0,70,1,12,0,1,0,1310.39,825.2,2799.55,96,20,6.6,3,1,1,0,0,0,0,1,0,0,0,-1,0,2,0
256.55,0.16,0.05,0,123,0,20,0,0,3,1590.21,455.29,4973.81,77,14,6.1,13,0,1,0,0,0,0,1,1,0,0,-1,0,1,0
3330.47,5.15,1.06,0,313,0,2,0,5,1,647.06,149.38,3145.51,226,18,5.3,8,0,1,0,0,0,0,2,2,0,0,-1,0,0,0
138.64,0.14,0.04,1,163,1,18,0,2,1,1026.75,1298.42,3629.8,171,3,5.1,6,0,1,0,0,0,0,0,2,0,0,-1,0,0,0
111400.72,5.74,1.11,0,457,1,15,0,5,1,19420.74,189.07,100260.65,287,2,0.9,13,0,1,0,0,0,0,0,1,0,0,-1,0,2,0
52893.27,28.81,12.78,1,0,0,1,1,7,4,1835.71,2017.82,4137.27,86,6,4.0,6,1,0,1,1,0,0,2,3,0,0,-1,0,0,1
313.21,0.55,0.22,1,307,1,3,0,4,1,564.43,1432.56,1454.99,107,7,1.9,11,0,0,0,0,0,0,2,0,0,0,-1,0,2,0
13477.69,7.11,3.5,1,0,0,9,0,6,4,1896.03,186.42,3847.31,188,14,4.1,7,1,0,1,1,0,0,4,1,0,0,-1,0,0,1
18356.69,3.71,1.28,0,33,0,16,0,2,3,4942.55,844.67,14310.0,132,10,4.0,6,1,1,0,0,0,0,0,0,0,0,-1,0,1,0
43864.69,16.5,8.17,1,0,0,10,0,4,3,2658.97,636.2,5370.02,100,6,7.7,8,1,0,1,1,0,0,3,1,0,0,-1,0,1,1
35038.58,59.14,22.14,1,0,0,16,0,6,3,592.48,973.07,1582.32,72,13,1.5,8,1,0,1,0,1,0,3,1,0,0,-1,0,2,1
40519.79,40.04,18.63,1,2,0,6,0,3,0,1012.11,437.51,2175.06,210,18,4.4,3,1,0,0,0,0,0,2,2,1,3,11,1,4,1
73685.49,29.2,8.68,1,13,0,9,0,2,2,2523.81,4711.15,8485.47,22,13,7.6,0,0,1,0,1,0,0,1,0,1,4,24,1,2,1
54091.16,23.42,9.38,1,0,0,18,0,1,2,2309.43,173.15,5769.0,208,13,5.6,11,1,1,1,0,0,0,2,3,1,0,-1,0,3,1
100156.33,8.09,1.11,0,427,1,7,0,4,2,12379.28,826.47,90140.7,134,17,7.1,11,0,1,0,0,0,1,0,2,0,0,-1,0,2,0
15897.35,7.59,2.91,1,0,0,12,0,3,2,2095.36,178.68,5463.06,183,12,7.1,8,0,0,0,1,0,0,2,3,0,0,-1,0,2,1
2016.14,2.21,0.63,0,69,0,0,0,5,0,912.45,471.04,3206.54,205,3,4.5,10,1,0,1,0,0,0,0,0,0,0,-1,0,0,0
7163.33,2.29,0.6,0,8,0,20,0,0,1,3128.15,671.1,11949.73,34,5,3.6,14,0,0,0,0,0,0,1,2,1,2,15,1,4,1
681.18,0.34,0.12,0,330,1,2,0,3,2,1992.0,527.54,5909.63,120,9,6.2,1,0,1,0,0,0,0,2,2,0,0,-1,0,0,0
18166.77,6.58,2.09,0,66,1,0,0,1,3,2760.15,864.0,8705.95,232,18,7.1,0,0,0,0,0,0,0,2,1,0,0,-1,0,1,0
82577.98,3.87,1.11,0,720,1,19,0,0,3,21353.68,157.87,74320.18,211,20,4.9,5,0,1,1,0,0,0,2,2,0,0,-1,0,2,0
41837.58,44.99,15.56,0,8,0,11,0,4,0,929.95,772.63,2688.6,58,2,7.0,6,1,1,0,0,0,0,2,2,1,3,7,1,5,1
46893.86,23.59,8.34,1,0,0,4,0,7,2,1987.61,421.49,5621.57,37,7,2.8,12,1,0,1,1,0,0,2,3,1,0,-1,0,1,1
363.14,0.49,0.12,0,145,1,20,0,5,0,743.88,736.97,2923.1,99,6,2.3,14,0,0,0,0,0,0,1,1,0,0,-1,0,2,0
450.07,0.46,0.09,0,269,0,18,0,1,0,970.63,1229.57,4762.28,201,18,3.3,13,0,0,0,0,0,0,0,2,0,0,-1,0,2,0
15654.94,3.54,1.47,1,11,0,21,0,5,1,4416.53,438.16,10673.54,246,9,6.3,11,1,1,0,0,0,1,2,0,0,0,-1,0,0,0
313.06,0.29,0.06,0,312,1,5,0,1,0,1080.38,1132.7,4990.91,209,16,7.2,9,0,1,0,0,0,0,0,0,0,0,-1,0,2,0
12643.84,1.76,0.59,0,629,1,19,0,3,0,7167.53,395.37,21502.58,109,13,5.6,3,0,0,0,0,0,0,1,0,0,0,-1,0,0,0
753.68,1.18,0.24,0,260,1,2,0,3,3,637.89,668.46,3102.1,118,5,3.5,9,0,1,0,0,0,0,2,2,0,0,-1,0,0,0
128.56,0.08,0.03,0,214,1,2,0,3,2,1601.75,311.29,3944.14,141,13,3.9,12,1,1,0,1,0,0,0,1,0,0,-1,0,2,0
1395.2,0.83,0.22,0,42,1,0,0,0,2,1690.43,449.48,6363.61,47,3,0.9,9,0,1,0,0,0,0,0,0,0,0,-1,0,2,0
756.26,0.5,0.13,0,334,0,12,0,5,0,1512.94,437.46,5667.1,104,14,5.7,1,0,0,0,0,0,0,1,0,0,0,-1,0,1,0
77347.44,57.49,21.26,1,0,0,23,0,4,1,1345.43,611.06,3637.63,53,6,1.5,7,0,1,0,0,0,0,1,3,0,0,-1,0,2,1
24512.93,26.96,10.34,1,0,0,6,0,7,5,909.39,279.22,2370.71,70,4,6.0,6,1,0,1,0,0,0,3,4,0,0,-1,0,0,1
790.63,0.45,0.11,0,116,1,8,0,1,0,1773.38,1136.44,6902.9,244,20,0.5,14,1,0,0,0,0,0,2,2,0,0,-1,0,0,0
367.6,0.42,0.09,1,302,1,9,0,4,2,865.88,891.5,4306.15,197,11,7.7,3,0,0,0,0,0,0,2,2,0,0,-1,0,1,0
9425.5,3.27,1.45,1,0,0,23,0,8,5,2883.95,265.94,6490.05,245,9,6.1,10,1,0,1,1,1,0,3,3,0,0,-1,0,2,1
19387.49,6.55,1.74,0,24,1,4,0,4,0,2961.7,2464.89,11159.6,75,6,2.6,14,1,1,0,0,0,0,0,1,0,0,-1,0,0,0
1694.42,3.08,0.67,0,256,1,23,1,5,0,549.96,719.36,2516.01,164,15,0.6,6,1,0,0,0,0,0,0,2,0,0,-1,0,1,0
479.32,0.25,0.05,0,303,1,15,0,3,3,1926.99,468.47,9077.77,135,10,0.6,9,0,0,0,0,0,1,0,1,0,0,-1,0,1,0
22145.94,15.56,3.65,0,75,0,4,0,0,3,1422.85,343.34,6073.09,17,4,5.8,6,1,0,1,0,0,0,2,1,0,0,-1,0,0,0
20044.53,34.35,14.35,1,0,0,4,0,4,1,583.5,972.03,1397.17,168,15,4.2,11,0,0,0,0,0,0,0,3,0,0,-1,0,2,1
5214.15,1.14,0.42,1,17,1,6,1,3,3,4573.79,717.35,12461.74,109,16,2.1,1,0,0,0,0,0,0,2,1,0,0,-1,0,1,0
20489.81,18.1,4.02,0,13,0,17,0,1,0,1132.11,192.84,5091.58,213,15,6.6,1,1,1,0,0,0,0,0,1,0,0,-1,0,1,0
1282.07,0.9,0.41,0,127,1,7,0,0,1,1430.04,532.08,3153.59,24,5,4.4,1,0,0,0,0,0,0,2,0,0,0,-1,0,1,0
5197.43,2.8,1.18,0,48,0,19,0,2,3,1853.71,163.45,4394.89,102,15,4.0,9,0,1,0,1,0,0,1,2,0,0,-1,0,1,0
58382.38,27.7,11.23,1,0,0,14,0,7,2,2107.58,338.03,5198.71,110,4,1.9,14,1,0,1,1,1,0,3,5,0,0,-1,0,2,1
78009.37,3.82,1.11,0,622,1,11,0,1,3,20408.28,361.82,70208.43,85,3,6.0,7,1,0,0,0,0,0,0,2,0,0,-1,0,1,0
66381.57,28.54,15.79,1,0,0,21,0,5,3,2326.1,2944.79,4203.32,61,14,3.8,7,1,1,1,0,0,0,2,2,0,0,-1,0,2,1
574.6,0.38,0.11,0,122,1,10,0,1,0,1514.78,2218.04,5113.78,66,2,7.5,3,0,1,0,0,0,1,0,1,0,0,-1,0,0,0
16446.17,4.15,1.04,1,35,0,6,1,1,1,3962.5,369.87,15800.7,79,19,0.8,10,0,0,0,0,0,0,0,1,0,0,-1,0,1,0
49647.68,30.71,13.42,1,0,0,13,1,1,1,1616.83,163.42,3699.72,71,9,0.7,1,0,1,0,0,1,0,1,1,0,0,-1,0,1,1
368.07,0.24,0.09,1,86,1,20,0,2,2,1551.57,332.44,3972.11,35,12,2.0,1,0,1,0,0,0,0,1,0,0,0,-1,0,1,0
32429.94,29.53,14.58,1,0,0,13,0,4,1,1098.15,1522.11,2223.55,242,12,4.9,7,0,0,1,0,0,0,1,2,0,0,-1,0,3,1
81017.3,14.36,1.11,0,206,1,20,0,4,1,5639.99,1272.96,72915.57,74,7,3.7,7,0,0,0,0,0,0,0,2,0,0,-1,0,2,0
27721.64,8.86,2.37,0,32,0,8,1,3,1,3127.3,1110.0,11678.61,134,8,0.9,4,0,1,0,0,0,0,2,0,0,0,-1,0,1,0
99944.94,19.07,1.11,0,423,1,6,0,1,1,5241.08,256.57,89950.45,150,7,6.7,14,0,0,0,0,0,0,1,1,0,0,-1,0,0,0
97.95,0.13,0.03,0,230,1,11,0,1,2,734.93,212.43,3132.06,106,3,2.4,6,1,0,0,0,0,0,2,1,0,0,-1,0,1,0
13003.69,4.99,2.29,1,0,0,7,0,6,4,2607.13,382.69,5684.58,104,11,6.3,5,1,0,1,0,0,0,3,5,0,0,-1,0,2,1
13678.38,3.65,1.45,0,51,1,2,0,1,0,3745.27,414.56,9461.69,177,19,7.2,3,0,1,0,0,0,0,0,2,0,0,-1,0,1,0
22996.62,7.72,2.86,0,58,0,22,0,0,0,2979.41,2840.85,8038.55,97,14,5.0,5,1,0,0,0,0,0,1,1,0,0,-1,0,0,0
24485.49,13.36,4.12,0,4,0,18,0,5,1,1833.24,1431.59,5947.07,14,8,4.4,8,1,1,0,0,0,0,1,1,0,0,-1,0,1,0
96417.8,10.09,1.11,0,190,1,19,0,0,1,9559.67,444.92,86776.02,106,4,6.5,13,0,1,1,0,0,0,1,1,0,0,-1,0,0,0
783.6,0.46,0.09,0,221,1,5,0,1,0,1685.18,704.35,8368.73,92,9,1.6,0,0,1,0,0,0,0,1,1,0,0,-1,0,0,0
17744.8,5.18,1.27,0,59,0,14,0,1,1,3426.79,239.53,13951.86,106,13,7.9,6,0,0,0,0,0,1,1,2,0,0,-1,0,0,0
1188.13,1.64,0.35,0,14,1,9,0,5,3,725.99,1193.01,3399.36,15,14,7.0,6,0,1,0,0,0,0,2,1,0,0,-1,0,2,0
68412.96,18.65,4.78,0,2,0,19,0,2,1,3667.78,174.6,14308.08,18,10,5.0,10,0,1,0,0,0,0,2,3,1,3,23,0,6,1
1538.99,3.04,1.0,1,236,1,10,0,4,1,506.39,744.2,1536.22,176,12,7.5,10,1,0,0,0,0,0,1,1,0,0,-1,0,1,0
10276.65,2.27,0.53,0,84,1,2,0,3,0,4528.0,582.8,19239.45,10,16,5.7,13,1,1,0,0,0,0,0,1,0,0,-1,0,1,0
65383.99,2.78,0.93,0,112,1,6,0,3,0,23533.38,1623.32,70600.15,114,19,5.3,0,0,1,0,0,0,0,2,1,0,0,-1,0,0,0
965.39,1.1,0.26,0,47,1,22,0,5,3,879.81,331.51,3654.78,100,3,2.7,0,0,0,0,0,0,0,1,1,0,0,-1,0,1,0
13862.44,9.4,2.97,0,59,0,18,0,5,3,1474.49,452.8,4666.63,25,14,6.1,4,0,0,0,0,0,0,1,2,0,0,-1,0,1,0
53630.37,32.87,13.29,1,0,0,17,1,6,5,1631.64,384.37,4034.98,110,6,0.9,13,1,0,1,0,0,0,4,5,0,0,-1,0,2,1
99797.47,33.64,16.02,0,11,0,14,0,4,1,2966.8,642.52,6230.01,239,12,5.2,1,0,0,0,0,0,0,1,0,1,3,36,1,2,1
643.95,0.5,0.18,0,295,0,3,0,0,1,1277.93,433.33,3648.87,225,16,0.9,9,0,1,0,0,0,0,2,1,0,0,-1,0,1,0
290.27,0.62,0.13,0,237,1,3,0,3,0,465.23,470.38,2168.78,244,19,3.0,9,0,1,1,0,0,0,1,0,0,0,-1,0,0,0
6098.22,3.01,0.6,0,79,0,17,0,1,3,2023.05,455.22,10109.38,237,3,4.2,3,1,0,0,0,0,0,0,2,0,0,-1,0,1,0
1173.78,1.62,0.4,1,156,1,5,0,4,0,723.0,308.58,2929.44,243,7,1.6,12,0,0,0,0,0,0,1,1,0,0,-1,0,1,0
2988.64,2.56,1.06,0,213,1,18,1,0,0,1167.72,1063.88,2812.67,189,12,6.8,4,1,1,0,0,1,0,1,2,0,0,-1,0,2,0
45415.71,2.38,0.79,0,609,1,17,0,0,1,19077.54,1071.19,57232.63,55,18,5.3,0,0,1,0,0,0,0,1,0,0,0,-1,0,0,0
419.08,0.21,0.1,1,187,1,6,0,2,3,1972.29,526.3,4036.37,208,9,4.6,1,0,0,0,0,0,0,1,1,0,0,-1,0,0,0
76994.94,43.6,17.91,1,0,0,5,0,4,0,1765.79,2499.69,4299.87,70,8,3.8,12,0,0,0,0,0,0,0,3,0,0,-1,0,1,1
141818.08,18.98,1.11,0,516,1,13,0,4,1,7473.45,570.37,127636.27,68,2,5.6,0,0,0,0,0,0,0,1,2,0,0,-1,0,2,0
4926.11,2.22,0.64,0,46,0,16,1,5,0,2218.74,1002.31,7694.83,169,11,3.5,13,1,0,0,0,1,0,2,2,0,0,-1,0,1,0
11336.39,2.51,0.54,0,88,1,14,1,2,3,4525.16,338.94,20930.07,60,18,4.0,3,0,0,0,0,0,0,1,1,0,0,-1,0,0,0
655.97,1.67,0.35,0,331,1,17,0,5,2,393.06,525.41,1866.51,46,7,4.9,4,0,1,0,0,0,0,0,2,0,0,-1,0,1,0
116529.28,6.99,1.11,0,595,1,1,0,0,2,16677.15,889.23,104876.35,224,17,3.6,4,0,0,0,0,0,0,1,0,0,0,-1,0,0,0
28124.83,30.02,14.56,1,0,0,7,0,4,3,936.76,1959.14,1931.76,196,2,2.2,13,1,0,1,0,0,0,0,1,0,0,-1,0,1,1
1086.91,1.36,0.28,1,176,1,10,0,2,1,799.33,503.68,3864.32,211,3,3.8,1,0,0,0,0,0,0,0,1,0,0,-1,0,0,0
29068.94,6.95,2.54,0,36,0,1,0,5,3,4184.63,3181.9,11442.51,222,13,2.8,0,1,1,0,0,0,1,1,1,0,0,-1,0,1,0
3300.06,3.73,0.97,1,221,1,12,0,2,0,885.87,264.3,3411.09,128,8,1.1,1,1,1,0,0,0,0,2,1,0,0,-1,0,1,0
520.59,0.34,0.12,0,177,1,8,0,2,3,1546.63,647.43,4517.31,74,18,2.3,12,0,1,0,0,0,0,2,1,0,0,-1,0,1,0
13862.58,7.55,2.86,1,0,0,14,0,4,2,1836.33,915.63,4849.99,249,6,7.2,14,1,0,1,0,1,0,5,3,0,0,-1,0,2,1
92683.95,86.75,24.55,0,8,0,19,0,3,1,1068.37,1622.64,3774.73,222,14,7.9,0,1,0,0,0,0,0,0,0,1,4,5,1,4,1
2259.39,1.57,0.75,0,96,1,8,0,1,2,1436.97,917.99,2992.87,33,20,7.6,5,0,0,0,0,0,0,1,1,0,0,-1,0,2,0
71062.87,33.41,12.21,1,0,0,1,0,2,1,2126.96,167.46,5817.68,59,16,4.6,12,1,0,0,0,0,1,1,4,0,0,-1,0,3,1
10917.97,3.99,1.16,0,20,1,11,0,4,3,2733.62,2437.84,9431.43,243,16,4.7,13,1,0,0,0,0,0,0,0,0,0,-1,0,0,0
26790.53,9.39,2.57,0,75,0,17,1,0,1,2852.12,535.21,10435.86,94,17,1.8,3,0,0,1,0,0,0,0,0,0,0,-1,0,0,0
124.89,0.09,0.02,0,221,1,13,0,0,1,1340.04,625.46,5263.27,247,15,1.4,0,0,0,1,0,0,0,1,2,0,0,-1,0,0,0
53934.16,24.78,12.13,1,0,0,6,0,3,0,2176.69,264.36,4447.26,236,19,7.5,5,1,1,0,0,0,0,0,4,0,0,-1,0,3,1
49724.2,28.15,9.73,1,0,0,17,0,5,2,1766.59,140.98,5110.3,128,3,7.6,2,1,0,1,0,0,0,2,5,0,0,-1,0,2,1
25905.01,10.21,4.7,0,3,0,17,0,3,0,2536.83,178.3,5509.7,37,5,5.0,12,1,0,0,0,0,0,2,2,0,0,-1,0,0,0
1534.15,1.11,0.32,1,271,1,13,0,4,3,1385.08,274.95,4766.5,79,2,1.3,9,0,1,0,0,1,0,1,0,0,0,-1,0,2,0
483.45,0.37,0.07,0,134,1,10,0,2,0,1303.55,409.67,6485.29,162,11,5.6,14,0,0,0,0,0,0,1,1,0,0,-1,0,0,0
216.0,0.16,0.06,0,187,1,11,0,1,0,1387.56,188.66,3327.76,236,4,4.7,12,0,0,0,0,0,0,2,2,0,0,-1,0,1,0
856.58,0.93,0.2,0,319,1,13,1,2,3,918.31,1265.44,4224.56,118,19,3.8,4,0,0,0,0,0,0,2,1,0,0,-1,0,1,0
625.76,1.75,0.63,1,108,1,7,0,2,1,357.74,2046.74,995.22,99,13,3.7,0,1,1,0,0,1,0,1,1,0,0,-1,0,0,0
268.09,0.37,0.17,0,291,1,15,1,4,2,726.18,1437.29,1538.4,197,3,0.9,10,0,1,0,0,0,0,2,2,0,0,-1,0,1,0
77823.42,98.33,32.55,0,2,0,22,0,0,1,791.47,1113.13,2390.79,14,18,3.8,10,0,0,0,0,0,0,2,1,1,2,58,0,1,1
2642.29,2.1,0.82,0,179,1,21,0,2,0,1256.47,362.33,3222.64,111,19,2.7,3,0,1,0,0,0,0,2,2,0,0,-1,0,0,0
25501.98,11.11,2.57,0,74,0,23,0,0,2,2295.06,187.19,9924.38,185,5,1.5,13,1,0,0,0,0,0,2,1,0,0,-1,0,1,0
1794.54,1.32,0.33,0,286,1,23,0,5,3,1359.02,401.32,5482.66,141,5,4.6,11,0,1,0,0,0,0,1,1,0,0,-1,0,1,0
441.1,0.34,0.11,0,45,1,0,0,5,1,1305.65,1486.79,3900.53,209,2,5.5,9,0,0,1,0,0,0,2,0,0,0,-1,0,2,0
479.75,0.31,0.07,0,336,0,17,1,4,1,1547.21,795.23,7373.87,186,13,7.2,8,0,1,0,0,0,0,2,1,0,0,-1,0,2,0
431.2,0.27,0.08,0,44,1,9,0,1,2,1575.07,172.28,5084.31,18,18,6.5,12,0,0,0,0,0,0,2,0,0,0,-1,0,1,0
243.08,0.26,0.06,0,54,1,3,1,4,0,936.28,1465.31,4334.14,21,18,3.8,2,1,0,0,0,0,0,2,0,0,0,-1,0,1,0
22860.97,5.88,1.34,1,80,0,21,0,3,2,3885.72,600.12,17100.89,13,15,1.8,9,0,1,0,0,0,0,1,1,0,0,-1,0,1,0
407.4,0.69,0.21,0,92,1,15,0,0,0,587.78,496.97,1955.72,132,5,1.3,6,1,1,0,0,0,1,1,0,0,0,-1,0,2,0
75990.89,34.22,12.82,1,0,0,18,1,4,2,2220.48,1556.12,5929.53,78,11,6.4,8,0,1,0,0,0,0,1,2,0,0,-1,0,0,1
42407.03,58.69,23.13,1,0,0,21,0,3,0,722.5,259.63,1833.51,156,11,2.8,4,0,1,0,0,0,0,0,3,0,0,-1,0,2,1
128.91,0.12,0.03,0,90,1,8,0,2,2,1114.83,552.67,4094.3,102,11,6.2,2,0,0,0,0,0,0,0,1,0,0,-1,0,1,0
66082.77,38.23,14.5,1,0,0,21,0,4,1,1728.66,283.08,4555.99,186,9,5.1,4,1,0,0,0,0,0,1,2,0,0,-1,0,1,1
22752.17,4.75,1.43,0,49,0,8,0,4,2,4785.8,1208.87,15939.3,185,14,3.3,14,0,1,0,0,0,0,0,0,0,0,-1,0,1,0
956.89,0.57,0.11,0,41,0,7,0,2,3,1678.47,233.83,8344.86,198,16,4.7,13,1,0,0,0,0,0,2,2,0,0,-1,0,1,0
162.3,0.19,0.07,0,27,1,9,0,3,1,863.63,1810.26,2408.48,26,11,2.5,0,0,1,0,0,0,0,1,0,0,0,-1,0,1,0
272.56,0.84,0.2,0,159,0,0,0,2,0,326.35,943.3,1377.86,240,14,6.7,9,0,1,0,0,0,0,1,1,0,0,-1,0,2,0
564.71,0.45,0.11,0,347,1,16,0,5,3,1258.67,486.94,5119.27,177,19,7.2,12,0,1,0,0,0,0,1,0,0,0,-1,0,2,0
645.62,0.39,0.18,0,13,1,13,0,4,2,1663.17,174.76,3627.93,150,5,3.6,6,1,0,0,0,0,0,1,0,0,0,-1,0,2,0
731.3,2.1,0.6,0,97,1,2,0,5,0,348.0,162.73,1224.57,194,12,2.3,7,0,1,0,0,0,0,1,0,0,0,-1,0,0,0
99047.91,26.28,11.85,0,2,0,13,0,5,0,3769.09,291.26,8361.72,87,5,6.2,12,0,1,0,0,0,0,2,1,1,4,59,0,1,1
5283.34,3.58,0.77,1,81,1,9,0,5,1,1475.8,554.3,6887.01,200,7,5.2,8,1,1,0,0,0,0,1,0,0,0,-1,0,0,0
27087.82,6.57,1.55,0,82,1,1,0,5,2,4121.44,1529.86,17505.94,177,4,6.2,1,0,0,0,1,0,0,2,1,0,0,-1,0,0,0
13314.83,5.9,2.24,1,0,0,20,0,3,1,2257.74,159.38,5951.32,191,17,2.2,9,0,1,0,1,0,0,2,2,0,0,-1,0,0,1
446.94,0.46,0.15,0,209,1,7,1,3,1,970.93,812.36,2920.48,215,18,3.3,3,0,1,0,0,0,0,1,2,0,0,-1,0,1,0
1264.61,0.7,0.29,0,156,1,8,0,4,1,1813.94,330.8,4385.79,234,12,7.3,9,0,1,0,0,0,0,1,1,0,0,-1,0,2,0
827.47,0.45,0.13,0,245,1,4,0,0,3,1831.95,966.73,6451.7,53,2,5.3,6,0,0,0,0,0,0,0,0,0,0,-1,0,0,0
1339.14,1.6,0.44,0,45,1,5,0,2,3,835.01,828.15,3033.88,4,8,0.9,10,0,0,0,0,0,0,0,1,0,0,-1,0,0,0
1082.2,0.79,0.37,0,14,1,13,0,2,0,1369.55,1496.42,2953.42,47,3,1.4,6,1,1,0,0,0,0,0,0,0,0,-1,0,1,0
215.35,0.17,0.05,0,150,1,17,0,2,1,1304.78,343.68,4088.38,37,11,5.9,7,0,1,0,0,0,0,1,2,0,0,-1,0,2,0
49147.62,26.19,12.18,1,0,0,7,0,7,3,1876.51,401.22,4034.42,173,19,7.1,13,1,0,1,0,0,0,2,2,0,0,-1,0,0,1
29907.68,16.74,6.52,1,57,0,2,0,4,0,1786.66,1565.73,4587.16,155,20,4.7,13,0,1,0,0,0,1,2,0,0,0,-1,0,0,0
85915.28,6.96,1.11,0,204,1,19,0,1,1,12351.99,437.06,77323.75,50,6,6.0,5,1,1,1,0,0,0,1,0,0,0,-1,0,2,0
84.7,0.1,0.04,0,355,1,12,0,1,0,880.1,626.71,2014.58,138,10,6.5,10,0,1,0,0,0,0,0,2,0,0,-1,0,2,0
18508.86,4.27,1.03,0,21,1,15,0,2,2,4336.97,782.48,17984.4,44,5,3.8,10,1,1,0,0,1,0,2,2,0,0,-1,0,0,0
172.4,0.1,0.03,0,232,1,15,0,0,0,1690.93,1849.16,5320.18,169,12,5.0,2,1,0,1,0,0,0,0,2,0,0,-1,0,2,0
121612.78,5.19,1.11,0,529,1,18,0,3,3,23450.38,643.56,109451.5,279,17,5.8,1,0,1,0,0,1,0,2,1,0,0,-1,0,1,0
945.07,0.49,0.12,0,260,1,15,0,5,0,1943.75,1212.09,7612.05,140,15,4.8,10,0,1,0,0,0,0,0,0,0,0,-1,0,2,0
4497.15,4.51,1.67,0,58,1,1,0,3,0,998.13,810.85,2688.91,73,6,6.3,0,1,1,0,0,0,0,0,0,0,0,-1,0,1,0
22682.46,24.69,9.32,1,0,0,17,0,5,3,918.55,1093.06,2434.92,89,14,6.0,13,0,0,0,0,0,0,0,1,1,0,-1,0,3,1
1281.76,0.7,0.2,0,15,1,5,1,3,2,1836.13,145.26,6278.62,136,19,7.5,0,1,1,1,0,0,0,0,1,0,0,-1,0,0,0
26173.77,6.93,1.43,0,39,1,16,0,1,3,3778.02,144.46,18356.56,180,18,7.9,3,1,0,0,0,0,0,1,1,0,0,-1,0,0,0
46578.24,65.24,22.33,0,14,0,4,0,5,1,714.0,205.87,2086.3,36,19,5.2,1,1,0,0,0,0,0,0,2,1,3,15,1,6,1
138.73,0.27,0.08,1,177,0,3,0,2,1,508.36,229.23,1710.25,195,3,5.0,11,0,0,0,0,0,0,1,2,0,0,-1,0,2,0
15579.28,6.6,2.24,1,0,0,3,0,8,4,2359.85,407.22,6950.69,18,19,7.7,8,1,0,1,0,1,0,4,2,0,0,-1,0,2,1
21402.15,6.85,2.49,0,19,1,11,0,4,3,3124.22,144.36,8594.18,201,7,1.4,2,0,1,0,0,0,0,2,2,0,0,-1,0,1,0
69378.54,27.39,10.81,0,2,0,7,0,2,1,2532.64,924.19,6415.3,21,6,3.2,7,0,1,0,0,1,0,1,1,1,3,58,1,6,1
586.8,0.39,0.09,0,222,1,9,0,0,0,1520.91,596.7,6646.63,98,20,1.1,14,0,1,0,0,0,0,0,1,0,0,-1,0,0,0
14786.51,9.06,3.7,0,5,0,11,0,0,2,1631.65,203.87,3992.6,23,2,6.1,12,0,0,0,0,0,0,2,0,1,3,31,0,1,1
127804.64,8.75,1.11,0,378,1,13,0,5,1,14608.27,183.55,115024.18,83,6,3.2,14,0,1,0,0,0,0,0,0,0,0,-1,0,1,0
134489.38,5.94,1.11,0,698,1,20,0,2,2,22630.65,629.87,121040.44,170,11,1.5,1,0,1,0,0,0,0,2,1,0,0,-1,0,2,0
3932.96,1.19,0.3,0,90,0,14,0,2,2,3307.68,612.86,12985.89,125,8,3.8,6,1,0,0,0,0,0,1,2,0,0,-1,0,1,0
2655.22,2.51,0.9,0,39,1,23,1,5,3,1059.27,703.93,2961.34,200,20,0.7,9,0,1,0,0,0,0,2,0,0,0,-1,0,1,0
73453.6,7.09,1.11,0,288,1,7,0,1,1,10364.88,583.86,66108.24,293,9,6.9,10,0,1,0,0,0,0,2,0,0,0,-1,0,2,0
20466.4,4.93,1.65,0,4,1,1,0,2,1,4151.04,1581.89,12384.79,207,17,5.5,10,1,1,0,0,0,0,0,2,0,0,-1,0,0,0
764.3,0.62,0.17,0,291,1,5,0,0,3,1228.54,862.75,4436.29,214,17,7.4,5,0,1,1,0,0,0,2,2,0,0,-1,0,1,0
1450.84,2.8,0.59,1,16,0,13,0,1,3,517.56,765.74,2475.2,240,18,3.8,14,1,1,0,0,0,0,0,0,0,0,-1,0,2,0
57155.73,31.35,11.22,1,0,0,13,0,4,0,1823.33,662.88,5094.94,72,13,5.6,2,0,0,0,0,0,0,1,3,0,0,-1,0,1,1
33792.2,12.63,6.17,1,0,0,20,0,4,3,2674.88,443.81,5478.04,90,8,3.8,11,1,0,1,1,1,1,2,1,0,0,-1,0,2,1
67464.07,9.64,1.11,0,446,1,3,0,5,1,6994.91,633.34,60717.66,134,6,7.3,1,0,1,0,0,0,0,0,2,0,0,-1,0,2,0
1249.19,0.65,0.18,0,326,0,23,0,4,0,1918.91,173.66,6833.79,244,11,3.9,10,0,1,0,0,1,0,2,2,0,0,-1,0,0,0
21833.02,4.56,2.27,1,26,1,5,0,4,1,4784.03,1096.43,9613.44,5,6,7.9,5,0,0,0,0,0,0,0,0,0,0,-1,0,0,0
689.24,0.99,0.21,1,116,1,21,1,2,3,698.6,1588.24,3280.5,84,4,4.9,8,0,1,0,0,0,0,2,0,0,0,-1,0,2,0
21355.38,45.72,13.05,0,0,0,9,0,0,2,467.12,223.37,1636.41,200,10,4.5,6,0,1,0,0,0,0,2,0,1,4,52,1,5,1
112958.42,7.51,1.11,0,357,1,10,0,4,0,15050.33,564.86,101662.58,72,5,4.0,3,0,1,0,0,0,0,2,0,0,0,-1,0,1,0
22011.78,4.45,1.41,1,66,1,23,0,2,1,4951.24,1312.72,15603.92,25,8,4.5,4,0,1,0,0,0,0,0,0,0,0,-1,0,1,0
923.04,1.04,0.22,0,49,1,7,0,5,1,891.06,834.63,4256.05,160,11,1.2,13,1,1,1,0,1,0,1,1,0,0,-1,0,0,0
6190.44,4.12,1.08,1,53,0,15,0,2,1,1500.74,1070.51,5735.03,226,5,3.5,2,0,1,0,0,1,1,1,1,0,0,-1,0,0,0
57422.51,47.27,20.09,1,0,0,23,0,4,3,1214.79,924.55,2858.97,161,17,5.9,8,1,0,1,0,0,0,4,4,0,0,-1,0,2,1
14730.5,4.53,1.2,0,17,1,14,0,2,3,3250.15,394.43,12274.41,84,10,6.5,6,0,1,0,0,0,0,0,1,0,0,-1,0,0,0
438.29,0.34,0.08,0,124,1,7,0,5,1,1279.38,877.22,5581.96,56,12,6.3,1,0,1,0,0,0,0,0,0,0,0,-1,0,1,0
24657.64,5.04,1.14,0,43,0,2,0,4,0,4888.13,2517.35,21584.14,61,11,7.8,9,0,1,0,0,0,1,1,2,0,0,-1,0,0,0
25831.42,12.92,6.29,1,0,0,12,0,2,1,1998.91,154.94,4106.29,159,13,6.5,6,0,1,0,0,0,0,0,4,0,0,-1,0,0,1
2175.7,1.13,0.23,0,256,1,21,0,2,0,1927.96,1278.89,9500.06,218,9,3.8,1,0,0,0,0,0,0,1,0,0,0,-1,0,2,0
72504.82,46.95,16.63,1,0,0,7,1,5,1,1544.45,333.18,4358.61,131,11,4.2,11,0,0,0,1,0,0,2,4,0,0,-1,0,1,1
259.7,0.15,0.04,0,158,1,21,0,3,1,1681.24,1200.07,6512.98,22,5,4.3,7,0,1,0,0,0,0,1,1,0,0,-1,0,2,0
44728.1,46.77,17.59,1,0,0,13,0,5,4,956.3,552.62,2542.84,134,13,5.2,4,1,0,1,0,0,0,5,1,0,0,-1,0,0,1
73550.82,48.02,21.41,1,0,0,11,0,2,2,1531.82,500.11,3435.67,37,13,7.5,4,1,1,1,0,0,0,0,2,0,0,-1,0,2,1
612.69,0.33,0.16,1,222,1,10,0,1,0,1873.1,452.97,3797.65,65,13,2.4,6,1,0,0,0,0,0,0,0,0,0,-1,0,1,0
147.71,0.19,0.06,0,235,1,12,1,5,0,796.83,280.51,2399.07,191,9,6.5,8,1,0,0,0,0,0,1,1,0,0,-1,0,0,0
941.27,2.77,0.77,0,351,0,0,0,5,2,339.48,379.19,1216.53,154,14,6.6,12,1,1,0,0,0,0,1,1,0,0,-1,0,0,0
444.0,1.44,0.57,0,291,1,12,0,3,3,307.91,817.63,777.5,135,2,6.0,1,0,1,0,0,0,0,1,0,0,0,-1,0,0,0
17302.04,9.31,3.36,1,0,0,3,0,1,3,1858.96,524.26,5153.72,79,2,4.9,2,0,1,0,0,0,0,2,2,0,0,-1,0,1,1
363.29,0.29,0.13,0,266,1,4,0,1,3,1244.44,1477.85,2874.89,229,4,3.8,12,0,1,0,0,0,0,2,2,0,0,-1,0,2,0
65489.53,3.89,1.11,0,325,1,3,0,3,3,16850.55,803.91,58940.58,168,14,4.5,7,1,1,0,0,0,0,2,1,0,0,-1,0,1,0
343.03,0.22,0.07,0,37,1,15,0,0,2,1528.12,1355.83,4912.95,32,4,3.2,12,0,1,0,0,0,0,1,0,0,0,-1,0,0,0
50,0.06,0.01,1,292,0,5,0,4,3,770.82,760.83,3816.21,176,4,3.1,12,0,0,0,0,0,0,0,2,0,0,-1,0,1,0
9165.19,1.9,0.77,0,32,0,6,0,0,3,4826.15,268.17,11886.13,230,20,1.6,6,0,1,0,0,0,0,2,0,0,0,-1,0,0,0
252.06,0.24,0.05,0,132,1,16,0,0,1,1060.54,416.24,4830.32,117,16,6.3,4,1,1,0,0,0,0,0,1,0,0,-1,0,2,0
55674.64,27.42,10.97,1,0,0,17,0,8,2,2030.27,1118.29,5073.64,128,2,5.1,7,1,0,1,1,0,0,4,5,0,0,-1,0,2,1
916.48,0.78,0.19,0,85,1,15,0,2,2,1181.5,1058.46,4760.31,81,8,5.2,5,0,1,0,0,0,0,1,1,0,0,-1,0,1,0
13718.91,2.79,0.57,0,83,0,6,0,2,0,4921.77,1564.24,24126.44,228,7,0.8,10,1,0,0,0,0,1,2,1,0,0,-1,0,1,0
337.34,0.23,0.09,0,16,0,14,0,3,2,1480.05,1779.84,3818.5,192,11,5.3,0,0,1,0,0,0,0,1,2,0,0,-1,0,1,0
65490.28,50.02,18.49,0,6,0,9,0,3,2,1309.36,829.45,3541.45,31,13,7.2,5,0,0,0,0,0,0,2,0,1,4,8,0,4,1
862.5,0.66,0.28,0,224,1,21,0,4,2,1302.3,397.77,3071.75,181,14,5.1,11,0,1,0,0,0,0,1,1,0,0,-1,0,2,0
54995.88,19.96,9.81,1,0,0,19,0,3,5,2755.17,2755.96,5608.52,34,18,3.6,6,1,0,1,1,0,0,5,4,0,0,-1,0,1,1
57747.08,34.5,12.78,1,0,0,1,0,5,1,1673.75,155.6,4520.16,85,5,6.5,5,0,1,1,0,0,0,0,4,0,0,-1,0,3,1
46530.86,31.61,15.68,1,0,0,1,0,5,4,1472.09,369.59,2966.97,54,4,4.7,3,1,0,1,1,1,0,4,3,0,0,-1,0,0,1
205.19,0.15,0.04,0,267,0,0,0,5,0,1397.33,823.52,4644.86,19,3,5.2,12,1,1,0,0,0,0,1,0,0,0,-1,0,2,0
1375.48,0.89,0.31,0,58,0,14,0,5,3,1537.33,2049.04,4376.82,20,15,2.0,8,0,1,0,0,0,0,2,2,0,0,-1,0,1,0
535.36,1.62,0.34,1,49,0,7,1,2,1,330.99,550.98,1569.42,118,12,1.4,12,1,1,0,0,0,0,0,1,0,0,-1,0,0,0
1617.76,3.67,0.76,0,345,0,10,0,1,1,441.39,2135.02,2119.52,69,17,6.3,2,0,0,0,0,0,0,0,1,0,0,-1,0,1,0
2256.06,1.68,0.5,0,80,0,7,0,5,3,1343.24,630.44,4482.74,55,19,3.1,14,0,1,0,0,0,0,0,1,0,0,-1,0,1,0
22932.51,9.19,3.53,0,42,1,16,0,4,2,2495.94,1488.88,6501.26,189,16,1.6,2,1,0,0,0,0,0,1,0,0,0,-1,0,0,0
22460.52,8.63,4.24,0,80,1,12,0,1,3,2603.43,166.98,5301.34,66,2,3.8,12,1,1,0,0,0,0,2,1,0,0,-1,0,0,0
45046.12,22.57,10.18,1,0,0,7,1,6,4,1996.19,532.97,4424.57,61,5,0.9,14,1,0,1,1,0,0,3,5,0,0,-1,0,1,1
389.87,0.27,0.08,0,345,1,16,0,2,2,1449.94,589.84,4718.4,194,7,4.8,13,1,0,0,0,0,0,2,1,0,0,-1,0,1,0
17469.53,7.28,2.86,1,0,0,15,0,4,1,2398.38,775.33,6117.31,29,13,7.7,11,1,0,0,0,0,0,0,3,0,0,-1,0,0,1
8913.5,12.62,6.45,1,0,0,11,0,4,1,706.17,347.61,1381.43,250,18,7.3,14,0,0,0,0,0,0,2,1,0,0,-1,0,0,1
4551.33,1.42,0.64,0,14,1,19,0,5,0,3214.4,195.45,7159.57,212,11,5.1,2,1,1,1,0,0,0,2,0,0,0,-1,0,0,0
258.29,0.22,0.09,0,325,0,12,0,4,3,1166.52,568.44,2809.78,171,14,2.8,8,1,0,0,0,0,0,1,2,0,0,-1,0,0,0
8429.85,7.51,1.66,0,63,0,17,0,1,1,1121.86,735.78,5073.7,143,19,7.5,10,1,1,0,0,0,1,2,2,0,0,-1,0,0,0
28756.48,42.74,19.76,1,0,0,4,0,7,4,672.83,196.59,1455.35,83,12,5.3,7,1,0,1,1,0,0,2,3,0,0,-1,0,0,1
27171.27,9.96,4.56,1,0,0,9,0,7,5,2729.38,791.66,5954.58,8,11,7.7,2,1,0,1,1,0,0,5,2,0,0,-1,0,0,1
25149.52,7.6,1.67,0,76,1,11,0,5,2,3311.29,320.04,15056.0,227,15,1.8,6,0,1,0,0,0,0,2,2,0,0,-1,0,0,0
113732.19,13.97,1.11,0,111,1,16,0,3,2,8139.28,2082.77,102358.97,227,18,0.7,0,0,0,0,0,0,0,2,1,0,0,-1,0,0,0
24927.27,7.96,1.75,0,51,1,3,0,4,3,3129.61,874.87,14223.21,81,10,6.1,7,1,1,0,0,0,0,2,0,0,0,-1,0,1,0
19057.58,17.82,5.58,0,14,0,19,0,2,1,1069.15,257.03,3417.26,163,7,7.5,7,0,1,0,0,0,0,1,1,1,4,22,0,2,1
57193.63,5.34,1.11,0,313,1,21,0,3,2,10714.41,698.92,51474.27,117,4,3.4,10,1,1,0,0,0,0,2,2,0,0,-1,0,0,0
550.23,1.44,0.33,1,148,1,20,0,0,2,381.15,483.82,1652.7,220,5,3.1,3,0,1,0,0,0,0,2,2,0,0,-1,0,0,0
91.6,0.06,0.01,0,269,0,10,0,2,2,1504.41,320.76,7435.3,33,8,1.7,8,0,1,0,0,0,0,0,0,0,0,-1,0,2,0
10573.6,8.12,3.73,1,0,0,23,1,8,5,1302.79,970.95,2836.82,19,20,7.1,2,1,0,1,1,0,0,5,4,0,0,-1,0,1,1
659.3,0.4,0.09,0,319,0,3,0,0,3,1636.99,437.58,7627.71,241,9,5.4,0,1,1,0,0,0,0,0,2,0,0,-1,0,2,0
113896.03,7.15,1.11,0,643,1,20,0,5,2,15918.47,397.89,102506.43,250,19,3.0,8,0,0,1,0,0,0,2,0,0,0,-1,0,2,0
1272.88,0.83,0.36,0,243,1,22,0,0,1,1528.28,1365.56,3496.77,218,19,5.0,0,1,1,1,0,0,0,1,1,0,0,-1,0,1,0
441.05,0.47,0.23,0,358,1,5,0,1,1,935.44,493.73,1905.43,63,10,5.7,1,0,1,0,0,0,0,1,1,0,0,-1,0,0,0
12608.39,1.22,0.41,0,124,1,13,0,5,3,10316.29,192.73,30948.88,233,16,4.8,11,0,1,0,0,0,0,0,2,0,0,-1,0,0,0
206.73,0.14,0.03,0,313,1,18,0,0,0,1484.1,639.66,6664.91,9,3,6.5,10,0,0,0,0,0,1,0,1,0,0,-1,0,0,0
18450.43,9.11,3.01,1,73,1,2,0,5,3,2024.89,1505.85,6122.89,99,10,4.7,5,1,0,0,0,0,0,0,2,0,0,-1,0,0,0
23324.04,8.58,3.99,1,0,0,0,0,3,4,2718.05,340.51,5852.46,32,11,1.8,2,1,0,1,1,1,0,5,5,0,0,-1,0,1,1
11023.58,0.5,0.17,0,264,1,20,0,2,0,21844.23,901.03,65532.68,147,3,5.2,14,0,0,0,0,0,0,1,0,0,0,-1,0,2,0
19840.53,7.02,2.79,0,21,0,20,0,3,2,2827.3,919.39,7099.33,70,3,3.8,8,1,0,0,1,0,1,0,2,0,0,-1,0,1,0
59887.56,31.85,11.72,1,0,0,14,0,4,3,1880.2,211.9,5111.08,161,12,5.4,6,1,0,1,0,1,0,2,2,0,0,-1,0,2,1
275.77,0.3,0.13,0,207,1,13,0,1,3,931.47,187.77,2071.5,166,2,3.1,14,0,1,0,0,0,0,0,2,0,0,-1,0,0,0
1706.75,0.9,0.33,0,245,1,18,0,1,1,1897.06,176.51,5202.99,33,14,7.4,8,1,1,0,0,0,0,2,0,0,0,-1,0,1,0
262.74,0.21,0.05,0,16,1,15,0,1,0,1237.07,565.17,5457.14,9,8,3.9,3,0,0,1,0,0,0,2,2,0,0,-1,0,1,0
2678.2,1.17,0.37,0,64,1,19,0,5,1,2282.03,233.46,7267.45,234,19,7.2,8,1,1,0,0,0,0,0,0,0,0,-1,0,0,0
42438.07,80.21,28.32,1,0,0,19,1,4,2,529.07,402.35,1498.3,161,7,6.0,14,1,0,1,0,0,1,5,4,0,0,-1,0,0,1
47682.92,2.12,0.71,0,703,1,0,0,5,1,22458.13,173.77,67374.39,235,2,2.3,4,0,0,0,0,0,0,2,1,0,0,-1,0,2,0
5756.2,1.34,0.35,0,33,1,11,1,1,2,4281.17,555.25,16554.31,5,9,6.2,8,1,1,0,0,0,0,1,1,0,0,-1,0,0,0
735.24,0.78,0.2,0,47,1,3,0,5,2,939.65,837.28,3643.73,207,15,3.1,2,0,0,0,0,0,0,2,0,0,0,-1,0,2,0
20721.71,8.76,3.87,1,0,0,22,0,6,4,2364.99,325.13,5352.41,116,14,5.1,8,1,0,1,1,0,0,4,1,0,0,-1,0,2,1
7517.18,2.62,1.06,1,74,1,0,0,4,0,2866.06,2733.26,7068.6,156,15,3.0,5,0,0,0,0,0,0,1,2,0,0,-1,0,1,0
1211.2,0.85,0.2,0,273,1,17,0,5,3,1419.35,439.75,6182.93,210,14,0.7,1,0,0,0,0,0,0,2,1,0,0,-1,0,0,0
95072.6,145.6,71.61,0,4,0,4,0,5,1,652.96,935.57,1327.65,157,18,4.9,3,0,1,0,0,0,0,2,1,1,4,20,1,3,1
27678.76,30.81,9.17,1,34,1,7,0,2,3,898.35,360.81,3019.92,67,4,6.0,6,0,1,0,0,0,0,1,2,0,0,-1,0,0,0
22291.72,47.89,25.48,1,0,0,18,0,2,0,465.44,897.92,874.99,13,4,1.3,10,0,0,0,0,0,0,2,2,0,0,-1,0,2,1
404.11,0.6,0.18,0,322,1,10,0,3,0,678.96,170.61,2283.6,108,3,4.7,0,0,1,0,0,0,0,2,2,0,0,-1,0,1,0
477.26,0.56,0.15,0,156,1,2,0,2,1,848.62,530.32,3233.05,237,19,7.8,0,1,1,0,0,0,0,0,1,0,0,-1,0,1,0
243.65,0.22,0.1,0,19,1,13,1,2,3,1110.03,299.36,2358.88,207,18,7.8,1,0,1,0,0,0,0,2,2,0,0,-1,0,2,0
511.77,0.4,0.09,0,234,1,8,0,4,1,1280.14,527.79,5995.1,140,5,3.8,9,1,1,1,0,0,0,2,2,0,0,-1,0,2,0
126013.41,11.54,1.11,0,70,1,14,0,3,1,10916.85,983.12,113412.07,146,2,4.7,6,0,0,0,0,0,0,0,0,0,0,-1,0,1,0
583.33,0.39,0.12,0,214,1,20,0,5,3,1489.0,337.33,4674.95,92,18,2.1,14,0,1,0,0,0,0,2,1,0,0,-1,0,1,0
397.94,0.34,0.09,1,169,1,6,0,2,1,1169.85,796.28,4283.66,115,20,1.3,14,0,0,0,0,0,0,2,0,0,0,-1,0,1,0
14720.63,4.44,0.98,0,51,1,20,0,4,2,3316.79,748.43,15078.25,18,14,0.6,9,1,1,0,0,0,0,0,0,0,0,-1,0,1,0
630.28,0.51,0.16,1,228,1,13,0,0,2,1227.91,1389.76,3840.78,155,11,1.8,6,0,1,0,0,0,0,0,1,0,0,-1,0,1,0
22735.01,28.44,13.68,1,0,0,8,0,4,2,799.27,2339.54,1661.65,24,19,6.0,10,1,0,1,1,0,0,3,2,0,0,-1,0,1,1
1365.13,0.73,0.36,0,305,1,6,0,1,0,1859.18,1018.2,3787.31,177,15,2.0,13,0,1,0,0,0,1,1,2,0,0,-1,0,1,0
11026.06,6.25,1.65,0,11,0,5,0,4,1,1764.53,1351.31,6664.6,249,13,5.5,6,0,1,0,0,0,0,2,0,1,3,12,0,6,1
35141.79,12.43,5.99,1,0,0,0,0,4,3,2826.04,198.58,5866.76,198,7,3.6,1,1,0,1,0,1,0,2,1,0,0,-1,0,2,1
39543.38,2.0,0.67,0,708,1,21,0,3,2,19766.28,161.52,59298.83,242,3,6.4,0,1,0,0,0,0,0,1,0,0,0,-1,0,1,0
26535.96,16.09,5.53,0,1,0,18,0,3,0,1648.87,800.63,4797.53,31,20,1.4,2,0,1,0,0,0,0,2,0,1,3,50,1,2,1
89.1,0.06,0.02,1,186,1,7,0,0,3,1554.28,1039.01,3599.16,147,4,7.8,12,1,1,0,0,0,0,0,1,0,0,-1,0,1,0
51265.94,43.63,20.1,1,0,0,20,0,1,1,1175.01,755.41,2550.94,156,17,3.0,0,0,0,0,0,0,0,0,1,0,0,-1,0,0,1
145337.59,16.51,1.11,0,418,1,10,1,3,1,8802.66,302.24,130803.83,223,12,5.4,12,1,0,0,0,0,0,0,1,0,0,-1,0,0,0
3460.12,0.76,0.17,0,84,1,2,0,1,1,4523.08,1112.34,19955.66,215,2,7.9,1,1,1,0,0,0,0,2,2,0,0,-1,0,1,0
11005.79,4.7,1.4,0,13,0,13,0,2,3,2342.44,3077.18,7858.97,150,6,7.2,2,0,1,0,0,0,0,1,3,1,3,20,1,6,1
115778.95,4.87,1.11,0,456,1,20,0,4,1,23770.39,191.19,104201.05,267,11,5.9,2,0,1,0,0,0,0,2,1,0,0,-1,0,2,0
33953.95,56.53,25.03,1,14,0,10,0,2,1,600.66,304.81,1356.79,113,3,3.1,13,0,1,0,0,0,0,1,1,1,4,34,1,4,1
41995.67,25.7,12.73,1,0,0,17,0,5,5,1633.85,1130.18,3298.72,133,17,1.0,5,1,0,1,1,1,0,3,2,0,0,-1,0,2,1
68287.94,95.95,25.21,0,0,0,16,0,2,1,711.73,369.52,2708.93,244,3,3.6,2,0,1,0,0,0,0,1,3,1,2,11,0,2,1
245.17,0.39,0.1,0,290,1,20,0,3,3,634.08,141.68,2523.37,114,19,5.8,1,0,0,0,0,0,0,0,0,0,0,-1,0,0,0
29000.57,4.37,1.11,0,274,1,11,0,3,1,6641.78,1227.65,26100.51,241,9,2.8,13,0,0,0,0,0,0,1,0,0,0,-1,0,1,0
26285.16,30.42,6.37,0,86,1,0,0,5,0,863.99,404.26,4123.81,16,18,1.2,11,1,1,0,0,0,0,1,0,0,0,-1,0,1,0
32592.47,14.86,5.44,0,6,0,14,0,1,1,2193.47,477.92,5992.93,169,13,6.1,3,0,0,0,0,0,0,0,2,1,2,10,0,2,1
35205.15,8.88,2.42,0,6,0,7,0,2,2,3965.04,1772.82,14553.18,163,20,1.4,7,0,1,1,0,0,1,0,2,1,2,15,0,4,1
432.57,0.32,0.07,0,59,1,0,0,4,3,1343.24,310.53,5917.28,77,20,2.6,1,0,1,0,0,0,0,1,2,0,0,-1,0,0,0
49492.91,28.85,10.2,1,0,0,7,0,6,2,1715.68,362.71,4850.72,16,9,1.7,14,1,0,1,1,0,0,2,3,0,0,-1,0,1,1
145.15,0.31,0.12,1,72,1,12,0,5,2,468.83,922.38,1173.63,191,5,5.1,3,0,1,0,0,0,0,0,1,0,0,-1,0,2,0
8630.26,1.77,0.51,1,46,0,17,0,2,1,4869.58,1033.39,16774.16,215,12,2.1,13,1,0,0,0,0,0,2,1,0,0,-1,0,1,0
24581.76,1.46,0.49,0,299,1,18,0,1,1,16884.44,334.46,50653.32,88,13,5.8,13,1,0,0,0,0,0,1,0,0,0,-1,0,1,0
27845.67,24.24,10.89,0,9,1,22,0,5,0,1148.6,1364.13,2557.55,130,5,6.2,7,1,0,0,0,0,0,2,2,0,0,-1,0,1,0
572.22,0.56,0.13,0,245,1,16,0,1,2,1019.03,203.12,4282.39,136,5,6.2,12,0,1,0,0,0,0,2,0,0,0,-1,0,2,0
325.53,0.87,0.27,0,93,1,22,0,4,1,374.72,846.11,1204.92,219,7,4.4,7,0,1,1,0,0,0,0,1,0,0,-1,0,0,0
53466.28,54.33,21.31,0,8,0,5,0,0,0,984.11,472.78,2508.85,142,14,6.4,9,1,0,0,0,0,0,1,1,1,4,35,0,4,1
280.09,0.44,0.13,0,37,1,13,0,1,3,636.36,840.01,2101.03,117,20,6.2,0,0,1,0,0,0,0,0,1,0,0,-1,0,0,0
24136.12,5.58,1.43,1,6,0,9,0,4,0,4324.55,692.41,16912.32,152,9,4.0,13,1,0,0,0,0,0,0,0,0,0,-1,0,1,0
20589.05,1.95,0.65,0,694,1,17,0,2,3,10540.83,236.67,31622.5,227,5,6.0,12,0,0,0,0,0,0,2,0,0,0,-1,0,1,0
183.27,0.55,0.12,0,187,1,21,0,1,1,333.87,150.66,1469.87,104,7,1.7,13,0,1,0,0,0,0,1,2,0,0,-1,0,1,0
377.97,0.68,0.24,0,204,1,20,1,1,1,551.88,1974.16,1573.01,192,19,2.0,7,0,1,0,0,0,0,1,1,0,0,-1,0,0,0
2386.9,0.65,0.24,0,39,0,23,0,3,0,3672.24,567.43,10009.94,230,19,1.4,2,0,0,1,0,0,0,2,1,0,0,-1,0,1,0
48314.41,37.49,19.13,1,0,0,18,0,1,3,1288.83,318.99,2525.3,198,14,0.7,4,0,1,0,0,0,0,2,4,0,0,-1,0,0,1
4069.94,1.64,0.46,0,10,0,23,0,4,2,2480.14,1378.53,8913.66,29,6,4.1,4,0,1,0,0,0,0,1,0,1,3,54,1,1,1
11912.27,11.9,4.92,1,0,0,1,0,5,2,1001.04,753.35,2420.66,145,17,2.2,9,1,0,0,0,0,0,2,3,0,0,-1,0,0,1
69035.17,18.14,8.14,1,0,0,10,0,4,0,3805.76,415.42,8483.98,120,14,2.3,14,0,1,0,0,0,0,0,2,1,3,30,0,5,1
40998.99,54.75,20.17,1,0,0,5,0,5,2,748.82,815.63,2032.55,189,6,6.7,4,0,0,0,0,0,0,1,1,0,0,-1,0,1,1
16101.65,4.07,1.47,0,79,1,18,0,2,0,3952.34,1270.45,10985.98,192,4,5.8,1,0,0,0,0,0,0,0,1,0,0,-1,0,1,0
136050.16,5.98,1.11,0,195,1,14,0,3,2,22743.19,229.07,122445.14,128,14,0.8,0,1,1,0,0,0,0,0,2,0,0,-1,0,1,0
99312.52,8.93,1.11,0,118,1,0,0,4,0,11124.69,690.93,89381.27,193,9,1.4,14,0,0,0,0,0,1,1,1,0,0,-1,0,2,0
56617.24,15.21,3.85,0,1,0,19,0,1,3,3722.59,955.2,14692.6,6,4,6.5,3,1,1,0,0,0,0,2,2,1,3,56,0,6,1
54352.95,46.38,18.89,1,0,0,15,0,3,2,1172.0,804.65,2876.76,68,12,6.1,5,1,0,1,0,1,0,4,4,1,0,-1,0,0,1
6634.04,1.4,0.49,0,14,0,5,0,2,3,4735.77,213.07,13581.51,246,8,5.7,13,1,0,0,0,0,0,0,1,0,0,-1,0,1,0
20132.46,7.93,2.39,1,64,0,11,0,4,0,2538.53,543.72,8411.64,38,14,3.7,8,0,1,0,0,0,0,0,2,0,0,-1,0,1,0
37615.73,18.25,7.68,1,0,0,5,0,3,0,2061.5,1547.33,4898.87,242,6,1.9,8,0,1,0,0,0,0,2,3,0,0,-1,0,2,1
55999.95,28.48,12.38,1,0,0,5,0,8,3,1966.11,246.43,4524.36,161,17,2.5,4,1,0,1,1,1,0,3,3,0,0,-1,0,1,1
3237.27,3.65,0.87,0,276,0,13,0,0,3,887.77,381.25,3707.57,43,11,1.3,9,1,1,0,0,1,1,0,1,0,0,-1,0,0,0
77040.61,7.08,1.11,0,203,1,10,0,2,0,10874.57,647.86,69336.55,62,17,2.6,4,0,0,0,0,0,0,1,0,0,0,-1,0,2,0
30792.34,39.7,17.25,1,0,0,13,0,4,2,775.69,545.78,1785.06,154,11,6.9,6,1,0,1,1,0,0,5,5,0,0,-1,0,2,1
224.95,0.16,0.04,0,104,1,10,0,0,3,1408.0,274.33,5436.24,16,10,6.0,0,1,1,0,0,0,0,2,2,0,0,-1,0,2,0
399.34,0.39,0.16,0,103,1,19,0,3,3,1019.83,1626.28,2555.29,49,10,1.3,10,0,0,0,0,0,0,1,1,0,0,-1,0,0,0
264.2,0.23,0.05,0,215,1,23,0,4,2,1167.07,1225.09,5110.79,94,19,2.0,3,0,1,0,0,0,0,1,1,0,0,-1,0,0,0
370.55,0.41,0.11,0,130,0,6,0,1,3,905.64,355.19,3231.92,209,6,5.4,1,0,0,0,0,0,0,2,2,0,0,-1,0,2,0
563.11,0.9,0.24,1,185,1,5,0,0,1,626.36,482.62,2351.96,80,15,3.2,5,0,0,0,0,0,0,1,1,0,0,-1,0,2,0
23857.25,2.09,0.7,0,398,1,0,0,1,1,11411.3,708.77,34233.89,109,2,3.7,5,0,1,0,0,0,0,1,1,0,0,-1,0,2,0
89637.6,51.36,21.48,0,12,0,6,0,2,0,1745.12,442.1,4173.28,75,3,5.0,9,0,0,0,0,0,0,2,2,1,3,14,0,6,1
27969.05,17.05,7.6,1,0,0,21,0,3,1,1640.5,233.03,3678.1,66,11,1.1,7,0,1,0,0,0,0,0,2,0,0,-1,0,1,1
74441.6,183.18,91.01,1,0,0,14,0,2,3,406.39,392.03,817.97,214,2,0.5,4,0,0,0,0,0,0,0,1,0,0,-1,0,0,1
3138.98,2.96,0.72,0,106,1,3,0,5,2,1060.21,1397.47,4337.08,246,5,5.2,9,0,0,0,0,0,0,1,0,0,0,-1,0,0,0
3310.74,2.93,0.81,0,17,0,23,0,0,2,1129.39,1373.27,4064.44,239,14,3.4,12,0,1,0,0,0,0,2,0,0,0,-1,0,0,0
98335.75,6.2,1.11,0,335,1,22,0,1,0,15865.86,700.65,88502.18,103,8,3.1,12,1,1,0,0,0,0,1,0,0,0,-1,0,1,0
489.24,0.38,0.08,0,30,1,10,0,3,3,1298.94,214.41,6104.74,202,20,1.1,4,0,0,0,0,0,0,0,1,0,0,-1,0,2,0
239.99,0.57,0.13,0,147,1,2,1,3,3,424.56,213.38,1866.73,47,15,6.9,5,0,0,0,0,0,0,0,2,0,0,-1,0,1,0
14106.54,3.8,1.41,0,7,1,13,0,2,3,3715.65,170.95,10000.29,47,17,0.9,1,0,1,0,0,0,0,1,1,0,0,-1,0,1,0
11126.57,0.57,0.19,0,645,1,21,0,4,2,19416.21,149.47,58248.64,229,19,4.0,4,0,1,0,0,0,0,1,0,0,0,-1,0,2,0
124833.05,13.8,1.11,0,86,1,11,0,4,2,9046.69,647.71,112349.75,103,8,7.1,4,0,1,0,0,0,0,2,0,0,0,-1,0,1,0
107824.07,5.67,1.11,0,713,1,4,0,5,1,19031.89,1244.68,97041.66,270,10,2.4,1,0,1,0,0,0,0,1,0,0,0,-1,0,2,0
871.59,2.32,0.57,0,250,1,4,1,3,0,374.95,1261.37,1532.18,107,17,4.8,9,0,1,1,0,0,0,2,0,0,0,-1,0,1,0
934.68,0.6,0.13,0,183,1,9,0,4,2,1548.69,365.8,7407.69,46,18,3.1,13,0,1,0,0,0,0,1,1,0,0,-1,0,1,0
62159.55,152.56,80.21,1,0,0,8,0,5,2,407.45,423.63,774.94,17,4,1.1,9,0,0,1,0,1,0,2,3,0,0,-1,0,0,1
10933.18,2.7,1.2,0,57,1,8,0,5,1,4050.64,556.81,9120.63,235,20,6.7,4,0,0,0,0,0,0,0,1,0,0,-1,0,0,0
487.57,0.45,0.1,0,297,1,2,1,0,3,1093.07,396.42,4724.11,29,20,3.0,11,0,0,0,0,0,0,1,2,0,0,-1,0,1,0
53853.37,80.09,36.61,1,0,0,12,0,4,3,672.4,670.16,1470.99,91,14,5.0,14,1,0,1,0,1,0,4,3,0,0,-1,0,2,1
83627.37,9.23,1.11,0,555,1,9,0,0,1,9057.51,445.92,75264.63,167,17,1.2,13,0,1,0,0,1,0,1,2,0,0,-1,0,0,0
416.76,0.51,0.15,0,50,1,4,0,1,3,823.81,965.66,2747.79,204,10,7.1,13,0,0,0,0,0,0,1,0,0,0,-1,0,1,0
36399.32,1.92,0.64,0,334,1,19,0,3,2,18975.55,847.02,56926.65,167,2,2.5,14,0,0,0,0,0,0,1,1,0,0,-1,0,1,0
3088.78,2.11,0.83,0,2,1,15,1,2,2,1462.69,358.58,3735.03,220,19,6.0,5,0,1,0,0,0,0,2,1,0,0,-1,0,1,0
50091.53,49.29,24.05,1,0,0,20,0,2,2,1016.36,755.9,2082.55,100,15,3.4,12,1,0,0,0,0,0,2,2,0,0,-1,0,3,1
610.18,0.47,0.22,1,164,1,17,1,3,1,1310.67,768.82,2745.04,112,4,6.8,8,0,1,0,0,0,1,2,1,0,0,-1,0,1,0
27157.86,2.84,0.95,0,704,1,11,0,5,3,9550.88,657.03,28652.65,52,13,2.9,0,0,1,0,0,0,0,0,1,0,0,-1,0,2,0
27895.69,6.52,1.66,1,43,0,3,1,5,3,4276.79,268.82,16833.26,240,15,3.3,12,0,0,0,0,0,0,1,1,0,0,-1,0,0,0
15456.99,0.72,0.24,0,683,1,5,0,0,0,21618.02,325.26,64854.07,128,6,5.3,3,0,1,0,0,0,0,0,0,0,0,-1,0,2,0
22000.26,6.68,1.59,0,33,1,8,0,2,1,3295.45,540.87,13828.64,219,12,5.9,11,1,0,1,0,0,1,2,0,0,0,-1,0,0,0
91938.23,5.6,1.11,0,75,1,6,0,3,2,16404.64,176.02,82744.41,87,17,1.7,10,0,1,0,0,0,0,1,0,0,0,-1,0,0,0
127436.78,15.2,1.11,0,421,1,16,0,1,2,8384.99,1265.68,114693.1,119,2,7.9,12,0,1,1,0,0,0,2,0,0,0,-1,0,0,0
2289.76,0.56,0.22,0,32,0,2,0,0,3,4110.81,1093.54,10195.6,56,2,7.4,2,0,1,0,0,0,0,2,1,0,0,-1,0,1,0
4952.72,1.86,0.48,0,3,0,12,0,3,1,2661.42,700.72,10277.92,131,4,2.6,4,0,1,0,0,0,0,2,2,1,2,25,0,6,1
13373.62,10.45,3.04,0,72,1,22,0,4,3,1280.16,492.93,4401.33,127,9,3.1,5,1,1,0,0,0,0,1,0,0,0,-1,0,1,0
1367.95,0.91,0.2,0,213,1,10,0,1,1,1503.87,1226.67,6754.45,216,13,5.5,5,1,1,0,0,0,0,2,1,0,0,-1,0,1,0
12847.13,5.42,1.31,0,16,0,12,0,0,1,2370.52,473.15,9839.71,132,17,4.9,0,0,1,0,0,0,0,0,2,0,0,-1,0,0,0
2424.51,2.6,0.54,0,84,1,18,1,2,3,933.5,248.6,4495.15,137,20,3.0,11,1,0,0,0,0,0,2,0,0,0,-1,0,1,0
882.49,0.47,0.12,1,65,1,6,0,1,3,1894.94,162.62,7442.73,41,4,1.0,5,1,1,0,0,0,1,0,2,0,0,-1,0,1,0
141207.92,6.1,1.11,0,538,1,17,0,5,3,23157.58,188.41,127087.13,71,19,2.4,7,1,1,0,0,0,0,2,2,0,0,-1,0,1,0
141099.94,14.1,1.11,0,169,1,20,0,0,1,10009.29,602.64,126989.95,271,16,5.9,4,0,1,0,0,1,0,1,0,0,0,-1,0,1,0
1099.32,0.78,0.36,0,216,1,11,0,3,1,1407.5,575.83,3086.52,53,14,2.0,8,1,1,0,0,1,0,1,1,0,0,-1,0,0,0
235.87,0.44,0.22,0,34,1,1,0,4,0,532.27,260.68,1066.2,129,11,4.7,7,0,1,0,0,0,0,0,1,0,0,-1,0,2,0
48174.24,2.85,0.95,0,440,1,5,0,4,2,16901.4,367.08,50704.2,298,9,0.7,0,1,1,0,0,0,0,0,1,0,0,-1,0,0,0
128.28,0.14,0.05,0,173,1,3,0,0,1,913.32,1286.31,2847.58,235,9,7.4,0,1,1,0,0,0,1,1,0,0,0,-1,0,2,0
133657.37,5.75,1.11,0,533,1,12,0,3,1,23252.8,1076.31,120291.63,81,20,6.9,11,0,0,0,0,0,0,1,1,0,0,-1,0,0,0
21555.22,45.77,22.85,1,6,0,15,0,0,0,470.93,311.7,943.52,180,3,2.3,8,0,1,0,0,0,0,2,2,1,3,42,0,5,1
405.59,0.31,0.08,0,353,1,20,0,1,3,1303.6,1887.78,5177.41,167,13,5.9,6,0,0,0,0,0,0,0,1,0,0,-1,0,0,0
353.17,0.23,0.07,0,339,1,9,0,0,2,1525.72,699.15,4907.52,229,16,6.0,2,0,0,1,0,0,0,2,2,0,0,-1,0,2,0
400.86,0.21,0.04,1,311,1,21,0,2,2,1920.95,1927.46,9157.75,114,7,3.9,11,0,1,0,0,0,0,2,2,0,0,-1,0,0,0
10530.55,15.59,5.65,1,0,0,19,0,7,5,675.52,341.14,1863.84,20,20,7.2,12,1,0,1,1,0,1,5,1,0,0,-1,0,0,1
1119.43,0.76,0.18,0,345,1,7,0,2,0,1480.49,1316.83,6176.16,56,13,2.1,1,0,0,0,0,0,0,1,0,0,0,-1,0,0,0
61830.09,2.82,0.94,0,460,1,14,0,1,0,21949.02,207.03,65847.05,149,12,6.8,1,1,1,0,0,0,0,2,0,0,0,-1,0,2,0
1222.59,0.81,0.23,0,252,0,1,0,4,1,1518.23,186.38,5354.2,115,17,1.4,10,0,1,0,0,0,0,0,1,0,0,-1,0,2,0
17469.77,5.86,1.73,1,3,0,6,0,5,3,2979.99,1905.71,10099.91,68,2,1.0,14,0,1,0,0,0,0,1,1,1,2,42,1,5,1
9977.92,3.99,0.88,1,8,0,21,0,3,0,2503.3,871.98,11401.36,21,9,7.5,1,0,1,0,0,0,0,0,0,0,0,-1,0,1,0
352.63,0.28,0.06,0,76,1,0,0,5,1,1248.09,1541.65,6193.4,215,4,0.8,5,0,1,0,0,0,0,0,2,0,0,-1,0,2,0
38920.47,21.47,7.19,0,8,0,7,0,4,1,1813.02,507.11,5412.04,56,14,1.1,5,0,1,0,0,0,0,1,1,1,3,16,1,1,1
344.17,0.18,0.08,0,279,1,10,0,1,0,1908.34,504.58,4563.37,181,12,2.1,6,0,1,0,0,0,0,2,1,0,0,-1,0,0,0
131.15,0.1,0.03,1,68,1,14,0,4,3,1351.54,1853.36,4708.03,181,18,7.1,8,0,1,0,0,0,0,0,2,0,0,-1,0,0,0
60790.36,20.19,8.85,0,3,0,23,0,0,0,3010.31,161.25,6871.15,213,14,2.5,12,0,1,0,0,0,0,2,2,1,3,50,1,2,1
8770.28,2.45,0.86,0,5,0,8,0,4,1,3582.58,418.68,10155.63,96,12,3.7,11,1,1,0,0,0,0,1,1,1,4,55,1,5,1
295.35,0.17,0.04,0,165,1,16,0,4,1,1737.04,651.75,6682.31,242,6,5.6,2,0,1,1,0,0,0,0,1,0,0,-1,0,1,0
18355.28,9.59,3.3,1,0,0,10,0,3,1,1914.49,437.17,5566.56,187,9,1.0,0,0,0,0,0,0,1,0,4,0,0,-1,0,1,1
70082.08,11.27,1.11,0,443,1,14,0,5,3,6216.28,2353.6,63073.87,193,11,7.2,12,0,0,1,0,0,0,2,1,0,0,-1,0,2,0
239.56,0.45,0.17,1,337,1,14,0,0,2,533.44,2826.33,1407.07,14,15,4.8,3,0,1,0,0,0,0,2,2,0,0,-1,0,2,0
33267.77,11.7,4.63,1,0,0,2,0,5,5,2843.43,145.5,7183.46,197,15,7.5,7,1,0,1,1,1,0,5,5,0,0,-1,0,1,1
21841.25,6.58,1.39,0,33,0,5,0,4,3,3318.33,810.88,15692.12,77,18,2.2,3,0,1,0,0,0,0,2,1,0,0,-1,0,1,0
22354.01,20.18,5.49,0,19,1,11,0,2,0,1107.46,1251.88,4072.87,151,11,7.2,3,0,0,0,0,0,0,1,1,0,0,-1,0,1,0
50833.25,24.28,10.18,1,0,0,17,0,7,5,2093.38,1368.59,4994.81,135,20,2.3,12,1,0,1,1,1,0,5,2,0,0,-1,0,1,1
510.6,0.29,0.08,0,280,1,13,0,2,0,1746.59,528.84,6685.34,197,7,5.7,14,0,0,0,0,0,0,2,2,0,0,-1,0,0,0
89420.39,4.15,1.11,0,616,1,22,1,0,1,21571.75,953.21,80478.35,210,20,5.8,4,0,1,1,0,0,1,2,0,0,0,-1,0,1,0
25854.11,19.89,7.1,1,0,0,9,0,2,0,1299.63,872.83,3643.47,160,9,3.3,7,0,1,0,0,0,0,1,4,0,0,-1,0,2,1
58888.08,79.66,36.99,1,0,0,3,0,4,2,739.25,320.15,1591.81,83,14,2.9,10,1,0,1,1,0,0,2,2,0,0,-1,0,1,1
392.38,0.51,0.15,0,133,1,3,0,2,1,770.64,140.68,2642.1,171,4,2.1,6,0,1,0,0,0,0,2,2,0,0,-1,0,1,0
8976.66,2.57,0.57,0,42,0,23,0,2,0,3494.05,1084.42,15673.02,166,8,4.8,11,0,1,0,0,0,0,1,2,0,0,-1,0,1,0
37010.05,2.4,0.8,0,716,1,3,1,1,0,15418.21,815.3,46254.64,152,5,2.6,11,0,0,0,0,0,0,2,2,0,0,-1,0,2,0
859.92,0.59,0.18,0,190,1,12,1,0,0,1463.24,703.47,4889.75,4,8,4.2,10,0,0,0,0,0,0,2,1,0,0,-1,0,2,0
197.37,0.33,0.15,0,359,1,12,0,3,0,589.8,341.79,1295.69,250,3,7.2,12,0,0,0,0,0,0,1,1,0,0,-1,0,2,0
7596.29,2.12,0.96,0,25,0,9,0,3,1,3581.24,321.57,7892.17,113,11,5.0,12,0,0,0,0,0,0,1,0,0,0,-1,0,1,0
26680.14,7.06,1.63,1,61,0,21,0,3,0,3777.1,888.95,16380.02,36,2,4.5,10,1,1,0,0,0,0,1,1,0,0,-1,0,1,0
1248.6,1.28,0.37,0,250,1,13,0,3,3,974.64,966.11,3394.28,85,8,5.9,0,0,1,0,0,1,1,0,1,0,0,-1,0,0,0
299.25,0.73,0.2,1,14,0,22,0,0,0,408.4,510.56,1519.65,171,6,6.5,5,1,1,0,0,0,0,1,2,0,0,-1,0,1,0
42015.03,25.01,12.58,1,0,0,17,0,1,3,1680.23,907.99,3339.06,221,9,1.4,0,1,1,0,0,0,0,2,4,0,0,-1,0,0,1
671.84,0.66,0.15,0,120,1,11,0,1,2,1021.01,758.62,4553.93,174,6,1.5,1,0,0,0,0,0,0,0,0,0,0,-1,0,1,0
519.11,0.32,0.1,1,335,1,19,0,5,2,1619.59,786.88,4945.09,219,5,2.3,9,1,1,1,0,0,0,0,0,0,0,-1,0,0,0
1205.28,2.82,0.58,0,358,1,18,0,3,2,427.32,258.7,2083.52,105,14,1.1,0,1,1,0,0,0,0,2,1,0,0,-1,0,2,0
33255.01,1.73,0.58,0,667,1,8,0,5,1,19188.01,648.08,57564.02,91,4,6.7,9,0,1,0,0,0,0,2,1,0,0,-1,0,0,0
53403.54,20.71,8.6,1,0,0,1,0,8,2,2578.93,558.91,6208.52,107,15,5.9,6,1,0,1,0,0,0,2,2,0,0,-1,0,2,1
1102.51,0.72,0.19,0,104,1,12,1,0,3,1527.8,836.22,5763.4,53,7,1.0,5,0,0,0,0,0,0,0,0,0,0,-1,0,2,0
3848.85,1.63,0.42,0,63,0,2,0,2,0,2363.19,645.46,9169.16,114,8,2.1,12,0,1,0,0,0,0,0,2,0,0,-1,0,0,0
25130.83,14.43,4.08,1,89,1,10,0,1,2,1741.65,519.01,6153.36,56,4,6.0,5,0,1,0,0,0,0,0,0,0,0,-1,0,0,0
44857.06,26.56,11.42,1,0,0,2,0,2,2,1688.77,1160.58,3927.5,110,16,7.3,5,1,0,1,0,0,0,2,4,0,0,-1,0,1,1
373.91,0.39,0.08,0,175,1,8,0,0,2,952.2,346.6,4646.22,195,16,5.3,7,0,1,0,0,0,0,1,0,0,0,-1,0,0,0
720.67,0.45,0.09,0,87,1,5,0,2,2,1593.34,744.19,7928.75,206,20,6.8,0,0,1,0,0,0,0,1,2,0,0,-1,0,0,0
110677.03,21.2,1.11,0,339,1,0,0,0,0,5220.27,148.74,99609.33,95,9,6.4,1,0,0,0,0,0,1,1,1,0,0,-1,0,1,0
984.0,0.87,0.23,0,219,1,8,1,1,0,1127.08,2860.72,4369.74,151,5,1.3,14,0,0,0,0,0,0,1,0,0,0,-1,0,1,0
17769.68,5.01,1.39,0,47,0,10,0,5,1,3546.46,601.53,12793.58,145,9,2.3,4,1,1,0,0,0,0,0,0,0,0,-1,0,0,0
30758.34,12.41,5.59,1,0,0,20,0,2,3,2477.68,586.01,5507.06,192,5,4.8,12,1,0,0,0,0,0,0,3,0,0,-1,0,1,1
60787.66,37.8,14.46,1,5,0,5,0,4,2,1608.22,477.23,4202.44,11,9,7.4,3,1,0,0,0,0,0,2,2,1,4,53,0,1,1
29052.69,18.01,8.14,1,69,1,12,0,2,1,1612.93,244.49,3570.04,13,16,2.4,5,1,1,0,0,0,0,2,0,0,0,-1,0,1,0
55142.27,19.85,8.1,0,6,0,13,0,5,1,2778.2,624.12,6811.25,38,15,6.0,8,0,1,0,0,0,0,1,0,1,2,38,1,1,1
22636.45,10.92,3.04,0,12,0,22,0,4,1,2072.58,693.54,7437.93,40,12,6.1,5,1,0,0,0,0,0,0,2,0,0,-1,0,1,0
34234.71,11.29,3.15,0,11,0,15,0,4,1,3033.37,508.59,10856.01,91,12,2.5,4,1,0,0,0,0,0,0,0,1,4,37,0,2,1
167.31,0.1,0.04,0,309,1,8,0,2,0,1736.71,178.97,4318.5,80,19,2.6,8,0,1,0,0,0,0,0,2,0,0,-1,0,1,0
67432.2,3.39,1.11,0,604,1,18,0,5,1,19872.74,505.56,60688.98,173,11,0.9,3,0,1,0,0,0,0,2,2,0,0,-1,0,0,0
105418.64,8.84,1.11,0,477,1,5,0,0,2,11930.44,367.63,94876.78,49,9,4.6,12,0,0,0,0,0,0,2,2,0,0,-1,0,2,0
9553.61,1.96,0.82,1,83,1,10,0,0,1,4874.1,578.36,11600.5,137,8,0.5,3,1,1,0,0,0,0,1,2,0,0,-1,0,1,0
13838.13,14.83,3.2,0,67,0,12,1,1,3,932.85,1060.16,4329.68,89,2,6.4,3,1,1,0,0,0,0,0,0,0,0,-1,0,1,0
13426.8,2.8,0.69,1,24,0,0,0,1,3,4801.46,667.13,19580.85,17,14,2.6,8,1,0,1,0,0,0,2,1,0,0,-1,0,1,0
1164.3,2.7,0.63,0,322,1,18,0,5,2,431.03,376.39,1843.53,137,13,6.8,7,1,0,0,0,0,0,0,0,0,0,-1,0,0,0
37359.58,37.79,18.4,1,0,0,5,0,7,2,988.69,206.23,2030.9,36,17,5.7,1,1,0,1,1,0,0,3,3,0,0,-1,0,2,1
27099.16,15.41,5.45,1,0,0,7,1,5,2,1758.44,425.92,4970.14,122,9,6.7,10,1,0,1,0,0,0,3,5,0,0,-1,0,0,1
2422.93,0.65,0.2,0,51,0,21,0,0,1,3713.77,271.25,12186.54,33,7,1.5,4,1,1,0,0,0,0,2,1,0,0,-1,0,0,0
567.04,0.31,0.09,1,233,1,5,0,0,1,1805.04,188.09,6340.62,91,3,7.5,1,0,1,0,0,0,1,0,1,0,0,-1,0,2,0
15059.23,8.57,2.99,0,18,1,3,0,0,3,1756.85,1629.15,5044.33,138,10,5.2,3,1,1,0,0,0,0,1,0,0,0,-1,0,1,0
228.45,0.4,0.13,0,56,1,6,0,3,3,576.9,1479.72,1795.53,183,15,1.4,1,0,1,0,0,0,0,2,1,0,0,-1,0,2,0
17391.44,9.4,3.48,1,0,0,20,0,5,5,1850.56,626.47,4994.38,7,18,3.6,0,1,0,1,0,0,1,2,4,0,0,-1,0,0,1
1187.32,0.6,0.3,0,126,1,9,0,0,1,1965.2,1101.93,4014.84,50,11,3.0,7,0,0,0,0,0,0,0,2,0,0,-1,0,1,0
24596.55,11.82,4.31,0,11,0,20,0,5,2,2081.31,384.85,5701.72,86,9,2.1,2,0,1,0,0,0,0,1,1,1,2,19,1,2,1
620.89,0.5,0.14,0,333,1,1,0,4,1,1243.69,675.06,4564.89,100,10,3.7,9,0,0,0,0,0,0,2,2,0,0,-1,0,1,0
354.63,0.25,0.05,0,73,1,19,1,0,0,1418.1,540.27,6536.31,6,12,2.6,11,0,1,0,0,0,1,2,2,0,0,-1,0,0,0
24833.3,1.25,0.42,0,499,1,21,0,2,1,19800.21,1171.74,59400.62,285,3,7.0,0,0,0,0,0,0,0,2,2,0,0,-1,0,0,0
14116.13,3.77,0.88,0,2,1,21,0,5,2,3745.84,152.93,16106.85,153,2,5.3,8,0,1,0,0,0,0,2,0,0,0,-1,0,1,0
397.96,0.27,0.07,1,9,1,14,0,5,1,1475.64,276.73,5739.84,244,6,1.3,9,0,1,0,0,0,0,0,0,0,0,-1,0,0,0
440.97,0.36,0.16,0,69,1,0,0,0,0,1234.53,618.06,2745.27,103,18,1.8,2,1,0,0,0,0,0,1,2,0,0,-1,0,2,0
7553.6,1.64,0.34,0,4,0,7,0,1,1,4614.7,2382.65,22215.08,170,18,6.7,1,0,1,0,0,0,0,2,1,0,0,-1,0,1,0
244.08,0.19,0.04,0,334,1,0,0,0,0,1296.94,1795.91,5563.46,104,18,2.6,11,1,1,0,0,0,0,1,0,0,0,-1,0,2,0
30720.32,17.62,9.49,1,0,0,12,0,2,2,1743.22,440.2,3235.6,77,3,1.2,3,0,0,0,0,0,0,0,1,0,0,-1,0,1,1
680.54,0.38,0.08,0,22,1,19,0,5,2,1772.86,625.02,8693.05,238,4,7.9,6,1,0,0,0,0,0,1,0,0,0,-1,0,1,0
13538.13,7.8,3.41,1,0,0,5,0,5,3,1736.24,1419.71,3969.69,83,3,6.2,7,1,0,0,0,0,0,0,1,0,0,-1,0,2,1
86660.64,93.48,24.63,1,4,0,18,0,5,3,927.04,253.25,3518.65,191,20,3.8,1,1,1,0,0,0,0,1,3,1,4,8,0,6,1
22457.45,13.85,5.39,1,0,0,16,1,3,3,1621.03,283.88,4164.61,57,8,5.1,7,0,1,1,0,0,0,1,1,0,0,-1,0,0,1
42859.71,21.56,10.17,0,2,0,13,0,1,1,1987.78,325.91,4214.96,90,10,2.1,8,1,0,0,0,0,0,2,3,1,3,33,1,4,1
110993.25,5.71,1.11,0,462,1,7,0,1,1,19429.78,606.43,99893.93,211,4,4.5,2,0,1,0,1,0,0,2,2,0,0,-1,0,2,0
37590.11,1.82,0.61,0,309,1,18,0,3,2,20648.67,3343.98,61946.01,146,16,4.5,8,0,0,0,0,1,0,1,1,0,0,-1,0,0,0
507.84,0.84,0.38,0,294,1,6,0,1,0,607.24,383.38,1335.11,9,8,2.7,1,0,1,0,0,0,0,0,0,0,0,-1,0,1,0
149693.59,12.22,1.11,0,531,1,0,0,0,3,12254.41,462.19,134724.23,190,17,2.0,9,1,1,0,0,0,0,2,2,0,0,-1,0,2,0
14644.78,0.69,0.23,0,244,1,7,0,3,1,21279.17,550.99,63837.51,298,7,7.3,2,0,1,1,0,0,0,1,1,0,0,-1,0,0,0
10401.5,2.25,0.47,0,26,0,0,0,4,1,4632.36,323.56,21980.36,175,18,7.5,11,0,0,0,0,0,0,0,0,0,0,-1,0,0,0
276.41,0.14,0.03,0,69,1,2,0,5,3,1971.62,778.77,9207.02,104,3,2.2,13,0,1,0,0,0,0,0,1,0,0,-1,0,2,0
552.78,0.47,0.16,0,150,1,22,0,1,2,1183.95,201.17,3496.14,121,11,4.9,7,0,1,0,0,0,0,2,2,0,0,-1,0,2,0
433.16,0.22,0.09,0,167,1,10,1,3,2,1996.07,157.2,4832.86,94,12,6.2,3,1,1,1,0,0,0,0,1,0,0,-1,0,0,0
26055.14,41.44,10.94,1,12,0,13,0,4,3,628.8,179.21,2382.37,57,13,4.2,5,0,0,0,0,0,0,2,1,1,4,27,1,2,1
151.79,0.17,0.04,1,171,1,22,0,3,0,884.03,208.44,3720.33,35,12,4.0,10,1,1,0,0,0,0,2,2,0,0,-1,0,2,0
90297.74,6.98,1.11,0,522,1,13,1,5,2,12927.94,834.19,81267.97,58,16,1.5,10,1,1,0,0,0,0,0,2,0,0,-1,0,1,0
49088.67,47.28,16.75,1,0,0,7,0,4,0,1038.28,304.81,2929.84,162,9,1.1,4,0,1,1,0,0,0,0,3,0,0,-1,0,0,1
29049.44,54.58,23.1,1,0,0,18,0,3,3,532.26,183.68,1257.74,235,7,5.1,7,0,0,0,0,0,0,1,3,0,0,-1,0,2,1
439.39,1.24,0.39,0,111,1,11,0,3,1,355.58,859.07,1139.28,198,5,3.0,12,0,0,0,0,0,0,0,1,0,0,-1,0,0,0
2988.37,2.36,0.56,0,149,1,9,0,3,3,1267.19,538.21,5341.93,84,13,3.4,12,0,1,0,0,0,0,0,0,0,0,-1,0,0,0
6976.1,3.09,1.31,0,25,0,1,0,3,0,2260.68,941.46,5331.97,177,9,2.5,11,1,1,0,0,0,0,0,1,0,0,-1,0,0,0
72594.3,8.07,1.11,0,144,1,7,0,4,3,8992.9,232.31,65334.87,265,12,4.2,7,0,1,0,0,0,0,1,1,0,0,-1,0,2,0
7672.85,1.65,0.33,0,10,0,13,0,4,3,4636.17,1442.98,23113.88,233,17,7.9,12,1,0,0,0,0,0,2,0,0,0,-1,0,1,0
932.21,0.52,0.18,0,360,1,4,0,3,1,1784.09,1273.03,5179.52,198,3,2.7,4,0,0,0,0,0,0,1,2,0,0,-1,0,1,0
23639.76,7.81,3.57,0,19,1,0,0,2,2,3025.92,282.58,6625.84,36,18,3.6,0,0,1,0,1,0,0,0,0,0,0,-1,0,1,0
1240.63,1.78,0.45,1,278,1,6,0,2,1,695.61,1161.54,2754.09,81,12,5.7,9,0,1,0,0,0,1,2,2,0,0,-1,0,0,0
35716.96,65.03,22.09,0,14,0,4,0,4,2,549.21,1060.61,1616.99,249,7,6.3,5,0,0,0,0,0,0,1,0,1,4,21,0,1,1
29761.76,10.59,2.12,0,61,1,15,1,2,0,2811.21,305.27,14040.74,46,18,7.3,5,0,1,1,0,0,0,0,0,0,0,-1,0,1,0
25681.55,12.28,5.67,0,46,0,4,0,3,0,2091.73,209.22,4525.68,85,7,5.8,10,1,1,0,1,0,1,2,0,0,0,-1,0,0,0
886.22,0.73,0.33,0,363,1,16,0,3,1,1208.78,1224.74,2669.21,61,15,3.6,13,0,0,0,0,0,0,1,2,0,0,-1,0,0,0
783.98,0.47,0.14,0,247,1,11,0,0,3,1664.11,1779.05,5576.12,6,7,2.9,9,1,1,0,0,0,0,0,1,0,0,-1,0,2,0
21925.62,5.33,1.93,1,40,1,5,0,4,2,4116.95,464.13,11375.14,205,3,7.0,6,0,1,1,0,0,0,1,2,0,0,-1,0,0,0
131139.31,7.76,1.11,0,435,1,6,0,4,3,16892.3,599.82,118025.38,228,5,7.2,1,1,1,0,0,0,0,0,1,0,0,-1,0,1,0
23490.7,9.97,3.53,1,0,0,22,0,6,5,2357.24,250.08,6654.26,191,9,7.2,6,1,0,1,0,1,0,3,2,0,0,-1,0,2,1
1044.1,0.59,0.21,0,92,1,5,0,2,1,1765.2,1020.53,5026.67,176,14,3.1,12,1,1,0,0,1,0,2,1,0,0,-1,0,1,0
32585.75,22.21,10.14,1,0,0,19,0,4,5,1467.46,725.87,3212.52,96,18,5.1,14,1,0,1,1,0,0,2,2,0,0,-1,0,2,1
80588.95,5.67,1.11,0,456,1,0,0,3,2,14222.39,2163.44,72530.05,267,10,3.4,7,1,1,0,1,0,0,1,1,0,0,-1,0,1,0
31743.61,19.3,8.07,1,0,0,10,1,8,5,1644.99,466.9,3931.87,167,7,5.4,3,1,0,1,0,1,0,4,3,0,0,-1,0,1,1
87.69,0.06,0.01,0,230,1,6,0,1,2,1542.83,910.11,7515.28,187,10,6.9,8,0,1,0,0,0,0,0,2,0,0,-1,0,0,0
51528.05,57.8,20.18,1,0,0,3,0,7,2,891.45,627.12,2553.22,86,6,7.2,7,1,0,1,0,1,0,2,2,0,0,-1,0,2,1
55878.9,37.41,19.66,1,0,0,23,0,3,3,1493.88,929.95,2841.59,76,8,3.1,9,0,1,0,0,0,0,2,3,0,0,-1,0,2,1
23680.61,33.59,16.12,1,0,0,0,0,7,5,704.94,1663.46,1469.0,135,20,6.2,8,1,0,1,0,1,0,5,5,0,0,-1,0,0,1
7975.48,3.01,1.12,1,0,0,9,0,3,5,2650.03,401.03,7122.34,150,9,2.8,1,1,0,1,1,1,0,4,4,0,0,-1,0,0,1
9903.04,3.4,0.96,0,45,0,21,0,5,1,2911.84,385.07,10360.02,47,3,7.1,14,1,0,0,0,0,0,0,0,0,0,-1,0,0,0
264.76,0.15,0.04,0,25,0,9,0,2,1,1725.94,1016.81,7360.45,13,8,3.7,4,0,0,0,0,0,0,0,0,0,0,-1,0,1,0
65023.88,3.21,1.07,0,119,1,11,0,3,1,20244.57,651.31,60733.71,188,19,1.3,11,0,1,0,0,0,0,2,0,0,0,-1,0,0,0
21292.91,8.66,3.11,0,15,1,6,0,1,1,2458.27,1734.11,6841.06,246,6,6.3,7,0,0,0,0,0,0,0,1,0,0,-1,0,0,0
444.78,0.71,0.24,0,42,1,12,0,2,1,625.54,300.08,1827.92,193,8,1.2,7,0,0,0,0,0,0,1,1,0,0,-1,0,0,0
131.03,0.26,0.06,0,197,0,12,0,2,1,509.38,721.07,2105.42,14,11,7.6,7,0,1,0,0,0,0,1,0,0,0,-1,0,1,0
39580.34,2.91,0.97,0,180,1,6,0,4,1,13605.81,547.51,40817.42,230,3,2.8,12,0,1,0,0,0,0,1,0,0,0,-1,0,2,0
2558.55,0.7,0.16,0,51,0,2,0,1,3,3670.92,517.78,15758.85,201,20,5.3,12,1,1,0,0,0,0,0,1,0,0,-1,0,0,0
1442.52,1.32,0.32,0,165,1,5,0,0,0,1094.61,331.84,4488.77,9,7,5.4,12,0,1,0,0,0,1,0,0,0,0,-1,0,2,0
626.67,0.56,0.19,0,290,0,0,0,4,1,1111.31,413.2,3363.76,31,13,1.6,7,0,1,0,0,0,0,1,0,0,0,-1,0,2,0
21807.55,27.77,12.56,1,0,0,20,0,5,3,785.24,3283.26,1736.81,33,17,2.8,13,1,0,1,0,0,1,5,2,0,0,-1,0,1,1
24765.37,16.91,3.57,1,52,1,20,0,2,1,1464.94,417.49,6932.26,234,8,6.3,11,1,1,0,0,0,0,1,2,0,0,-1,0,1,0
427.76,0.24,0.06,1,102,1,7,0,1,1,1765.83,1739.38,7679.27,158,9,2.2,14,1,1,0,0,0,0,1,0,0,0,-1,0,1,0
623.02,0.92,0.24,0,342,1,21,0,1,0,676.63,933.38,2601.88,204,9,4.9,0,0,1,1,0,0,0,1,1,0,0,-1,0,2,0
207.62,0.19,0.04,0,325,1,4,0,4,0,1073.51,431.85,5349.47,25,14,5.5,1,1,1,0,0,0,1,0,1,0,0,-1,0,1,0
28482.79,35.77,12.04,1,0,0,7,0,1,1,796.38,546.53,2365.61,192,8,0.7,5,1,1,1,0,0,0,1,4,0,0,-1,0,3,1
63816.15,16.99,5.13,0,6,0,22,0,1,2,3756.14,647.73,12429.67,63,2,4.8,4,0,0,0,0,0,0,1,0,1,3,37,1,5,1
4571.01,1.53,0.35,0,43,1,22,0,2,2,2983.89,177.85,12877.99,111,14,6.7,3,0,1,1,0,0,0,2,0,0,0,-1,0,0,0
33200.38,2.03,0.68,0,252,1,22,0,4,2,16351.97,298.61,49055.91,118,13,5.7,6,0,0,0,0,0,0,1,1,0,0,-1,0,2,0
113212.4,4.58,1.11,0,705,1,16,0,3,0,24702.97,554.36,101891.16,258,6,5.0,1,1,1,1,0,0,0,1,1,0,0,-1,0,2,0
124405.75,6.92,1.11,0,319,1,10,0,5,3,17977.67,2342.45,111965.18,196,19,4.5,0,0,1,0,0,1,0,2,0,0,0,-1,0,0,0
94734.01,74.25,25.42,0,5,0,14,1,1,2,1275.86,720.66,3727.02,225,2,4.4,8,0,1,0,0,0,0,1,2,1,3,56,1,1,1
97050.39,10.93,1.11,0,352,1,1,0,5,0,8882.51,424.87,87345.35,261,19,6.3,2,0,1,0,0,0,0,0,0,0,0,-1,0,0,0
20458.44,8.63,3.44,0,74,1,9,0,5,2,2370.85,310.09,5943.58,162,20,3.3,6,0,1,0,0,0,0,1,1,0,0,-1,0,0,0
259.98,0.15,0.04,0,46,1,5,1,5,2,1744.3,434.79,5823.35,34,5,2.3,6,0,0,0,0,0,0,0,0,0,0,-1,0,1,0
330.22,0.24,0.1,1,127,1,23,0,0,2,1359.87,734.74,3291.25,24,20,6.0,11,0,1,0,0,0,0,2,1,0,0,-1,0,0,0
961.25,0.77,0.31,0,320,1,13,0,2,1,1242.84,503.23,3118.42,47,5,3.9,8,0,0,0,0,0,0,2,1,0,0,-1,0,0,0
21308.96,4.67,2.11,1,87,1,1,0,2,2,4562.58,376.73,10089.76,169,17,3.3,6,1,0,1,0,0,0,2,2,0,0,-1,0,0,0
83650.22,5.72,1.11,0,465,1,18,0,5,2,14627.57,152.71,75285.2,50,5,0.5,7,0,1,0,0,0,0,2,2,0,0,-1,0,2,0
3029.85,0.88,0.28,0,57,1,12,0,0,0,3459.85,458.7,10679.35,243,15,5.9,3,1,0,1,0,0,0,1,1,0,0,-1,0,0,0
17193.3,8.39,2.88,1,0,0,0,0,5,3,2050.25,431.96,5961.88,33,12,7.8,1,1,1,1,0,0,0,1,3,0,0,-1,0,1,1
53178.42,23.88,11.78,1,0,0,18,1,1,2,2226.68,673.01,4515.74,74,14,5.3,3,1,0,1,0,0,0,2,3,0,0,-1,0,1,1
19690.01,12.19,2.91,1,48,0,5,0,4,1,1615.58,427.06,6777.75,158,16,6.9,6,0,1,0,0,0,0,0,1,0,0,-1,0,0,0
18012.35,27.48,12.18,1,0,0,10,0,4,1,655.51,677.05,1479.04,212,7,2.3,11,1,0,1,0,0,0,0,1,0,0,-1,0,3,1
9437.35,9.13,4.41,1,0,0,16,0,4,1,1033.96,1054.27,2138.18,211,8,3.3,13,0,0,0,0,0,0,0,2,1,0,-1,0,3,1
17897.35,4.89,1.53,1,40,1,17,0,2,2,3659.85,457.16,11676.34,142,4,0.6,6,0,0,1,0,0,0,0,1,0,0,-1,0,0,0
2105.22,1.51,0.35,0,78,1,18,0,0,0,1394.1,572.12,5997.95,186,15,7.1,13,1,0,0,0,0,1,1,2,0,0,-1,0,0,0
876.22,0.67,0.23,1,125,1,15,0,0,1,1308.07,476.14,3862.47,115,6,2.9,0,0,1,0,0,0,1,2,1,0,0,-1,0,0,0
203.73,0.13,0.03,1,348,1,6,0,2,1,1517.65,311.17,7343.63,34,2,2.9,0,0,0,0,0,0,0,1,1,0,0,-1,0,2,0
1311.38,1.61,0.56,0,315,1,14,0,0,3,816.23,1459.81,2359.96,180,2,1.0,7,0,1,0,0,0,0,1,0,0,0,-1,0,0,0
30639.75,12.66,6.34,1,0,0,23,0,2,1,2420.22,444.52,4836.11,197,17,7.8,10,1,1,0,0,0,0,2,1,0,0,-1,0,0,1
741.53,1.03,0.43,1,206,1,19,0,4,3,719.82,2999.17,1738.17,187,11,7.8,10,1,1,0,0,0,0,1,2,0,0,-1,0,0,0
48063.62,2.87,0.96,0,486,1,14,0,2,0,16756.07,1522.51,50268.22,173,6,0.7,12,0,1,1,0,0,0,0,1,0,0,-1,0,2,0
210.46,0.19,0.07,0,258,1,15,0,5,1,1125.76,1133.99,2847.43,66,4,5.7,9,0,0,0,0,0,0,2,0,0,0,-1,0,2,0
267.29,0.18,0.05,0,286,1,5,0,2,1,1481.74,519.08,5675.11,59,12,5.5,9,0,1,0,0,0,0,0,1,0,0,-1,0,1,0
63447.92,6.67,1.11,0,415,1,9,1,1,3,9510.4,153.09,57103.13,276,8,0.6,13,0,1,0,0,0,0,2,1,0,0,-1,0,0,0
64791.03,2.73,0.91,0,150,1,14,0,3,3,23699.16,796.16,71097.49,232,13,2.2,9,0,1,0,0,0,0,2,0,0,0,-1,0,1,0
2178.74,2.09,0.88,0,335,1,19,0,1,3,1044.89,574.52,2485.48,13,13,5.1,6,0,1,0,0,0,0,1,2,0,0,-1,0,2,0
54257.34,39.38,14.52,1,0,0,22,0,2,1,1377.64,1094.34,3736.51,27,7,3.3,13,0,0,0,0,1,0,2,1,0,0,-1,0,1,1
127423.03,21.03,1.11,0,67,1,18,0,0,3,6060.31,3030.02,114680.73,66,12,1.6,8,0,0,1,0,0,0,2,1,0,0,-1,0,1,0
87358.04,22.93,6.56,0,14,0,7,0,0,1,3810.35,670.37,13325.44,88,15,5.2,3,0,0,0,0,0,0,1,0,1,4,33,0,1,1
247.31,0.29,0.07,0,166,1,1,0,5,2,857.93,1247.16,3750.9,109,13,1.1,0,1,1,1,0,0,0,2,1,0,0,-1,0,1,0
118017.58,23.43,1.11,0,265,1,22,0,4,0,5036.65,797.08,106215.82,221,18,3.5,7,1,1,0,0,0,0,0,1,0,0,-1,0,0,0
435.18,0.22,0.06,1,69,1,9,0,0,0,1954.31,1810.18,6966.14,47,18,1.7,6,1,1,0,0,0,0,2,2,0,0,-1,0,0,0
1608.44,1.15,0.24,1,308,0,6,0,5,0,1404.43,364.08,6671.83,123,17,3.2,8,0,1,0,0,0,0,0,0,0,0,-1,0,0,0
65052.27,3.25,1.08,0,357,1,11,0,2,2,20016.57,1218.12,60049.7,195,12,8.0,10,0,0,0,0,0,0,0,2,0,0,-1,0,0,0
65482.22,5.58,1.11,0,382,1,19,0,3,1,11727.19,198.3,58934.0,271,4,1.7,12,1,1,0,0,1,0,0,2,0,0,-1,0,0,0
136566.15,10.5,1.11,0,152,1,11,0,2,2,13011.86,1069.78,122909.54,125,8,0.9,5,0,1,0,0,0,0,0,0,0,0,-1,0,2,0
51147.82,13.16,5.69,0,9,0,15,0,5,2,3887.46,548.3,8994.98,131,14,7.0,9,0,1,0,0,0,0,0,1,1,4,15,1,2,1
1196.71,1.02,0.26,1,294,1,1,0,4,0,1177.78,165.88,4686.75,232,4,3.9,6,0,1,0,0,0,0,1,1,0,0,-1,0,1,0
168.76,0.14,0.06,0,39,1,6,0,5,1,1240.65,1008.61,2661.0,211,13,2.7,1,0,0,0,0,0,0,2,0,0,0,-1,0,0,0
47505.48,27.2,12.39,1,0,0,18,0,3,5,1746.28,2317.32,3834.27,120,2,8.0,6,1,0,1,0,0,0,2,5,0,0,-1,0,0,1
16839.94,15.1,4.27,0,14,0,14,0,1,1,1114.87,184.8,3941.76,45,10,4.4,11,1,0,0,0,0,0,0,1,0,0,-1,0,1,0
18844.23,6.67,2.33,1,0,0,2,0,8,4,2825.56,786.18,8073.58,77,11,6.7,2,1,0,1,0,0,0,5,4,0,0,-1,0,1,1
3923.74,2.16,0.46,0,31,1,1,0,5,0,1814.28,541.22,8505.9,70,17,4.7,14,0,1,0,0,0,0,2,1,0,0,-1,0,0,0
1537.59,1.44,0.57,0,187,0,5,0,0,1,1071.15,231.59,2676.39,33,14,2.2,10,0,1,0,0,0,0,1,2,0,0,-1,0,1,0
222.23,0.16,0.04,0,231,1,23,0,1,1,1391.99,566.46,4981.33,54,18,5.7,2,1,1,0,0,0,0,2,0,0,0,-1,0,1,0
22805.23,26.11,11.36,1,0,0,4,0,5,3,873.31,190.82,2007.06,43,15,2.6,11,1,0,1,1,1,0,5,1,0,0,-1,0,0,1
234.19,0.22,0.09,0,221,1,21,0,0,1,1061.16,326.2,2551.18,139,5,4.3,0,0,1,0,0,0,0,0,0,0,0,-1,0,2,0
75339.73,29.05,7.98,0,14,0,13,0,3,3,2593.3,680.83,9443.25,215,14,3.3,7,0,1,0,0,0,0,0,3,1,4,7,0,3,1
150.56,0.19,0.05,0,246,1,9,0,2,2,776.99,2077.52,3242.6,17,4,4.3,0,0,1,0,1,0,0,2,1,0,0,-1,0,0,0
53998.58,19.65,6.89,1,0,0,3,0,7,4,2747.6,633.25,7835.43,55,3,7.7,7,1,0,1,0,1,0,4,3,0,0,-1,0,0,1
27912.34,27.35,7.26,1,12,1,4,0,1,1,1020.43,388.79,3845.69,203,20,5.4,2,0,1,0,0,0,0,0,1,0,0,-1,0,0,0
348.68,0.34,0.12,0,66,1,10,1,0,2,1030.12,166.79,2844.46,138,10,4.2,3,1,0,0,0,1,0,1,2,0,0,-1,0,2,0
62582.62,25.51,10.14,1,0,0,23,0,2,2,2453.45,235.17,6171.41,41,6,1.2,5,0,1,0,0,0,0,2,1,0,0,-1,0,2,1
612.42,0.32,0.09,0,330,1,15,0,4,1,1934.64,409.23,6923.15,174,7,3.8,0,0,0,0,0,0,0,2,1,0,0,-1,0,1,0
30538.56,13.48,3.99,1,3,0,9,0,4,0,2265.55,543.8,7649.28,211,4,2.6,13,0,1,0,0,0,0,0,1,1,2,59,0,4,1
26235.41,1.35,0.45,0,381,1,3,0,4,0,19496.09,502.22,58488.28,109,13,2.8,6,0,1,0,0,0,0,2,0,0,0,-1,0,0,0
913.17,0.99,0.21,0,95,1,20,0,1,0,919.52,501.75,4295.68,43,13,1.3,6,1,1,0,0,0,0,1,1,0,0,-1,0,0,0
152.12,0.08,0.02,0,160,1,1,0,5,2,1810.42,890.31,6649.05,126,13,4.8,0,0,1,0,0,0,0,2,0,0,0,-1,0,1,0
20152.43,0.86,0.29,0,440,1,3,0,1,3,23329.4,362.28,69988.19,247,8,7.0,9,0,0,0,0,0,0,0,2,0,0,-1,0,1,0
19406.77,5.02,1.54,1,73,1,8,0,5,3,3865.2,454.3,12614.35,126,12,7.2,7,0,1,1,0,0,0,2,2,0,0,-1,0,1,0
30948.05,9.41,2.47,0,8,0,4,0,5,3,3287.76,143.38,12551.52,97,7,2.4,11,0,0,0,0,0,0,1,3,1,2,57,1,4,1
199.87,0.19,0.07,1,69,1,20,0,1,0,1067.21,379.91,2915.12,123,4,1.6,3,0,1,1,0,0,0,2,0,0,0,-1,0,0,0
435.46,0.27,0.06,0,156,1,18,0,2,3,1641.66,236.46,7250.26,245,17,5.7,11,0,1,1,0,0,0,0,1,0,0,-1,0,1,0
30241.8,11.59,3.69,0,6,0,9,0,5,0,2609.81,397.01,8198.46,237,2,7.7,7,0,1,1,0,0,0,0,0,1,3,36,0,6,1
95550.83,18.31,1.11,0,669,1,12,0,4,1,5217.56,300.55,85995.75,155,11,2.4,8,0,0,0,0,0,0,1,2,0,0,-1,0,2,0
101049.15,7.44,1.11,0,495,1,5,0,0,2,13581.74,952.19,90944.24,202,6,3.8,8,0,1,0,0,0,0,1,1,0,0,-1,0,1,0
69527.42,7.97,1.11,0,315,1,14,0,1,1,8719.4,714.55,62574.68,97,17,0.8,7,0,0,0,0,0,0,1,1,0,0,-1,0,0,0
507.68,0.74,0.35,0,94,1,2,1,0,0,685.68,955.4,1468.99,223,15,6.1,5,1,1,0,0,0,0,0,2,0,0,-1,0,1,0
125251.92,7.19,1.11,0,271,1,0,0,0,1,17411.08,1117.61,112726.73,90,5,3.6,9,0,0,0,0,0,0,2,0,0,0,-1,0,2,0
232.73,0.3,0.12,0,247,1,21,0,5,1,781.86,2639.67,1979.02,245,10,3.8,4,0,1,0,0,0,1,1,2,0,0,-1,0,1,0
21669.67,15.74,7.16,1,0,0,14,0,2,1,1376.97,549.4,3024.85,113,16,7.6,1,0,1,1,0,0,0,2,1,0,0,-1,0,2,1
4484.18,1.28,0.42,0,7,0,13,0,1,1,3493.13,696.48,10764.85,205,5,2.9,1,0,0,0,0,0,0,0,3,1,3,9,0,4,1
81749.74,3.63,1.11,0,132,1,4,1,5,0,22534.02,2764.22,73574.77,255,17,6.6,4,0,1,0,0,0,0,0,1,0,0,-1,0,1,0
666.17,0.67,0.17,0,361,1,10,0,5,1,987.37,728.3,3865.08,20,19,7.8,13,0,0,0,0,0,0,2,1,0,0,-1,0,0,0
501.23,0.36,0.1,0,236,0,23,0,1,2,1385.4,2687.06,5066.69,89,20,1.4,3,0,0,0,0,0,0,2,0,0,0,-1,0,0,0
71945.07,26.65,9.17,1,2,0,13,1,3,0,2699.2,888.71,7844.97,57,11,1.8,13,0,1,0,0,0,0,2,3,1,2,21,1,6,1
298.33,0.39,0.1,0,148,1,22,0,0,2,767.26,628.17,2895.94,244,6,4.3,9,1,1,0,0,0,0,2,1,0,0,-1,0,0,0
486.95,0.39,0.11,0,6,0,20,0,2,2,1235.73,1064.76,4440.72,68,20,6.4,0,1,1,0,0,0,0,0,0,0,0,-1,0,2,0
79038.17,4.19,1.11,0,367,1,2,0,5,1,18850.73,720.27,71134.35,135,8,1.3,7,0,1,0,0,0,0,2,2,0,0,-1,0,1,0
37758.49,18.87,8.12,1,1,0,4,0,3,2,2001.44,377.71,4650.02,185,4,3.9,12,0,1,0,0,0,0,2,0,1,2,43,1,2,1
18354.2,4.99,1.41,1,65,1,8,0,4,3,3679.63,145.88,12994.07,197,15,5.6,1,0,1,0,0,0,0,0,1,0,0,-1,0,1,0
1155.23,1.3,0.41,0,198,1,21,0,5,3,888.79,946.13,2794.07,220,9,4.2,5,0,0,0,0,0,0,1,1,0,0,-1,0,0,0
25788.45,19.25,7.11,1,0,0,23,0,3,3,1339.59,425.33,3626.03,13,18,6.0,6,1,0,1,0,0,0,4,2,0,0,-1,0,2,1
763.21,1.45,0.34,0,302,0,1,1,5,1,524.74,366.01,2255.37,42,10,7.0,1,0,1,0,0,0,0,1,0,0,0,-1,0,1,0
23912.72,7.02,2.09,0,2,0,23,0,4,0,3405.72,609.12,11419.94,148,2,5.3,8,1,1,0,0,0,0,0,1,1,3,38,0,6,1
16888.72,11.79,2.4,0,74,1,22,0,5,2,1432.92,407.79,7050.77,195,14,5.8,4,0,1,0,0,0,0,1,1,0,0,-1,0,1,0
85290.32,39.2,15.96,0,10,0,15,0,5,0,2175.62,770.01,5345.13,204,3,6.7,7,0,1,0,0,0,0,1,1,1,3,8,1,1,1
8545.65,13.57,4.96,1,0,0,16,0,2,0,629.92,2197.82,1723.48,150,12,3.3,12,0,1,1,0,0,0,1,4,0,0,-1,0,1,1
919.79,0.48,0.1,1,179,1,11,0,1,3,1932.81,721.26,9222.03,103,8,1.6,13,0,0,0,0,0,0,2,1,0,0,-1,0,0,0
59964.12,4.14,1.11,0,521,1,19,0,3,2,14485.13,351.39,53967.71,277,19,7.1,7,0,0,0,0,0,0,2,1,0,0,-1,0,1,0
296.02,0.59,0.12,1,27,1,0,0,3,1,501.2,296.21,2390.69,76,9,7.4,10,1,1,0,0,0,0,0,0,0,0,-1,0,1,0
447.85,0.39,0.14,0,256,1,9,0,0,2,1144.17,530.54,3148.21,22,18,2.6,1,0,1,0,0,0,1,1,2,0,0,-1,0,2,0
27038.13,15.15,4.03,0,33,0,12,0,3,1,1784.78,1140.58,6716.05,207,2,3.5,13,0,0,0,0,0,0,0,2,0,0,-1,0,1,0
644.27,0.49,0.11,0,150,1,8,0,1,0,1303.21,327.84,5649.59,184,11,0.7,0,0,0,0,0,0,0,2,1,0,0,-1,0,1,0
142.19,0.08,0.02,0,90,0,2,0,5,0,1708.71,148.23,6265.33,35,18,3.3,4,1,0,0,1,0,0,0,2,0,0,-1,0,1,0
14132.98,3.48,0.91,1,29,0,10,0,1,1,4066.63,184.17,15493.64,48,8,4.1,10,0,0,0,0,0,0,2,1,0,0,-1,0,1,0
466.3,0.45,0.12,0,318,1,11,0,1,0,1044.88,160.04,4006.03,249,16,2.5,6,1,1,0,0,0,0,0,0,0,0,-1,0,2,0
434.98,0.43,0.15,0,131,0,9,0,4,3,1005.12,215.42,2933.47,84,6,2.7,0,1,1,0,0,0,0,2,1,0,0,-1,0,0,0
131164.39,9.52,1.11,0,522,1,2,0,0,2,13776.61,3726.3,118047.95,66,16,7.6,7,0,1,0,0,0,0,0,1,0,0,-1,0,2,0
657.72,2.19,0.51,0,257,1,6,0,3,0,300.84,721.37,1282.69,28,19,4.9,9,1,1,0,0,0,0,1,2,0,0,-1,0,2,0
4024.32,8.48,2.79,1,112,1,9,0,1,2,474.32,385.32,1443.53,185,11,5.7,1,1,1,0,0,0,0,2,0,0,0,-1,0,2,0
35281.03,1.64,0.55,0,65,1,16,0,4,0,21451.83,635.3,64355.5,89,15,2.2,7,0,1,0,0,0,0,0,2,0,0,-1,0,1,0
16024.44,3.97,1.48,0,11,1,11,0,2,2,4035.61,1054.21,10794.49,151,17,2.5,8,0,1,0,0,0,0,0,2,0,0,-1,0,0,0
159.4,0.08,0.02,0,316,1,15,0,2,0,1939.8,764.21,9009.53,97,7,6.1,11,1,1,0,0,0,0,1,1,0,0,-1,0,0,0
2603.67,1.37,0.48,0,251,0,11,0,5,0,1903.07,2025.95,5369.73,232,18,5.4,11,1,0,1,1,0,0,1,0,0,0,-1,0,0,0
63727.12,3.5,1.11,0,684,1,8,0,0,2,18203.11,625.13,57354.41,213,17,2.0,10,0,1,0,0,0,0,2,2,0,0,-1,0,2,0
464.23,0.27,0.12,0,235,1,13,0,3,2,1702.3,726.74,3971.38,9,13,6.8,6,0,1,0,0,0,0,2,1,0,0,-1,0,1,0
420.15,0.52,0.21,0,228,1,19,0,4,3,813.0,458.58,1958.81,237,8,6.5,5,0,1,1,0,0,0,0,2,0,0,-1,0,0,0
45071.15,41.74,15.19,1,0,0,12,0,7,3,1079.9,436.25,2967.03,237,5,2.4,2,1,0,1,1,0,0,5,1,0,0,-1,0,2,1
56537.89,21.66,10.04,1,0,0,3,0,8,5,2609.69,632.19,5633.94,213,15,5.6,4,1,0,1,0,0,0,4,1,0,0,-1,0,1,1
42443.73,12.13,5.1,0,13,0,17,0,2,2,3497.81,356.31,8320.53,22,8,5.2,6,1,1,1,1,0,0,1,0,1,4,28,1,3,1
19064.35,9.34,3.85,0,12,0,9,0,1,1,2041.14,331.42,4957.58,168,13,0.9,13,0,0,0,0,0,0,1,1,1,3,19,0,2,1
7417.26,3.15,0.67,0,71,0,15,1,5,3,2356.4,375.94,11030.01,35,4,2.2,8,1,1,0,0,0,0,1,0,0,0,-1,0,0,0
9324.3,5.73,2.33,1,0,0,15,0,8,3,1626.52,274.66,4001.09,71,20,5.6,7,1,0,1,0,1,0,5,1,0,0,-1,0,1,1
176.39,0.25,0.06,0,326,1,17,0,1,2,701.37,600.23,2971.88,132,5,6.0,13,0,1,0,0,1,0,0,1,0,0,-1,0,2,0
76055.68,154.42,40.95,1,7,0,23,0,5,1,492.51,588.11,1857.37,104,8,2.2,6,0,0,0,0,0,0,0,0,1,3,33,1,3,1
59847.82,31.51,14.63,1,0,0,8,0,4,4,1899.13,208.88,4091.9,231,10,1.9,11,1,0,1,1,1,0,5,4,0,0,-1,0,1,1
9849.51,7.95,2.06,1,14,0,7,0,1,2,1238.91,1132.41,4778.76,42,15,4.7,13,0,1,0,0,0,0,1,2,1,3,0,1,6,1
513.86,0.38,0.12,0,182,1,23,1,3,0,1341.02,623.68,4425.89,227,19,7.2,7,0,1,0,0,0,0,1,1,0,0,-1,0,2,0
26348.96,2.28,0.76,0,422,1,11,0,4,1,11568.3,1253.28,34704.89,177,12,5.7,0,0,0,0,0,0,0,2,2,0,0,-1,0,2,0
42285.3,46.7,19.93,1,0,0,12,0,8,3,905.48,253.19,2121.21,22,18,3.3,2,1,0,1,0,0,0,2,1,0,0,-1,0,1,1
26363.04,1.23,0.41,0,579,1,23,0,5,0,21493.68,1272.54,64481.05,300,15,1.7,13,0,1,0,0,0,0,0,0,0,0,-1,0,0,0
691.95,1.98,0.52,0,308,1,9,1,5,0,349.63,490.7,1343.38,90,5,5.6,2,0,1,0,0,0,0,0,1,0,0,-1,0,0,0
541.97,0.28,0.07,0,251,1,14,0,4,3,1962.97,216.56,7457.57,202,7,5.2,0,0,0,0,0,0,0,0,2,0,0,-1,0,2,0
56405.71,23.64,10.59,1,0,0,14,0,4,3,2386.5,965.4,5328.17,181,11,2.8,5,1,0,1,1,0,0,3,5,0,0,-1,0,2,1
69312.59,37.99,13.41,1,0,0,20,0,4,0,1824.36,205.41,5168.92,182,12,5.1,3,0,0,0,0,0,0,1,2,0,0,-1,0,0,1
329.1,1.05,0.22,1,249,1,20,0,4,3,314.14,2072.85,1497.27,166,19,2.8,5,1,1,0,0,0,0,0,1,0,0,-1,0,2,0
38888.11,79.09,35.21,1,0,0,5,0,2,1,491.72,260.7,1104.56,117,15,7.6,14,0,0,1,0,0,0,2,1,0,0,-1,0,2,1
291.68,0.17,0.04,0,81,0,19,0,3,2,1756.14,161.44,6575.89,165,13,5.8,10,0,0,0,0,0,0,1,1,0,0,-1,0,1,0
19394.9,6.51,2.36,1,10,0,22,0,5,2,2979.29,285.73,8213.42,198,2,7.7,7,1,1,0,0,0,0,1,0,1,3,4,0,5,1
1121.82,0.59,0.23,0,224,1,22,0,1,3,1893.94,518.76,4809.03,167,9,4.2,5,0,1,0,0,0,0,0,1,0,0,-1,0,2,0
7913.24,3.67,1.21,0,5,0,6,0,0,3,2155.5,659.66,6550.59,240,9,2.3,14,0,1,0,0,0,0,2,0,1,4,22,0,2,1
114433.8,5.85,1.11,0,301,1,21,0,2,1,19555.0,711.52,102990.42,135,20,0.7,11,0,0,0,0,0,0,2,2,0,0,-1,0,2,0
10073.93,2.32,0.85,0,74,0,19,0,2,1,4345.02,819.68,11898.17,156,3,3.4,0,0,1,0,0,0,0,2,2,0,0,-1,0,0,0
33783.66,1.68,0.56,0,369,1,1,0,3,3,20139.6,288.26,60418.81,112,16,4.3,8,0,0,0,0,0,0,0,2,0,0,-1,0,1,0
1482.11,0.9,0.33,0,327,0,20,0,4,0,1644.14,413.54,4486.83,243,20,6.5,4,1,1,0,0,0,0,0,2,0,0,-1,0,0,0
657.81,0.75,0.22,0,254,1,13,0,4,2,871.87,931.43,3036.67,238,19,6.3,7,1,1,0,0,0,0,1,1,0,0,-1,0,1,0
41463.84,3.65,1.11,0,105,1,4,0,5,2,11354.85,537.8,37317.46,111,14,5.1,6,0,0,0,0,1,0,1,2,0,0,-1,0,1,0
249.82,0.13,0.05,1,23,1,0,0,3,2,1895.98,508.39,5124.83,118,20,4.5,14,0,1,0,0,0,0,2,1,0,0,-1,0,1,0
260.99,0.53,0.12,0,83,1,21,0,2,3,489.07,190.48,2123.16,40,6,3.0,13,0,1,0,1,0,0,2,2,0,0,-1,0,0,0
244.02,0.18,0.06,0,314,1,20,0,5,2,1332.17,764.32,4228.19,7,9,7.1,8,1,0,0,0,0,0,1,2,0,0,-1,0,2,0
85736.14,9.95,1.11,0,311,1,1,0,1,3,8619.87,668.42,77162.53,219,10,0.8,8,0,0,0,0,0,0,2,2,0,0,-1,0,1,0
150.46,0.09,0.02,0,70,0,7,0,2,2,1708.53,191.22,7524.38,234,15,5.5,0,1,0,1,0,0,0,2,2,0,0,-1,0,0,0
12385.31,5.29,1.97,1,0,0,21,0,5,2,2339.39,632.95,6297.24,70,6,4.2,2,0,0,0,0,1,1,0,1,0,0,-1,0,0,1
25875.59,7.63,3.62,1,47,1,2,0,3,2,3391.03,273.14,7153.03,116,3,7.7,14,1,0,0,0,0,0,0,0,0,0,-1,0,1,0
826.15,0.87,0.17,0,279,1,1,0,3,0,949.08,335.43,4726.19,65,19,4.4,6,1,1,0,0,0,0,1,2,0,0,-1,0,1,0
944.21,0.47,0.12,0,123,1,17,0,4,1,1997.63,413.35,7949.05,169,6,2.7,6,0,0,0,0,0,1,2,1,0,0,-1,0,1,0
15165.29,3.09,1.21,0,84,1,11,1,4,0,4913.49,215.22,12510.33,240,10,6.7,13,0,0,0,0,0,0,1,1,0,0,-1,0,0,0
70681.43,43.38,18.32,1,0,0,20,1,1,0,1629.51,1238.06,3858.6,68,13,3.8,2,0,1,1,0,1,0,0,1,1,0,-1,0,2,1
260.41,0.31,0.09,1,352,0,18,0,3,1,833.02,233.2,2825.5,237,15,3.5,5,1,0,0,0,0,0,0,0,0,0,-1,0,2,0
34476.74,16.64,6.81,1,0,0,0,0,4,3,2072.19,187.35,5058.98,143,14,2.0,6,1,0,0,0,0,0,0,2,0,0,-1,0,0,1
25528.96,23.86,13.03,1,0,0,23,0,2,2,1070.07,192.92,1958.52,140,7,5.6,12,1,1,0,0,0,1,2,2,0,0,-1,0,1,1
717.9,0.57,0.19,0,149,1,6,1,2,3,1268.86,673.03,3814.44,48,13,3.1,2,0,1,0,0,0,0,1,2,0,0,-1,0,2,0
12177.78,3.83,1.34,0,68,1,9,0,2,0,3183.23,224.9,9096.49,102,15,2.5,7,0,1,0,0,0,1,2,2,0,0,-1,0,0,0
87382.25,5.23,1.11,0,480,1,20,0,5,1,16700.47,163.37,78644.03,141,15,6.8,0,0,1,1,0,1,0,0,2,0,0,-1,0,0,0
1154.12,0.83,0.37,0,145,1,9,0,0,1,1382.34,790.8,3132.46,198,11,4.3,12,0,1,0,0,0,1,2,0,0,0,-1,0,1,0
129.83,0.1,0.02,0,239,1,6,0,2,2,1249.14,1716.07,5961.77,18,12,2.1,14,0,1,0,0,0,1,2,0,0,0,-1,0,2,0
34848.51,86.11,46.9,1,0,0,2,0,5,3,404.68,3087.33,743.07,142,11,1.2,7,0,0,0,0,0,0,0,3,0,0,-1,0,0,1
72.4,0.04,0.01,1,172,1,2,1,1,3,1874.27,614.26,5958.04,98,16,7.8,1,0,1,0,0,0,0,1,2,0,0,-1,0,0,0
28047.47,15.38,5.07,0,1,0,21,0,3,2,1823.35,176.59,5532.84,152,16,5.0,9,0,0,0,0,0,0,0,2,1,3,22,1,4,1
110409.56,12.53,1.11,0,334,1,14,1,3,1,8814.0,774.79,99368.6,293,14,6.7,6,1,1,0,0,0,0,0,2,0,0,-1,0,1,0
1806.51,1.59,0.42,1,59,1,7,0,4,2,1133.16,489.88,4328.96,49,17,2.1,6,0,1,0,0,0,0,2,0,0,0,-1,0,0,0
137959.69,17.17,1.11,0,130,1,11,0,1,0,8032.72,394.05,124163.72,247,16,2.6,14,0,0,0,0,0,0,0,2,0,0,-1,0,1,0
234.79,0.65,0.24,0,183,1,15,1,1,1,361.21,404.98,971.12,247,6,4.3,5,1,1,0,1,0,0,2,2,0,0,-1,0,2,0
57068.01,92.86,32.93,0,11,0,18,0,4,2,614.55,571.75,1732.98,55,4,5.0,14,0,1,0,0,0,0,1,3,1,4,46,1,2,1
1081.54,0.56,0.15,1,143,1,9,0,0,2,1929.49,754.44,7104.86,13,8,2.6,9,0,0,0,1,0,0,0,1,0,0,-1,0,1,0
82579.15,33.64,10.14,0,0,0,4,0,0,3,2454.92,576.47,8142.3,226,11,0.7,12,1,1,0,0,0,0,0,1,1,4,58,1,6,1
985.61,0.88,0.25,0,213,1,6,0,5,1,1120.06,588.82,3983.29,156,7,7.9,6,1,1,0,0,0,0,2,1,0,0,-1,0,0,0
23465.38,3.11,1.04,0,192,1,13,0,4,1,7549.98,1358.24,22649.93,284,11,3.9,12,0,0,0,0,0,0,2,0,0,0,-1,0,1,0
247.13,0.2,0.06,0,124,1,9,0,2,0,1208.5,403.37,3960.73,93,10,2.9,2,0,1,0,0,0,0,1,1,0,0,-1,0,0,0
13431.06,7.9,3.88,0,26,1,7,0,2,2,1701.15,683.96,3462.92,137,16,5.3,1,1,1,0,0,0,0,0,0,0,0,-1,0,0,0
27509.77,3.96,1.11,0,203,1,12,0,4,1,6941.54,669.82,24758.79,96,18,1.7,1,1,1,0,0,0,0,1,1,0,0,-1,0,2,0
667.25,1.53,0.41,0,16,1,15,0,2,3,436.86,812.48,1621.52,226,7,3.5,0,0,1,0,0,0,0,1,1,0,0,-1,0,2,0
4006.89,2.39,0.65,0,37,1,2,0,2,0,1678.73,469.31,6203.93,142,9,3.6,8,0,1,1,0,0,0,1,0,0,0,-1,0,0,0
58395.86,26.73,12.1,1,0,0,8,0,5,5,2184.37,1298.83,4825.34,201,19,5.1,7,1,0,1,0,0,0,4,2,0,0,-1,0,0,1
8553.45,8.26,3.22,1,40,0,4,0,1,2,1036.07,545.9,2658.76,164,7,3.9,1,0,0,1,0,0,0,1,2,0,0,-1,0,1,0
77.93,0.05,0.02,0,330,1,6,0,2,1,1417.26,1334.81,4002.78,15,13,4.8,3,1,1,0,0,0,0,2,1,0,0,-1,0,2,0
21494.82,10.81,4.46,0,90,0,3,0,5,3,1988.04,1245.78,4814.32,143,4,1.8,9,1,1,0,0,0,0,2,2,0,0,-1,0,0,0
10223.41,2.99,1.24,0,10,1,11,0,4,1,3417.25,262.65,8236.75,147,16,6.5,0,0,0,0,0,0,0,0,1,0,0,-1,0,0,0
86995.17,11.98,1.11,0,597,1,16,0,1,0,7259.11,389.42,78295.65,251,16,4.4,13,1,1,0,0,0,0,1,0,0,0,-1,0,0,0
164.94,0.12,0.03,0,297,1,8,0,4,0,1371.16,354.91,5584.81,152,10,3.6,1,0,0,0,0,0,0,2,0,0,0,-1,0,1,0
5663.96,2.79,1.13,1,0,0,4,0,3,4,2029.3,455.18,5031.49,114,8,7.5,3,1,0,1,1,0,0,4,3,0,0,-1,0,0,1
98314.44,62.34,17.78,0,7,0,11,0,2,1,1577.15,989.07,5528.47,210,17,4.0,12,0,1,0,0,0,0,0,0,1,2,47,0,3,1
323.31,0.43,0.12,0,164,1,18,0,3,0,753.98,1367.99,2732.73,58,2,4.7,12,1,0,0,0,0,0,2,1,0,0,-1,0,0,0
20063.96,9.98,4.04,0,12,0,21,1,1,2,2011.0,1186.66,4963.27,196,14,6.4,8,1,1,1,0,0,0,0,0,1,3,5,1,2,1
1091.22,0.91,0.21,0,321,1,0,0,4,0,1204.29,795.27,5202.52,33,14,6.5,0,0,1,0,0,0,0,2,1,0,0,-1,0,1,0
33207.33,19.67,7.41,1,0,0,15,0,5,1,1688.26,533.02,4482.45,19,2,2.9,12,0,1,0,0,0,0,2,2,0,0,-1,0,0,1
6892.9,6.47,2.16,1,0,0,12,0,4,5,1066.05,1811.46,3183.91,47,17,5.2,6,1,0,1,1,0,0,2,3,0,0,-1,0,1,1
644.07,0.33,0.09,0,73,1,11,0,0,0,1935.81,418.24,6841.75,84,2,1.5,3,0,1,1,0,0,0,1,0,0,0,-1,0,2,0
56622.97,36.27,12.38,1,0,0,14,0,5,4,1561.27,1264.98,4572.25,113,16,2.5,11,1,0,1,0,1,0,4,4,0,0,-1,0,2,1
224.66,0.3,0.1,1,198,1,18,0,0,1,760.43,1367.02,2141.68,158,9,3.3,1,0,0,0,0,0,0,1,0,0,0,-1,0,2,0
10827.35,4.67,1.41,1,38,0,2,0,4,3,2316.95,461.58,7683.39,117,10,6.9,13,1,1,0,0,0,0,0,2,0,0,-1,0,1,0
412.82,0.31,0.07,0,357,1,7,0,3,1,1339.07,173.67,5530.32,70,17,1.6,13,0,1,0,0,0,0,2,2,0,0,-1,0,0,0
613.31,0.4,0.08,1,94,1,13,0,3,0,1529.3,198.45,7355.95,38,2,7.7,14,0,1,0,0,0,0,1,1,0,0,-1,0,0,0
49214.82,30.4,12.04,1,0,0,0,0,2,0,1619.07,1405.03,4086.06,225,16,4.2,10,0,0,0,0,0,0,1,3,0,0,-1,0,2,1
84861.44,28.44,8.95,1,3,0,12,0,4,2,2983.8,353.71,9486.62,187,18,7.9,0,0,0,0,0,0,0,1,1,1,3,35,1,6,1
313.41,0.62,0.25,0,148,0,20,0,0,0,509.06,1739.09,1231.39,126,10,5.0,13,1,1,0,0,0,0,0,2,0,0,-1,0,0,0
12931.03,3.44,1.11,0,13,0,16,0,1,2,3760.53,1974.33,11611.4,120,11,7.9,6,0,0,1,0,0,0,2,2,1,2,56,1,5,1
332.54,0.25,0.07,1,89,1,1,0,1,1,1327.34,2420.83,4539.24,170,17,1.7,2,0,0,0,0,0,0,0,0,0,0,-1,0,0,0
12463.05,2.53,1.02,0,78,1,22,0,2,3,4933.29,145.05,12159.29,30,18,2.7,4,0,0,0,0,1,0,0,2,0,0,-1,0,0,0
42665.14,24.76,11.21,1,0,0,8,0,4,3,1722.98,911.81,3806.72,131,10,2.3,14,1,1,0,0,0,0,0,1,0,0,-1,0,0,1
4277.43,1.16,0.55,0,18,0,14,0,4,3,3699.5,419.9,7764.06,17,8,2.9,12,1,1,0,0,0,1,1,2,0,0,-1,0,0,0
25392.06,6.48,1.65,1,9,1,10,0,1,2,3919.83,230.52,15363.85,8,19,1.5,7,1,0,0,0,0,0,1,2,0,0,-1,0,1,0
105987.65,6.53,1.11,0,447,1,20,0,1,3,16227.89,232.0,95388.88,57,11,5.6,0,0,1,0,0,0,0,2,1,0,0,-1,0,2,0
26091.63,6.56,1.44,0,12,1,17,0,4,1,3978.22,159.52,18114.25,113,14,0.8,14,1,1,0,0,0,0,2,1,0,0,-1,0,1,0
1515.69,4.28,1.56,0,207,1,12,0,1,0,354.5,347.62,971.14,230,12,6.7,10,0,1,0,0,0,1,1,1,0,0,-1,0,2,0
6402.52,2.24,1.05,0,27,1,23,0,3,2,2860.28,230.18,6073.57,108,7,8.0,4,1,0,0,0,0,0,1,1,0,0,-1,0,0,0
40086.73,12.73,4.33,1,10,0,21,0,1,1,3148.22,406.3,9262.02,36,11,1.5,13,0,0,0,0,0,1,2,2,1,4,57,1,5,1
2608.45,1.57,0.57,0,62,1,21,0,0,3,1657.29,295.09,4571.38,19,8,7.6,1,0,1,0,0,0,0,2,0,0,0,-1,0,0,0
12609.61,5.11,1.84,0,3,0,22,0,4,2,2466.2,169.25,6842.29,35,11,7.7,1,0,1,0,0,0,0,2,2,1,2,35,0,4,1
957.52,0.7,0.21,0,29,0,8,1,3,3,1363.16,467.64,4665.31,75,14,1.7,11,1,0,0,0,0,0,0,1,0,0,-1,0,0,0
574.53,0.48,0.18,0,172,1,22,0,1,3,1185.23,166.45,3242.92,222,18,1.0,9,1,1,1,0,0,0,2,1,0,0,-1,0,1,0
298.92,0.2,0.08,1,214,0,22,0,5,0,1490.21,459.94,3948.67,216,12,7.5,14,0,0,0,0,0,0,0,0,0,0,-1,0,0,0
21997.85,5.03,1.08,0,0,0,23,0,0,2,4369.02,349.22,20425.17,212,2,2.4,6,0,1,0,0,0,0,2,1,0,0,-1,0,1,0
103609.82,6.38,1.11,0,495,1,7,0,4,1,16234.93,564.89,93248.84,295,13,8.0,3,0,1,0,0,0,0,1,2,0,0,-1,0,0,0
148831.29,8.75,1.11,0,612,1,8,0,2,2,17006.06,778.97,133948.16,179,7,3.5,5,0,0,0,0,0,0,2,0,0,0,-1,0,0,0
249.95,0.13,0.03,0,147,1,12,0,1,3,1892.63,1204.23,9383.16,99,5,3.4,0,0,1,0,0,0,1,2,0,0,0,-1,0,1,0
1862.82,2.04,0.6,1,182,0,7,1,3,0,914.76,181.8,3128.85,170,2,7.7,12,1,0,0,0,0,0,2,2,0,0,-1,0,1,0
288.63,0.34,0.08,0,159,1,18,1,5,0,836.71,155.23,3452.25,222,4,2.9,4,0,1,0,0,0,0,1,2,0,0,-1,0,1,0
59801.27,61.6,22.6,1,0,0,21,0,2,0,970.86,491.54,2645.68,112,16,7.9,8,1,0,1,0,0,0,2,4,0,0,-1,0,2,1
21910.51,15.15,3.6,0,37,1,13,0,1,3,1446.56,599.08,6084.12,138,4,3.5,4,1,0,0,0,0,0,0,0,0,0,-1,0,1,0
830.39,0.68,0.23,0,9,1,23,0,4,2,1215.19,418.81,3634.26,212,14,5.4,4,0,1,0,0,0,0,0,1,0,0,-1,0,1,0
318.98,0.48,0.11,0,30,1,6,0,3,3,661.21,1551.75,2832.4,147,6,5.3,6,0,1,0,0,0,0,0,0,0,0,-1,0,0,0
23574.83,8.23,2.98,1,0,0,6,0,8,4,2865.95,1158.32,7918.28,189,14,4.7,4,1,0,1,1,0,0,3,3,0,0,-1,0,0,1
44970.51,1.91,0.64,0,454,1,19,0,0,2,23593.0,327.79,70779.01,104,16,4.9,11,0,1,1,0,0,0,2,2,0,0,-1,0,1,0
114636.9,8.83,1.11,0,556,1,10,0,5,1,12981.38,207.69,103173.21,50,5,7.5,9,0,1,0,0,0,0,1,2,0,0,-1,0,0,0
8215.78,2.96,1.06,0,84,0,5,1,3,1,2778.23,346.62,7787.27,221,3,7.4,5,0,1,0,0,0,0,1,0,0,0,-1,0,1,0
2480.14,0.99,0.49,1,40,1,18,0,1,3,2509.03,396.49,5062.1,155,3,2.6,14,1,1,0,0,0,0,2,1,0,0,-1,0,0,0
3917.86,2.92,0.88,0,150,1,1,0,0,1,1343.92,717.69,4437.17,126,17,3.6,9,1,1,0,0,0,1,1,0,0,0,-1,0,0,0
30898.46,29.76,16.47,1,0,0,7,0,3,3,1038.25,1030.25,1875.68,159,18,3.2,3,0,1,0,0,0,0,0,3,0,0,-1,0,0,1
29966.23,13.04,2.77,1,45,0,8,0,3,0,2297.4,525.21,10833.93,38,16,2.2,13,1,0,0,0,0,0,2,2,0,0,-1,0,0,0
162.36,0.26,0.06,1,11,1,9,0,5,3,626.73,438.72,2835.7,62,4,1.6,7,0,1,0,0,0,0,2,0,0,0,-1,0,0,0
16286.81,14.32,3.04,0,70,0,8,1,0,3,1136.99,443.45,5351.1,241,11,3.5,1,1,1,0,0,0,1,1,2,0,0,-1,0,0,0
373.57,0.5,0.22,0,9,1,22,0,5,0,748.51,810.41,1669.88,131,17,6.0,13,0,0,0,0,0,0,0,0,0,0,-1,0,1,0
35095.81,45.08,21.28,1,0,0,23,0,4,0,778.49,422.88,1649.15,126,10,7.5,13,1,1,0,0,0,0,1,3,0,0,-1,0,1,1
44903.24,15.8,7.37,1,0,0,10,0,5,2,2841.34,1883.63,6094.99,105,20,6.9,3,1,0,1,1,0,0,3,5,0,0,-1,0,1,1
254.25,0.42,0.17,0,159,1,5,0,4,0,600.89,1691.87,1466.04,160,13,5.1,1,1,0,0,1,0,0,0,2,0,0,-1,0,2,0
23252.81,5.74,2.55,1,58,1,17,0,2,0,4048.61,429.69,9107.38,177,2,2.8,9,0,0,0,0,0,0,0,1,0,0,-1,0,0,0
1030.28,2.14,0.79,0,235,1,15,0,5,3,480.51,667.49,1309.5,21,3,1.7,6,1,1,0,0,0,0,2,1,0,0,-1,0,0,0
15938.07,10.81,5.9,1,0,0,23,1,5,2,1474.42,164.98,2700.82,202,17,7.1,14,1,0,0,0,0,0,1,3,0,0,-1,0,2,1
219.68,0.3,0.14,1,330,1,23,0,3,3,724.11,2962.31,1528.9,56,19,5.9,6,0,1,0,0,0,0,1,2,0,0,-1,0,1,0
370.07,0.22,0.06,0,352,1,23,0,4,0,1650.78,348.81,6353.53,231,15,6.8,0,0,0,1,0,0,0,2,1,0,0,-1,0,0,0
114066.37,5.44,1.11,0,72,1,19,0,3,3,20961.82,634.17,102659.73,45,5,7.0,2,0,1,0,0,0,0,0,0,0,0,-1,0,1,0
328.73,0.33,0.15,0,165,1,22,0,2,3,981.86,358.67,2259.5,185,4,5.3,14,0,0,0,0,0,0,0,0,0,0,-1,0,2,0
929.36,2.17,0.45,1,178,1,12,0,3,0,427.5,200.08,2062.92,204,20,5.4,10,0,0,0,0,1,1,1,0,0,0,-1,0,0,0
26276.05,18.62,6.27,1,0,0,10,0,4,3,1411.54,391.58,4192.49,16,12,6.0,11,1,1,0,0,0,0,0,2,0,0,-1,0,0,1
27486.64,34.65,16.94,1,8,0,5,0,0,1,793.37,798.9,1622.29,219,20,4.9,1,0,0,0,0,0,0,2,1,1,4,33,1,4,1
49561.88,28.13,9.68,0,13,0,9,0,2,0,1762.17,1445.18,5122.37,42,18,0.6,10,0,0,0,0,0,0,0,0,1,3,18,0,3,1
20864.12,7.96,1.95,0,86,1,2,0,3,1,2622.61,946.27,10717.17,32,3,2.2,14,1,0,0,0,0,0,2,2,0,0,-1,0,0,0
216.83,0.38,0.11,0,258,1,8,0,3,2,578.04,646.42,1966.16,70,10,4.4,6,0,1,0,0,0,0,2,2,0,0,-1,0,0,0
721.2,0.63,0.15,0,315,1,14,0,2,1,1151.46,2505.79,4909.66,27,20,6.1,10,1,1,0,0,0,0,0,2,0,0,-1,0,2,0
89866.88,10.27,1.11,0,549,1,5,0,5,1,8753.15,187.58,80880.19,59,6,5.7,12,0,1,0,0,0,0,1,0,0,0,-1,0,2,0
89.89,0.22,0.06,0,358,1,14,0,3,0,412.75,375.05,1561.45,40,5,1.3,10,0,1,0,0,0,0,2,2,0,0,-1,0,1,0
36814.71,21.55,8.04,1,2,0,17,0,2,1,1708.41,475.15,4578.1,90,20,3.7,6,1,1,0,0,0,0,2,0,1,4,9,0,5,1
73418.15,46.79,14.3,0,2,0,18,0,0,1,1569.24,561.07,5134.01,178,2,6.5,1,0,1,0,0,0,0,1,3,1,3,51,1,4,1
58479.04,102.42,49.4,1,0,0,4,1,7,5,570.96,325.38,1183.76,236,8,3.0,5,1,0,1,0,1,0,3,1,0,0,-1,0,0,1
589.82,1.89,0.46,0,39,0,17,0,4,3,312.22,207.05,1287.46,240,19,6.2,11,0,1,0,0,0,0,2,1,0,0,-1,0,0,0
133131.53,17.6,1.11,0,413,1,1,0,3,1,7563.86,183.37,119818.38,89,8,7.7,10,0,0,0,0,0,0,0,0,0,0,-1,0,2,0
16243.69,4.1,1.33,0,71,0,19,0,0,3,3962.28,178.76,12223.85,34,6,7.4,8,0,1,0,0,0,0,1,1,0,0,-1,0,0,0
2708.73,1.63,0.33,0,81,0,10,1,1,0,1665.16,1253.99,8201.44,249,17,3.6,2,0,1,0,0,0,0,2,0,0,0,-1,0,1,0
78074.05,8.88,1.11,0,381,1,17,0,1,2,8790.02,140.02,70266.65,68,3,3.7,0,1,1,0,0,0,0,1,0,0,0,-1,0,2,0
664.88,0.82,0.25,0,239,1,2,0,4,3,813.86,669.72,2631.09,146,2,4.6,9,1,1,0,0,0,0,2,1,0,0,-1,0,0,0
1860.55,1.04,0.32,0,231,1,6,0,4,1,1796.22,525.9,5823.58,82,18,7.3,6,0,1,0,0,0,0,2,0,0,0,-1,0,0,0
2147.91,1.72,0.51,0,178,1,0,0,4,1,1250.49,171.67,4183.78,29,16,1.2,0,1,1,0,0,0,0,2,2,0,0,-1,0,2,0
241.75,0.27,0.07,1,342,1,23,0,2,0,893.86,287.42,3405.33,39,2,3.5,3,0,1,0,0,0,0,1,0,0,0,-1,0,2,0
8325.81,3.77,0.81,0,43,1,14,0,1,1,2209.66,593.59,10303.56,164,11,2.1,8,0,0,1,0,0,0,0,2,0,0,-1,0,1,0
19508.06,0.82,0.27,0,448,1,15,0,0,1,23905.12,586.48,71715.36,186,16,5.4,10,0,0,0,0,0,0,1,2,0,0,-1,0,2,0
31154.35,33.74,14.69,1,0,0,17,0,2,3,923.47,224.05,2121.14,43,20,2.4,8,0,1,0,0,0,0,1,1,0,0,-1,0,1,1
28341.37,10.06,3.36,1,0,0,16,0,6,3,2816.52,151.74,8442.48,142,15,3.7,4,1,0,1,0,1,0,5,1,0,0,-1,0,2,1
164.66,0.14,0.04,0,79,1,8,0,4,3,1151.02,340.33,3971.15,107,19,3.8,13,0,1,0,0,0,0,0,2,0,0,-1,0,0,0
58170.62,38.22,15.35,1,0,0,20,0,8,3,1522.13,578.49,3789.02,224,10,7.8,8,1,0,1,0,1,0,2,3,0,0,-1,0,0,1
481.19,0.46,0.09,0,326,0,3,0,0,1,1038.78,188.99,5155.31,188,20,5.1,3,0,0,0,1,0,0,1,2,0,0,-1,0,1,0
76937.63,30.6,8.84,0,6,0,9,0,0,3,2514.16,2273.11,8701.52,156,2,5.7,4,0,1,0,0,0,0,2,1,1,4,42,1,5,1
40838.99,2.21,0.74,0,679,1,19,0,0,3,18473.66,552.68,55420.98,213,18,6.9,4,0,1,0,0,0,0,1,0,0,0,-1,0,1,0
63887.39,7.26,1.11,0,413,1,10,0,2,2,8797.01,482.85,57498.65,280,6,2.1,13,0,1,0,0,0,0,0,0,0,0,-1,0,2,0
22906.47,10.0,3.1,1,54,0,22,0,2,3,2289.72,434.14,7388.52,116,13,2.8,12,1,1,0,0,0,0,0,0,0,0,-1,0,1,0
176.94,0.1,0.02,0,281,1,22,1,2,0,1800.33,1079.44,7384.34,141,17,5.8,9,1,0,0,0,0,0,1,2,0,0,-1,0,2,0
54417.99,7.07,1.11,0,708,1,10,1,3,0,7701.91,523.32,48976.19,107,8,0.7,10,0,0,0,0,0,0,2,1,0,0,-1,0,1,0
340.35,0.2,0.04,1,189,1,14,0,4,1,1713.0,166.37,8533.63,105,6,6.1,0,0,1,0,0,0,0,1,0,0,0,-1,0,1,0
116216.93,23.14,1.11,0,113,1,17,0,2,0,5023.03,1974.87,104595.24,165,12,1.2,5,0,1,0,0,0,0,0,0,0,0,-1,0,0,0
76333.84,4.46,1.11,0,509,1,14,0,0,3,17100.0,259.06,68700.46,123,13,5.3,6,0,1,0,0,1,0,1,0,0,0,-1,0,2,0
12419.86,3.39,0.72,0,28,0,10,0,0,3,3658.42,1077.49,17165.95,145,5,2.8,11,1,0,0,0,0,0,2,0,0,0,-1,0,1,0
361.45,0.2,0.05,0,52,0,18,0,1,2,1847.13,645.36,7565.73,223,16,1.2,14,1,0,0,0,0,0,2,1,0,0,-1,0,2,0
523.76,0.4,0.09,0,287,1,15,0,5,3,1315.09,262.27,5614.85,45,3,6.5,10,1,0,0,0,0,0,1,0,0,0,-1,0,0,0
358.56,0.24,0.07,0,36,1,19,0,2,2,1479.88,1853.44,5347.08,56,12,7.5,11,0,0,0,0,1,0,0,1,0,0,-1,0,0,0
58660.15,41.88,19.12,1,0,0,18,0,1,1,1400.77,795.18,3067.99,33,10,2.6,13,0,1,0,0,1,0,0,4,0,0,-1,0,0,1
46149.85,6.44,1.11,0,446,1,20,0,0,3,7167.23,488.39,41534.86,224,17,4.4,10,1,1,0,0,0,0,2,2,0,0,-1,0,2,0
42642.84,18.35,7.81,1,0,0,3,0,5,3,2323.99,568.3,5460.35,106,11,5.4,10,1,0,1,1,1,0,3,1,0,0,-1,0,1,1
1663.85,0.88,0.25,1,291,1,4,0,1,2,1897.4,317.82,6690.6,153,17,4.8,11,0,1,0,0,0,0,0,1,0,0,-1,0,1,0
455.0,0.61,0.15,0,359,1,23,0,3,3,740.03,847.77,3030.38,158,3,3.3,10,0,1,0,0,0,0,2,0,0,0,-1,0,2,0
61863.88,77.38,33.38,1,0,0,13,0,3,3,799.53,1113.92,1853.28,8,11,4.4,8,1,1,0,0,0,0,2,2,0,0,-1,0,0,1
388.42,0.26,0.1,0,32,1,17,0,0,3,1501.44,546.22,3886.52,84,15,2.8,5,1,0,0,0,0,0,1,2,0,0,-1,0,0,0
497.94,0.3,0.12,0,120,1,22,0,3,2,1662.56,1923.11,4199.36,25,15,2.1,2,0,0,0,0,0,0,0,0,0,0,-1,0,1,0
28160.65,6.97,2.11,1,4,0,23,0,4,2,4040.59,443.83,13367.74,140,13,2.4,5,0,1,0,0,0,0,1,1,0,0,-1,0,1,0
83933.42,27.54,12.63,0,6,0,3,0,0,3,3047.82,1806.62,6647.76,203,11,1.0,4,0,1,1,0,0,0,2,3,1,2,26,1,1,1
68437.9,44.39,17.62,1,0,0,15,0,1,0,1541.69,517.74,3884.46,45,20,1.1,13,0,1,0,0,0,0,2,1,0,0,-1,0,3,1
23789.13,17.52,7.82,1,4,1,3,0,5,2,1357.76,174.62,3042.0,218,11,5.9,1,0,0,0,0,0,0,0,2,0,0,-1,0,0,0
71556.21,7.63,1.11,0,407,1,13,0,1,3,9375.08,455.27,64400.59,67,3,2.7,1,1,1,0,0,0,1,2,2,0,0,-1,0,0,0
1257.15,3.4,0.94,0,40,1,9,0,0,2,369.82,871.74,1330.69,235,14,3.5,11,0,0,0,0,0,0,1,2,0,0,-1,0,0,0
428.83,0.26,0.06,0,295,1,13,0,0,0,1659.1,462.39,7713.99,42,14,3.0,11,1,1,0,0,0,0,0,2,0,0,-1,0,1,0
115548.35,7.23,1.11,0,555,1,7,0,2,0,15979.66,373.78,103993.52,73,3,1.6,7,0,1,0,0,0,0,0,0,0,0,-1,0,2,0
10789.55,2.4,0.77,0,10,1,20,0,5,2,4504.65,257.1,14083.2,109,14,3.9,13,1,1,0,0,0,0,0,1,0,0,-1,0,1,0
23539.1,34.19,13.11,1,0,0,3,0,5,4,688.46,318.78,1794.83,49,20,4.9,2,1,0,1,0,1,0,5,3,0,0,-1,0,2,1
5869.42,3.55,0.99,0,36,0,22,0,1,2,1653.61,588.47,5925.72,222,4,2.8,10,0,0,0,0,0,0,1,0,0,0,-1,0,1,0
14617.55,0.68,0.23,0,199,1,1,0,5,2,21380.54,831.25,64141.62,74,14,2.3,13,0,1,0,0,0,0,1,0,0,0,-1,0,0,0
40207.25,45.82,20.41,1,0,0,0,0,3,4,877.51,680.82,1970.37,126,11,3.4,1,1,0,1,0,0,0,3,2,0,0,-1,0,2,1
7316.91,2.59,0.57,0,37,1,14,0,5,0,2824.57,1230.63,12895.8,207,2,1.2,0,0,1,0,0,0,0,0,0,0,0,-1,0,1,0
1722.2,1.11,0.24,0,241,1,1,0,5,3,1545.94,1653.62,7309.01,82,4,7.3,10,0,1,0,0,0,0,2,1,0,0,-1,0,1,0
592.47,0.36,0.18,0,86,1,1,0,4,0,1631.65,268.7,3384.72,187,20,3.1,7,0,1,0,0,0,0,0,2,0,0,-1,0,1,0
2474.69,8.19,1.71,0,296,1,20,0,2,0,302.1,930.64,1447.7,86,6,1.6,4,1,0,1,0,0,0,1,2,0,0,-1,0,0,0
564.01,1.08,0.28,0,284,1,2,0,1,0,521.49,466.42,1983.67,122,12,6.7,7,0,1,0,0,0,0,1,2,0,0,-1,0,0,0
48075.1,15.43,7.45,1,8,0,5,0,2,3,3115.52,678.82,6449.21,41,7,6.1,5,0,1,0,0,0,0,0,2,1,3,58,1,4,1
67664.48,21.27,5.4,1,8,0,7,0,0,0,3181.77,158.64,12533.56,230,15,6.9,3,0,1,0,0,0,0,0,2,1,4,49,0,6,1
50,0.12,0.04,0,359,1,11,0,1,3,419.4,157.27,1289.96,168,7,5.9,11,0,0,0,0,0,0,1,0,0,0,-1,0,2,0
51040.34,31.68,17.55,1,0,0,19,1,4,0,1611.16,254.69,2908.56,240,12,7.3,5,0,1,0,0,0,0,2,2,0,0,-1,0,0,1
3195.41,3.96,1.52,0,19,1,10,0,4,1,806.9,358.15,2108.21,168,8,7.7,9,0,1,0,0,0,0,1,0,0,0,-1,0,1,0
42406.2,12.57,4.35,1,2,0,16,0,3,0,3374.6,287.59,9753.44,174,3,5.7,11,0,1,0,1,0,0,2,1,1,4,1,0,2,1
4381.87,1.01,0.3,1,79,0,15,0,2,1,4324.06,1512.15,14620.62,149,14,6.7,10,0,0,0,0,0,0,0,0,0,0,-1,0,0,0
148251.88,28.84,1.11,0,225,1,19,0,0,2,5141.13,2786.47,133426.69,154,7,0.7,0,1,1,0,1,0,0,1,2,0,0,-1,0,2,0
46612.92,21.3,7.42,1,0,0,11,0,1,0,2187.96,1004.68,6285.84,201,19,4.6,1,0,1,0,0,0,0,2,1,0,0,-1,0,2,1
13203.23,3.95,0.98,0,38,1,13,0,1,3,3346.57,216.1,13501.94,86,16,6.4,11,1,1,1,0,0,0,2,2,0,0,-1,0,1,0
785.66,1.22,0.52,0,261,1,12,0,0,1,645.14,2147.92,1519.66,247,18,2.1,12,0,1,0,0,0,0,2,1,0,0,-1,0,0,0
63824.07,3.33,1.11,0,621,1,3,0,5,1,19178.17,633.28,57534.5,131,16,5.0,11,0,0,0,0,0,0,1,2,0,0,-1,0,2,0
251.45,0.23,0.06,0,140,1,16,0,0,3,1073.5,457.3,4305.56,148,10,3.2,9,0,1,1,0,0,0,1,0,0,0,-1,0,2,0
73574.82,26.17,11.99,0,6,0,18,0,2,0,2811.81,1145.25,6134.9,107,3,6.7,13,0,1,0,0,0,0,0,3,1,2,12,1,6,1
515.34,0.77,0.16,0,175,1,20,0,4,3,670.17,616.11,3194.04,33,7,2.3,10,0,1,0,1,0,0,1,0,0,0,-1,0,1,0
175.52,0.11,0.02,0,230,1,1,0,3,2,1600.77,888.66,7824.22,243,20,5.0,8,0,1,0,0,0,0,0,2,0,0,-1,0,2,0
70861.92,28.35,10.22,1,0,0,8,0,3,1,2499.3,376.21,6932.29,72,13,3.8,2,1,1,0,0,0,0,2,1,0,0,-1,0,2,1
59183.38,35.63,14.18,1,0,0,5,0,3,3,1661.21,921.46,4172.47,188,10,4.7,7,1,1,1,0,0,0,0,2,0,0,-1,0,0,1
1058.44,0.64,0.29,0,277,1,8,0,2,1,1657.85,175.87,3647.29,173,7,1.8,5,1,0,0,0,0,0,0,1,0,0,-1,0,1,0
2105.58,0.52,0.13,0,10,0,20,0,1,3,4084.67,488.46,15846.85,142,15,3.8,2,0,1,0,0,0,1,0,1,0,0,-1,0,0,0
149.84,0.13,0.03,0,259,1,13,0,5,0,1146.63,673.76,4744.65,142,7,5.6,9,1,0,0,0,0,0,1,1,0,0,-1,0,2,0
115714.97,20.67,1.11,0,369,1,12,0,0,3,5597.69,181.4,104143.47,298,2,6.7,11,0,1,0,0,0,0,0,1,0,0,-1,0,2,0
287.8,0.2,0.04,1,263,1,23,0,0,3,1404.38,508.15,6886.4,175,18,6.4,4,0,1,0,0,0,0,1,0,0,0,-1,0,1,0
16202.93,5.45,1.31,1,71,1,1,0,1,1,2972.81,568.83,12345.13,9,20,7.6,2,0,0,0,0,0,0,0,2,0,0,-1,0,1,0
72269.62,12.7,1.11,0,648,1,1,0,2,2,5691.77,2914.03,65042.66,178,2,5.2,1,0,1,0,0,0,0,2,1,0,0,-1,0,0,0
22947.64,4.63,0.98,1,57,1,21,0,5,3,4959.33,1954.82,23446.81,128,6,8.0,6,1,1,0,0,0,0,2,0,0,0,-1,0,1,0
52962.93,32.3,12.76,0,14,0,12,0,0,1,1639.7,556.65,4151.64,118,16,3.7,12,0,0,1,0,1,0,1,2,1,3,41,0,5,1
22342.8,6.84,2.02,1,61,1,20,0,0,3,3264.72,330.21,11073.85,120,2,7.8,9,1,1,0,0,0,0,1,1,0,0,-1,0,1,0
17880.07,9.49,3.9,1,0,0,12,0,4,2,1884.3,951.47,4588.1,191,5,6.2,14,0,1,0,0,0,0,1,3,0,0,-1,0,1,1
26664.33,8.08,2.12,1,61,0,11,0,5,1,3301.31,306.96,12585.05,92,15,7.5,8,0,0,0,0,0,0,0,2,0,0,-1,0,1,0
353.44,0.77,0.16,0,149,1,6,0,0,0,458.54,425.02,2154.0,181,19,7.8,5,1,0,0,0,0,0,1,2,0,0,-1,0,0,0
12675.65,3.05,1.12,0,88,0,4,1,0,1,4158.94,1522.15,11303.97,42,15,5.3,12,0,0,0,0,0,0,2,0,0,0,-1,0,1,0
9236.12,4.82,1.58,0,63,0,5,0,2,0,1915.59,173.98,5835.13,238,18,7.9,5,1,0,0,0,0,0,2,0,0,0,-1,0,1,0
22746.07,9.7,3.78,0,9,0,5,0,4,0,2343.98,495.48,6010.54,235,5,5.0,11,0,1,0,0,0,0,2,2,1,2,59,1,5,1
68196.56,8.33,1.11,0,503,1,1,0,4,0,8190.34,365.51,61376.9,162,8,2.4,2,0,1,0,0,0,0,2,1,0,0,-1,0,2,0
22250.84,8.36,2.71,0,37,0,19,0,4,1,2660.3,312.91,8215.63,216,17,7.3,2,0,0,0,0,0,0,2,1,0,0,-1,0,1,0
15320.33,4.16,2.01,1,3,0,13,0,2,0,3679.99,262.1,7639.22,34,11,3.7,6,0,1,0,0,0,0,1,3,1,2,37,1,2,1
595.12,0.93,0.23,0,61,1,5,0,0,0,637.88,2087.87,2571.0,75,8,3.8,5,1,0,0,0,0,0,0,1,0,0,-1,0,0,0
39474.24,11.42,3.72,0,7,0,4,0,2,2,3456.41,1076.82,10601.28,127,8,5.3,3,0,1,0,0,0,0,2,3,1,3,11,0,1,1
17490.27,15.15,6.14,0,56,1,5,0,0,0,1154.63,236.73,2848.42,78,14,0.6,0,0,1,0,0,0,0,0,0,0,0,-1,0,0,0
415.38,0.29,0.07,0,267,0,22,0,3,3,1442.24,1596.46,5899.57,72,16,5.4,5,0,0,0,0,1,0,1,1,0,0,-1,0,1,0
539.12,0.28,0.06,0,232,0,14,1,1,1,1954.65,215.44,9346.58,198,5,5.4,2,0,0,0,0,0,0,0,0,0,0,-1,0,1,0
84878.7,5.16,1.11,0,631,1,2,0,2,3,16446.46,174.06,76390.83,195,14,2.1,11,0,1,1,0,0,0,2,2,0,0,-1,0,2,0
490.98,0.3,0.11,0,164,1,1,1,5,2,1641.6,705.13,4574.15,79,18,7.8,4,0,0,0,0,0,0,2,2,0,0,-1,0,1,0
60100.0,26.86,14.09,1,0,0,22,0,4,0,2237.65,245.91,4265.46,72,20,6.3,1,0,1,1,0,0,0,2,1,0,0,-1,0,1,1
2753.09,1.1,0.29,1,41,1,3,0,0,0,2504.33,693.1,9478.86,140,20,5.9,1,1,1,0,0,0,0,0,2,0,0,-1,0,1,0
2200.14,1.44,0.48,0,216,0,9,0,3,1,1523.79,350.48,4553.9,86,6,5.6,3,0,1,0,0,0,0,0,2,0,0,-1,0,1,0
334.98,0.17,0.05,0,26,1,6,0,0,3,1975.07,880.47,7164.49,23,2,6.1,10,0,0,0,0,0,1,1,1,0,0,-1,0,2,0
25125.4,8.96,4.16,0,65,0,22,0,3,2,2803.49,228.86,6034.19,9,3,2.4,13,1,1,0,0,0,1,0,2,0,0,-1,0,0,0
362.38,0.27,0.05,0,358,1,0,0,5,3,1328.49,370.32,6624.98,137,20,3.0,8,0,0,1,0,0,0,0,2,0,0,-1,0,1,0
23288.09,12.29,3.25,1,1,0,17,0,0,2,1894.73,441.66,7165.37,58,9,1.8,8,0,1,0,0,0,0,1,0,1,3,39,1,1,1
33340.46,1.33,0.44,0,389,1,16,0,2,1,24977.2,151.58,74931.59,55,19,6.1,14,0,0,0,0,0,0,2,1,0,0,-1,0,1,0
252.86,0.4,0.18,0,51,1,0,1,2,0,634.17,549.8,1413.35,244,4,6.5,3,0,1,0,0,0,0,1,1,0,0,-1,0,2,0
916.48,2.61,1.08,0,352,1,1,0,5,2,351.17,762.95,847.17,250,17,5.5,1,0,1,0,0,0,0,1,1,0,0,-1,0,0,0
256.69,0.8,0.18,0,98,1,7,1,1,0,321.21,1163.77,1443.27,183,6,3.3,0,1,1,1,0,0,0,2,0,0,0,-1,0,1,0
14936.32,16.99,5.95,0,52,0,19,0,0,1,879.19,213.94,2511.96,75,11,3.1,10,1,1,0,0,0,0,2,1,0,0,-1,0,0,0
132.6,0.07,0.02,0,30,1,6,0,3,3,1905.78,389.71,6951.95,161,3,4.3,11,0,0,0,0,0,0,0,0,0,0,-1,0,0,0
165.73,0.15,0.05,1,13,1,5,0,2,0,1108.9,674.58,3285.31,177,11,6.4,6,0,1,0,0,0,0,2,0,0,0,-1,0,1,0
245.01,0.16,0.07,1,32,1,17,0,3,0,1568.42,571.18,3645.4,109,14,7.6,8,0,0,0,0,0,1,2,0,0,0,-1,0,2,0
146.28,0.4,0.09,1,311,1,6,0,2,2,366.77,1642.4,1709.77,245,10,4.6,6,0,1,1,0,0,0,2,0,0,0,-1,0,0,0
29840.01,1.34,0.45,0,285,1,10,0,2,3,22340.98,261.68,67022.95,270,12,1.7,12,0,1,0,0,1,0,1,1,0,0,-1,0,0,0
327.42,0.33,0.07,0,137,1,19,0,4,3,994.95,361.08,4802.92,234,5,0.7,14,0,1,0,0,0,0,0,0,0,0,-1,0,1,0
1333.3,3.53,1.49,0,303,0,12,0,4,3,378.05,632.48,895.22,66,8,6.6,8,0,1,0,0,0,1,2,2,0,0,-1,0,1,0
112019.98,5.18,1.11,0,661,1,19,0,5,0,21634.99,1593.59,100817.98,180,10,1.1,2,0,1,0,0,0,1,0,1,0,0,-1,0,2,0
78594.52,38.67,14.44,1,0,0,7,0,3,0,2032.61,322.64,5444.71,122,11,7.3,2,0,1,0,0,0,0,0,4,0,0,-1,0,1,1
8618.63,4.19,1.11,0,77,1,22,0,4,0,2059.06,703.73,7746.5,166,3,3.4,12,1,0,0,0,0,0,1,1,0,0,-1,0,0,0
15147.44,3.42,0.85,0,62,0,16,0,1,0,4429.92,558.46,17761.86,187,20,1.9,5,0,0,0,0,0,0,1,1,0,0,-1,0,0,0
94149.78,49.83,13.82,1,7,0,6,1,2,1,1889.5,261.58,6812.33,97,7,1.3,7,0,1,0,0,0,0,1,2,1,3,58,1,3,1
152.1,0.08,0.03,0,62,0,11,0,1,0,1965.91,181.85,5196.54,177,2,6.6,11,0,1,0,1,0,1,2,2,0,0,-1,0,2,0
207.65,0.25,0.11,0,84,1,2,1,0,0,831.16,203.84,1920.65,193,13,6.6,8,0,1,0,0,0,0,2,1,0,0,-1,0,2,0
424.83,1.29,0.45,0,128,1,23,0,1,2,329.49,2803.89,934.02,156,20,3.3,8,0,1,0,0,0,1,0,2,0,0,-1,0,1,0
68682.51,155.34,71.74,1,12,0,11,1,5,2,442.15,621.94,957.35,123,9,6.7,11,0,0,0,0,0,0,2,1,1,4,46,0,5,1
2521.25,2.32,0.52,0,44,1,18,0,2,0,1087.01,1138.63,4831.13,224,10,1.8,13,0,1,0,0,0,0,1,1,0,0,-1,0,1,0
13247.83,6.04,1.94,1,24,1,6,0,4,3,2192.54,956.37,6812.8,165,17,3.3,2,0,0,0,0,0,0,0,1,0,0,-1,0,0,0
130.19,0.33,0.15,0,280,0,9,0,3,1,394.86,1049.96,852.76,83,4,3.1,2,0,1,0,0,0,0,1,2,0,0,-1,0,2,0
157.25,0.33,0.09,0,320,1,12,0,3,0,483.84,501.99,1813.71,243,15,6.3,3,0,0,0,0,0,0,1,0,0,0,-1,0,2,0
110280.06,4.57,1.11,0,74,1,7,0,1,3,24133.73,301.56,99252.05,144,8,2.7,5,1,1,0,0,0,0,0,1,0,0,-1,0,1,0
83995.38,35.44,16.86,0,5,0,19,0,0,2,2370.07,374.14,4981.29,94,20,2.5,4,0,0,0,0,0,0,2,1,1,4,5,1,1,1
132967.01,13.84,1.11,0,98,1,2,0,0,1,9606.48,770.8,119670.31,71,6,6.4,4,0,0,0,0,0,0,0,0,0,0,-1,0,0,0
109204.22,4.51,1.11,0,501,1,17,0,3,0,24188.24,435.54,98283.8,106,11,1.5,2,0,1,0,0,0,0,2,0,0,0,-1,0,2,0
90909.67,4.82,1.11,0,132,1,17,0,1,3,18845.6,912.2,81818.7,74,4,6.6,5,0,0,0,0,0,0,2,2,0,0,-1,0,1,0
47204.08,2.51,0.84,0,217,1,22,0,5,3,18841.4,151.54,56524.21,71,19,7.3,13,0,1,1,0,0,0,0,0,0,0,-1,0,2,0
6945.71,1.84,0.88,1,12,0,9,0,4,0,3780.92,493.33,7934.08,112,17,3.5,2,1,0,1,0,0,0,1,0,1,3,31,0,1,1
310.34,0.24,0.06,1,70,1,13,0,2,3,1286.95,469.95,5235.58,97,9,2.4,13,0,0,0,0,0,0,1,1,0,0,-1,0,2,0
139509.8,6.05,1.11,0,439,1,3,0,2,0,23050.95,2448.7,125558.82,115,18,6.7,10,0,1,0,0,0,1,0,2,0,0,-1,0,2,0
387.58,0.23,0.07,0,44,1,11,0,1,3,1662.02,794.51,5693.74,204,4,6.8,8,0,1,0,0,0,0,2,2,0,0,-1,0,2,0
60746.71,3.87,1.11,0,93,1,17,0,0,1,15688.81,413.64,54672.04,205,19,5.3,6,1,1,0,0,0,0,1,2,0,0,-1,0,2,0
808.93,0.42,0.08,0,73,1,17,0,4,3,1938.11,793.01,9518.97,202,7,5.7,2,0,0,0,0,0,0,1,1,0,0,-1,0,2,0
12721.44,0.61,0.2,0,575,1,17,0,2,3,20831.46,760.73,62494.37,67,14,4.2,11,1,1,0,0,0,0,2,2,0,0,-1,0,2,0
666.94,0.81,0.36,0,297,1,22,0,3,2,820.48,553.44,1875.0,57,7,2.8,2,0,0,0,0,0,0,0,2,0,0,-1,0,1,0
610.59,1.24,0.3,1,295,1,19,0,1,1,491.71,154.81,2064.29,49,5,5.1,11,1,0,0,0,1,0,0,1,0,0,-1,0,1,0
2815.61,3.66,1.67,0,133,1,1,0,5,2,769.19,815.01,1683.78,23,18,1.4,10,0,0,0,0,0,0,1,2,0,0,-1,0,2,0
62668.62,25.74,9.13,0,7,0,19,0,1,1,2434.85,1528.36,6866.63,158,12,1.1,4,0,0,0,0,1,0,2,1,1,3,50,1,4,1
1513.49,1.45,0.32,0,69,1,16,0,1,0,1047.21,1206.49,4740.29,139,17,7.1,2,0,1,0,0,0,0,2,1,0,0,-1,0,2,0
2549.48,1.35,0.32,0,17,1,23,0,5,2,1885.14,335.13,7993.33,9,20,4.4,1,0,1,1,0,0,0,0,1,0,0,-1,0,2,0
501.97,0.51,0.14,0,132,1,2,0,5,1,984.79,505.68,3566.55,126,16,5.0,5,0,1,1,0,0,0,0,0,0,0,-1,0,2,0
1932.58,1.14,0.34,0,99,1,22,0,2,0,1701.43,850.57,5685.82,140,5,4.8,12,1,1,0,0,0,0,1,1,0,0,-1,0,1,0
88946.93,32.78,11.0,0,9,0,5,0,5,3,2713.19,412.97,8082.85,43,19,5.1,1,0,1,0,0,0,0,0,3,1,4,3,1,2,1
309.98,0.23,0.07,0,72,1,9,0,0,1,1345.92,2952.08,4660.96,67,9,7.9,7,0,0,1,0,0,0,2,2,0,0,-1,0,1,0
12165.23,3.36,1.37,0,71,0,10,0,3,1,3615.74,637.67,8853.9,66,18,5.5,1,1,0,0,0,0,0,1,1,0,0,-1,0,1,0
18463.86,8.4,2.89,0,72,1,12,1,4,0,2197.15,1244.45,6393.88,30,9,7.3,3,0,1,0,0,1,0,2,2,0,0,-1,0,0,0
28299.54,40.68,11.14,0,14,0,23,0,4,1,695.74,900.1,2540.27,20,3,1.3,12,0,1,0,0,0,0,2,0,1,3,45,1,2,1
26635.77,9.26,3.13,0,38,1,8,0,3,1,2876.02,406.07,8511.42,146,11,1.2,1,1,0,0,1,0,0,2,0,0,0,-1,0,0,0
397.38,0.27,0.09,0,88,1,6,0,2,1,1473.46,440.43,4472.65,214,11,1.9,13,0,0,0,0,0,0,0,1,0,0,-1,0,1,0
29884.89,12.59,4.36,0,15,0,18,0,1,0,2373.89,705.87,6852.66,178,4,5.3,7,0,1,1,0,0,0,2,2,0,0,-1,0,0,0
9482.93,3.02,0.86,0,88,1,0,0,4,3,3144.63,387.3,10968.97,201,19,7.7,3,1,1,0,0,0,1,0,1,0,0,-1,0,1,0
315.46,0.29,0.12,0,83,1,15,0,1,2,1103.47,1102.35,2700.13,78,3,1.8,11,0,0,0,0,0,0,0,0,0,0,-1,0,2,0
795.69,1.04,0.21,0,294,1,6,0,1,0,766.05,448.27,3755.54,110,19,5.8,14,0,1,0,0,0,1,1,2,0,0,-1,0,2,0
3024.22,2.6,0.63,0,9,1,2,0,4,2,1163.81,494.8,4813.68,63,13,7.8,2,0,1,0,0,0,0,0,1,0,0,-1,0,2,0
18423.03,8.14,1.84,1,2,1,17,1,0,2,2262.66,1810.78,10019.34,75,2,3.0,2,0,0,0,0,1,0,1,0,0,0,-1,0,1,0
55946.83,17.52,4.77,1,1,0,0,0,3,0,3193.45,1128.16,11724.73,13,18,6.0,14,1,0,0,0,0,0,2,0,1,4,36,1,2,1
34463.41,57.1,23.36,1,0,0,2,1,3,3,603.59,383.37,1475.4,248,9,3.3,12,1,0,1,0,1,0,2,2,0,0,-1,0,1,1
500.64,0.3,0.09,0,132,1,19,0,0,2,1686.13,802.69,5500.29,143,7,7.8,7,0,0,0,0,0,0,0,0,0,0,-1,0,1,0
106252.22,6.98,1.11,0,637,1,5,0,1,3,15228.07,1736.44,95627.0,266,8,3.8,7,0,0,0,0,0,0,1,0,0,0,-1,0,2,0
113678.84,13.56,1.11,0,360,1,2,0,4,2,8384.81,241.81,102310.96,250,4,7.5,9,0,1,0,0,0,0,1,1,0,0,-1,0,2,0
1863.72,2.17,0.88,1,69,1,17,1,1,3,857.14,306.16,2120.05,70,6,5.6,3,1,1,0,0,0,0,0,2,0,0,-1,0,1,0
107351.89,7.82,1.11,0,320,1,1,1,2,0,13723.43,4770.2,96616.7,74,13,4.7,0,0,1,0,0,0,0,1,1,0,0,-1,0,1,0
14502.01,3.47,1.56,0,88,0,19,0,3,0,4180.4,525.56,9291.37,73,2,1.4,5,0,0,0,0,0,0,0,0,0,0,-1,0,1,0
819.26,0.42,0.09,0,133,1,18,0,3,0,1954.64,486.54,9318.03,221,7,2.2,10,0,1,0,0,0,0,2,0,0,0,-1,0,0,0
34742.1,19.81,7.47,0,13,0,8,0,2,2,1754.19,146.26,4648.4,126,4,6.6,4,0,1,0,0,0,1,2,1,1,4,40,1,1,1
312.32,0.62,0.23,0,205,1,12,0,0,2,499.8,3469.01,1339.7,232,7,4.2,6,0,0,1,0,0,0,2,0,0,0,-1,0,0,0
653.3,0.84,0.37,0,142,1,20,0,4,1,781.84,362.44,1756.79,207,14,0.7,7,0,1,0,0,0,0,0,2,0,0,-1,0,2,0
3880.11,1.1,0.24,1,88,1,2,1,1,0,3541.87,532.1,16005.04,190,4,3.4,13,0,0,0,0,0,0,2,1,0,0,-1,0,1,0
1039.13,0.71,0.17,0,263,1,4,1,0,3,1465.93,3408.38,5978.33,21,12,0.8,2,0,1,0,0,0,0,2,1,0,0,-1,0,1,0
753.61,0.57,0.13,0,97,1,18,0,4,3,1322.59,675.39,5656.02,141,20,2.9,0,0,1,0,0,0,0,0,2,0,0,-1,0,0,0
14900.65,6.66,3.13,1,0,0,15,0,6,4,2238.59,1001.21,4766.97,108,9,5.2,4,1,0,1,0,1,0,3,1,0,0,-1,0,2,1
20793.44,25.58,14.07,1,0,0,13,0,5,3,812.82,315.93,1477.49,51,9,0.8,11,0,0,0,1,0,0,1,3,0,0,-1,0,1,1
92770.72,4.53,1.11,0,423,1,19,0,3,3,20458.37,1014.09,83493.65,103,14,2.2,1,0,0,0,0,1,0,2,0,0,0,-1,0,2,0
8205.61,4.13,1.55,1,0,0,11,0,4,4,1984.48,231.75,5291.05,233,10,3.2,11,1,0,1,0,0,0,4,3,0,0,-1,0,2,1
195.67,0.32,0.08,0,253,1,23,0,5,2,611.4,387.02,2572.78,123,5,6.1,12,0,1,0,0,0,0,1,0,0,0,-1,0,0,0
39027.66,25.61,8.66,1,0,0,13,0,5,0,1524.05,1509.03,4505.03,224,18,2.5,6,0,1,0,0,0,0,0,4,0,0,-1,0,1,1
128271.95,8.82,1.11,0,75,1,16,0,4,0,14540.65,811.3,115444.76,98,2,4.0,7,0,0,0,0,0,1,2,0,0,0,-1,0,0,0
4938.02,2.13,0.55,0,10,0,1,0,4,2,2322.05,559.87,8945.65,159,15,7.9,12,1,1,0,0,0,1,2,0,1,2,53,0,3,1
1518.69,1.7,0.42,0,53,0,0,0,4,2,892.48,1329.7,3619.55,74,17,4.7,7,0,1,0,0,0,0,2,0,0,0,-1,0,2,0
1668.69,3.23,0.83,1,146,0,2,0,3,2,516.89,1049.5,2016.96,190,6,7.4,13,0,0,0,0,0,0,0,2,0,0,-1,0,0,0
10870.59,2.39,0.72,0,6,0,1,0,3,2,4551.93,937.89,15039.76,77,3,5.2,6,0,1,0,0,0,0,0,0,0,0,-1,0,0,0
10822.13,3.81,1.69,0,83,1,23,1,1,3,2838.27,184.38,6406.31,212,18,7.1,7,0,1,0,0,0,0,2,0,0,0,-1,0,0,0
542.11,1.71,0.35,1,362,1,23,0,3,1,316.5,199.81,1566.63,188,17,3.6,8,0,1,1,0,0,0,0,0,0,0,-1,0,0,0
43224.45,16.0,4.75,1,12,0,9,0,5,0,2701.21,1465.81,9091.12,103,19,5.1,11,0,1,0,0,0,0,1,0,1,2,22,1,5,1
52316.11,17.82,4.78,0,2,0,6,0,4,2,2935.06,702.93,10947.54,212,8,3.8,11,0,0,0,0,1,0,0,1,1,4,23,1,5,1
52840.62,27.86,8.05,0,12,0,11,0,5,0,1896.34,642.92,6565.3,14,9,4.3,10,0,1,0,0,0,0,2,3,1,4,6,1,6,1
12305.04,2.97,1.3,0,66,1,12,0,5,1,4138.0,1453.17,9477.26,61,4,1.4,4,0,0,0,0,0,0,0,1,0,0,-1,0,0,0
62196.04,63.01,21.41,1,11,0,18,0,4,2,987.08,462.88,2905.16,212,12,1.7,13,0,1,0,0,0,0,2,0,1,2,39,1,4,1
74.98,0.07,0.03,0,50,1,15,0,1,0,1022.75,981.3,2685.59,221,15,2.0,11,1,1,0,0,0,0,1,1,0,0,-1,0,2,0
96.28,0.05,0.01,0,89,1,17,0,5,0,1795.72,228.37,8259.84,196,12,4.4,0,0,0,0,1,0,0,1,2,0,0,-1,0,1,0
25691.09,11.16,2.3,0,90,1,1,0,1,2,2302.29,147.37,11174.05,129,10,6.7,11,0,0,0,0,0,0,2,1,0,0,-1,0,0,0
232.8,0.65,0.3,1,177,1,23,0,3,0,359.26,432.11,781.37,84,12,4.2,1,1,1,0,0,0,0,2,1,0,0,-1,0,0,0
183.44,0.16,0.06,1,164,1,10,0,0,2,1165.47,278.61,3062.52,234,3,3.2,10,0,1,0,0,0,0,1,2,0,0,-1,0,1,0
15118.46,7.3,3.46,1,0,0,4,0,7,4,2070.85,867.75,4366.0,161,2,2.8,6,1,0,1,1,0,1,5,4,0,0,-1,0,1,1
39042.25,79.81,23.75,0,12,0,11,0,5,2,489.18,450.33,1643.97,22,3,5.0,5,0,1,0,0,0,0,0,2,1,3,21,1,2,1
18906.45,3.99,0.9,0,83,1,2,0,5,1,4739.5,2489.11,20939.67,93,20,2.0,12,1,0,0,0,0,0,2,1,0,0,-1,0,0,0
407.77,1.13,0.28,0,97,1,14,0,0,2,362.17,1730.68,1458.36,207,20,7.7,5,1,0,0,0,0,0,2,1,0,0,-1,0,0,0
8329.51,2.93,0.68,0,3,0,0,0,3,1,2845.76,1074.1,12272.4,140,16,1.4,12,1,0,0,0,0,0,1,1,0,0,-1,0,1,0
29221.59,20.54,7.03,0,10,0,17,0,1,2,1422.33,361.79,4154.33,125,17,2.2,5,0,1,0,0,0,0,1,0,1,2,22,1,6,1
71397.5,71.82,18.52,0,14,0,22,0,1,0,994.11,656.05,3855.3,22,7,1.2,12,0,1,0,0,0,0,2,0,1,3,1,0,6,1
128983.71,7.15,1.11,0,627,1,12,0,3,2,18029.24,2571.57,116085.34,221,12,4.1,9,0,1,0,0,0,0,1,1,0,0,-1,0,2,0
9774.5,4.08,2.01,0,1,1,6,0,4,2,2393.4,542.24,4869.54,244,16,6.7,3,1,1,0,0,0,0,0,1,0,0,-1,0,0,0
14668.78,7.29,2.52,1,0,0,6,1,5,4,2011.88,441.18,5812.81,49,5,6.3,1,1,0,1,1,0,0,3,3,0,0,-1,0,1,1
107259.72,10.67,1.11,0,253,1,10,0,3,2,10049.39,1081.67,96533.75,55,7,6.4,9,0,1,0,0,0,0,0,1,0,0,-1,0,1,0
1099.54,0.6,0.19,1,135,1,11,0,2,2,1846.64,145.69,5870.34,250,3,6.8,10,0,1,0,0,0,0,2,2,0,0,-1,0,2,0
47335.86,24.99,9.82,0,3,0,21,1,3,1,1893.89,899.38,4819.84,77,20,4.4,8,0,0,0,0,0,0,2,1,1,4,36,1,5,1
20407.46,5.68,2.7,0,57,1,19,0,3,1,3595.46,574.89,7564.07,241,18,2.1,4,1,1,0,0,0,1,1,2,0,0,-1,0,0,0
15091.19,8.09,3.93,1,0,0,4,0,5,4,1866.44,334.35,3844.32,32,7,0.6,1,1,0,1,1,1,0,5,1,0,0,-1,0,1,1
111832.35,4.8,1.11,0,411,1,16,0,3,1,23304.98,381.85,100649.12,202,14,1.8,9,0,1,0,0,0,0,0,0,0,0,-1,0,2,0
24474.69,10.33,2.48,0,18,1,12,1,5,2,2370.43,509.46,9877.55,188,18,2.5,5,0,0,0,0,0,0,0,1,0,0,-1,0,1,0
46365.53,2.29,0.76,0,209,1,9,0,3,0,20230.09,320.24,60690.28,281,10,3.0,4,0,1,1,0,0,0,0,2,0,0,-1,0,1,0
592.26,0.3,0.14,0,287,1,10,0,1,1,1959.83,1328.68,4264.09,220,11,4.5,4,0,1,0,0,0,0,1,2,0,0,-1,0,1,0
74619.58,7.15,1.11,0,185,1,2,0,2,2,10429.22,2784.92,67157.62,214,10,4.9,5,0,1,0,0,0,0,2,1,0,0,-1,0,2,0
9321.43,8.01,2.13,0,2,0,8,0,0,1,1163.02,536.7,4366.92,225,8,2.8,12,1,0,1,0,0,0,1,1,1,4,53,0,6,1
32130.96,14.42,6.33,1,0,0,15,0,1,3,2228.84,356.93,5076.48,66,4,1.7,8,1,1,0,0,1,0,0,1,0,0,-1,0,1,1
13593.8,1.42,0.47,0,232,1,12,0,3,1,9540.95,212.4,28622.85,287,18,3.2,14,0,1,0,0,0,0,0,2,0,0,-1,0,0,0
348.38,0.27,0.07,0,113,1,10,0,0,2,1276.77,657.79,4803.77,66,5,3.5,7,0,1,0,0,0,0,1,2,0,0,-1,0,0,0
11878.9,0.64,0.21,0,571,1,17,0,5,1,18585.57,725.39,55756.71,271,2,7.3,6,0,1,0,0,0,0,0,1,0,0,-1,0,0,0
2499.48,1.87,0.55,0,143,1,5,1,2,2,1333.77,491.71,4530.68,245,13,0.9,4,0,0,0,0,0,0,0,2,0,0,-1,0,2,0
28053.2,11.77,2.51,1,65,1,10,0,5,2,2382.51,146.62,11172.84,168,12,6.1,10,0,0,0,0,0,0,2,0,0,0,-1,0,1,0
349.72,0.23,0.06,0,178,1,2,0,5,3,1519.96,857.25,5398.98,173,9,1.6,12,1,0,0,0,0,0,2,2,0,0,-1,0,0,0
76415.38,22.96,7.17,1,6,0,15,1,4,3,3327.83,469.92,10653.9,158,7,0.8,11,1,1,1,0,0,0,0,3,1,4,56,1,5,1
20816.26,11.07,4.05,1,0,0,6,0,5,2,1880.23,1279.56,5133.85,93,19,3.5,6,0,0,0,0,0,0,1,1,0,0,-1,0,1,1
831.73,0.61,0.16,0,247,1,3,0,2,1,1359.64,4959.8,5076.57,109,2,7.4,7,0,0,0,0,0,0,1,1,0,0,-1,0,2,0
17722.0,16.42,6.31,1,60,0,13,0,3,0,1079.41,618.21,2809.36,130,17,0.6,7,1,0,0,0,0,0,1,1,0,0,-1,0,1,0
19834.37,32.29,13.39,0,3,0,6,0,4,0,614.19,1875.22,1481.47,44,3,5.3,1,1,0,0,0,0,0,0,1,1,4,20,0,6,1
1414.04,1.49,0.46,0,26,0,15,0,0,1,950.15,600.77,3102.65,45,12,6.1,10,0,1,0,0,0,0,0,2,0,0,-1,0,2,0
343.52,0.48,0.16,0,321,1,14,0,0,3,719.65,418.1,2126.66,129,5,5.3,6,0,1,0,0,0,0,2,1,0,0,-1,0,2,0
22743.72,10.87,3.46,1,69,0,17,0,2,3,2092.7,1185.26,6579.68,214,10,3.2,14,1,1,0,0,0,0,0,0,0,0,-1,0,0,0
12449.06,3.93,1.09,0,3,0,8,1,4,2,3169.71,1306.72,11437.61,211,2,2.1,5,0,0,0,0,0,1,2,1,1,4,56,0,1,1
129479.28,13.55,1.11,0,225,1,12,0,4,0,9552.21,371.04,116531.35,99,9,0.6,14,1,1,0,0,0,0,2,1,0,0,-1,0,1,0
111.56,0.12,0.05,0,159,1,4,0,0,0,907.18,2076.88,2152.55,165,10,7.6,2,0,0,0,0,0,0,1,1,0,0,-1,0,1,0
11367.82,2.99,1.23,0,48,1,5,0,4,3,3800.56,631.1,9269.02,108,17,1.2,11,0,0,0,0,0,0,0,1,0,0,-1,0,1,0
7045.9,1.87,0.75,0,51,0,12,1,3,0,3772.15,580.0,9381.07,122,16,7.8,1,1,0,0,0,0,0,1,2,0,0,-1,0,0,0
1214.54,1.58,0.66,0,55,1,19,0,1,1,766.63,736.51,1835.7,186,12,5.3,5,0,1,0,0,0,0,0,2,0,0,-1,0,2,0
91085.75,33.12,8.96,0,8,0,11,0,0,0,2749.86,615.73,10167.35,29,9,5.2,3,0,1,0,0,0,0,2,3,1,2,33,1,4,1
32682.35,34.54,12.63,1,0,0,17,0,5,2,946.09,269.14,2588.41,202,17,6.4,0,0,0,1,0,0,0,0,2,0,0,-1,0,0,1
16981.22,5.72,2.51,0,13,0,18,0,0,3,2968.8,1446.1,6762.33,73,10,7.1,12,0,0,0,0,0,0,2,1,1,3,55,0,1,1
19925.94,5.03,1.45,1,19,0,12,0,3,2,3962.2,727.01,13695.76,170,11,3.9,14,1,1,0,0,0,0,1,0,0,0,-1,0,0,0
1164.29,1.22,0.49,0,137,1,17,0,1,3,951.65,576.15,2365.79,18,8,1.2,5,0,0,0,0,0,0,0,1,0,0,-1,0,1,0
2997.68,1.77,0.5,0,10,0,10,0,1,3,1695.93,889.09,5949.85,177,12,7.1,1,0,0,0,0,0,0,0,2,0,0,-1,0,0,0
354.86,0.24,0.07,0,324,0,2,0,2,2,1456.99,1417.89,4840.84,48,16,2.4,7,0,1,0,0,0,0,0,1,0,0,-1,0,1,0
357.38,0.21,0.08,0,83,1,20,0,2,1,1715.56,468.41,4722.35,215,20,4.9,2,0,1,0,0,0,0,1,0,0,0,-1,0,2,0
54712.15,4.35,1.11,0,466,1,3,0,1,2,12565.92,436.69,49240.94,271,2,2.6,4,0,1,0,0,0,0,0,2,0,0,-1,0,0,0
136069.89,6.57,1.11,0,540,1,22,0,4,2,20716.17,645.74,122462.9,218,6,2.4,14,1,1,0,0,0,1,2,2,0,0,-1,0,2,0
517.02,0.94,0.38,0,158,1,21,0,1,0,551.16,466.61,1351.13,135,7,4.8,3,1,1,0,0,0,0,1,2,0,0,-1,0,0,0
448.82,1.06,0.25,0,27,1,10,0,2,2,424.07,1071.76,1788.28,90,15,1.4,8,1,1,0,0,0,0,0,2,0,0,-1,0,2,0
305.69,0.2,0.06,0,297,1,2,0,0,0,1517.74,833.13,5210.95,121,15,6.9,8,1,0,0,0,1,0,1,0,0,0,-1,0,2,0
39436.16,21.35,7.29,1,0,0,11,0,4,1,1846.74,411.72,5409.11,77,20,7.8,6,0,1,0,0,0,0,2,4,0,0,-1,0,2,1
98647.86,32.23,11.93,0,9,0,20,1,2,2,3060.83,1583.14,8268.38,30,7,6.0,9,0,0,0,0,0,0,1,0,1,3,1,1,4,1
70.97,0.05,0.01,0,247,1,17,0,0,2,1368.22,1295.61,5043.15,164,16,0.7,12,0,1,1,0,0,0,1,0,0,0,-1,0,0,0
19560.14,1.69,0.56,0,354,1,22,1,1,2,11543.01,458.46,34629.02,118,2,7.9,7,0,1,0,0,0,0,0,2,0,0,-1,0,1,0
27250.48,14.51,5.4,1,24,1,23,0,1,0,1877.73,606.81,5050.13,114,15,4.4,1,1,0,0,0,1,0,1,0,0,0,-1,0,1,0
18172.11,4.68,0.94,0,14,1,12,0,4,2,3879.69,152.86,19345.19,16,2,2.8,1,0,0,0,0,0,0,2,2,0,0,-1,0,1,0
35715.94,2.21,0.74,0,665,1,18,0,4,3,16150.34,558.05,48451.03,280,14,1.3,0,0,1,0,0,0,0,0,0,0,0,-1,0,0,0
225.7,0.17,0.04,1,354,0,16,0,1,0,1343.29,1785.92,5189.67,43,15,4.6,6,0,1,0,0,0,0,0,2,0,0,-1,0,2,0
1586.33,1.14,0.31,1,309,1,16,0,3,3,1386.39,174.04,5173.92,21,6,5.5,10,0,0,0,0,0,0,2,0,0,0,-1,0,2,0
353.46,0.19,0.06,0,104,1,11,0,0,0,1897.8,745.14,5773.57,12,19,3.7,13,0,0,0,0,0,0,2,0,0,0,-1,0,0,0
36024.65,32.53,14.41,1,0,0,11,0,4,1,1107.41,149.05,2499.23,20,6,1.4,3,0,1,1,0,0,0,2,2,0,0,-1,0,0,1
26282.11,8.99,2.92,1,2,0,6,0,3,2,2923.41,329.14,8997.1,207,16,4.0,7,0,0,0,0,0,0,1,2,1,3,7,0,4,1
24239.19,5.33,1.96,0,16,1,12,0,3,1,4546.69,506.99,12355.83,43,7,3.5,11,0,0,1,0,0,0,0,2,0,0,-1,0,1,0
619.3,0.52,0.11,0,175,1,6,0,0,2,1192.52,189.15,5467.93,116,17,7.4,12,1,1,0,0,0,0,0,0,0,0,-1,0,2,0
88327.1,3.92,1.11,0,699,1,16,0,5,3,22515.53,226.16,79494.39,67,17,5.2,3,1,1,0,0,0,0,0,2,0,0,-1,0,0,0
16305.73,6.02,1.52,1,6,1,8,1,1,2,2707.53,279.32,10717.92,14,5,2.6,10,0,1,0,0,0,1,1,2,0,0,-1,0,0,0
50.78,0.04,0.02,0,176,1,8,0,1,1,1232.73,2247.64,3329.73,146,5,6.8,2,0,1,0,0,0,0,0,2,0,0,-1,0,0,0
14680.29,5.09,1.99,0,30,0,0,0,3,2,2883.08,319.51,7373.91,52,6,1.0,3,0,1,0,0,0,0,2,0,0,0,-1,0,1,0
335.22,0.2,0.06,0,333,1,3,0,3,3,1665.22,200.96,5236.2,6,19,0.7,2,0,0,0,0,0,0,1,0,0,0,-1,0,1,0
31600.65,64.02,24.15,1,0,0,6,0,2,2,493.58,381.65,1308.51,60,11,5.0,10,0,0,1,0,0,0,0,1,0,0,-1,0,0,1
8111.92,2.03,0.46,0,1,0,21,0,5,1,3992.46,312.15,17490.62,249,6,6.8,7,0,0,0,0,0,0,1,1,0,0,-1,0,0,0
345.64,0.8,0.26,0,346,1,17,0,3,0,432.53,276.89,1311.68,67,5,2.7,2,1,1,0,0,1,0,1,2,0,0,-1,0,1,0
1655.6,1.11,0.49,0,32,1,20,0,5,3,1488.42,319.29,3364.52,239,14,7.5,1,0,0,0,0,0,0,1,1,0,0,-1,0,0,0
24168.74,1.76,0.59,0,309,1,10,0,2,1,13760.73,768.66,41282.19,243,18,1.0,7,0,0,0,0,0,0,0,2,0,0,-1,0,1,0
21831.43,10.59,3.3,1,86,1,16,0,4,3,2062.16,943.84,6614.55,11,3,6.7,14,1,0,1,0,0,0,0,1,0,0,-1,0,0,0
10806.02,3.76,1.68,0,64,0,5,0,1,3,2872.79,279.33,6447.14,32,10,3.0,10,1,0,0,0,0,0,0,0,0,0,-1,0,0,0
662.92,0.5,0.13,0,223,1,14,0,4,3,1338.62,454.38,5242.28,37,18,4.0,3,0,1,0,0,0,0,2,1,0,0,-1,0,2,0
56.98,0.04,0.02,0,63,1,8,0,1,3,1356.27,663.77,3683.14,197,14,2.6,13,1,1,0,0,0,1,1,0,0,0,-1,0,2,0
317.69,0.3,0.06,0,242,1,21,0,0,3,1051.94,747.96,5112.93,149,20,7.0,11,1,1,0,0,0,0,2,1,0,0,-1,0,1,0
16702.71,5.25,1.34,0,1,0,12,0,4,1,3183.51,2404.94,12497.37,34,20,3.1,9,0,1,0,0,0,0,0,2,1,2,4,1,1,1
23515.68,2.14,0.71,0,121,1,5,0,1,2,10984.5,314.52,32953.5,222,9,1.4,14,0,1,0,0,0,0,1,2,0,0,-1,0,1,0
80154.01,8.01,1.11,0,316,1,15,0,2,2,10003.47,669.67,72138.61,64,12,1.6,13,0,1,0,0,0,0,1,0,0,0,-1,0,0,0
72911.61,41.26,13.59,0,12,0,7,0,4,3,1767.17,631.45,5366.36,191,18,1.1,1,0,0,0,0,0,0,0,3,1,3,22,1,6,1
495.19,0.52,0.18,0,82,1,20,1,2,1,948.84,177.21,2746.95,81,15,6.4,5,0,1,0,0,0,1,2,2,0,0,-1,0,2,0
45222.99,29.86,10.74,1,0,0,13,0,2,1,1514.37,385.4,4211.02,215,3,4.3,14,1,1,0,0,0,0,1,2,0,0,-1,0,3,1
1279.47,0.74,0.2,0,88,1,9,0,0,2,1717.96,657.37,6338.08,184,6,2.8,11,0,1,0,0,0,0,1,1,0,0,-1,0,2,0
361.8,0.34,0.09,1,356,1,0,0,3,0,1066.24,486.14,3960.26,159,10,1.9,4,0,1,0,0,0,0,0,1,0,0,-1,0,1,0
20839.44,16.15,3.34,0,78,0,10,0,2,1,1290.64,565.87,6240.81,23,3,4.5,1,1,1,0,0,0,0,2,0,0,0,-1,0,1,0
789.67,0.47,0.12,1,187,1,0,0,5,2,1683.79,150.48,6373.27,247,7,5.9,0,0,1,0,0,0,0,1,0,0,0,-1,0,2,0
6987.19,2.2,0.73,0,5,0,1,0,3,2,3178.76,189.08,9532.64,167,16,4.9,4,1,1,0,0,0,0,0,0,1,4,58,0,4,1
66070.05,156.56,59.08,1,0,0,3,0,5,1,422.0,302.25,1118.25,104,14,6.7,10,1,0,1,0,0,0,0,2,0,0,-1,0,0,1
156.67,0.1,0.02,0,50,1,21,0,0,1,1554.14,1551.75,6485.92,220,14,7.3,4,0,0,0,0,0,0,1,0,0,0,-1,0,1,0
76396.41,32.03,13.33,1,0,0,20,0,5,0,2384.93,382.12,5732.79,179,18,5.0,12,0,0,0,0,0,0,2,3,0,0,-1,0,2,1
40821.58,33.4,14.77,1,0,0,4,0,5,2,1222.2,371.19,2764.74,102,14,7.7,14,1,0,1,0,0,0,5,5,0,0,-1,0,1,1
81137.49,5.13,1.11,0,444,1,15,0,3,3,15816.72,177.79,73023.74,221,2,4.3,4,0,1,0,1,1,0,0,0,0,0,-1,0,1,0
98489.66,5.16,1.11,0,127,1,6,0,2,2,19084.96,926.31,88640.69,170,3,2.9,3,1,1,0,0,0,0,2,2,0,0,-1,0,2,0
386.1,0.47,0.16,0,318,1,19,0,2,3,821.42,438.44,2489.74,21,2,6.2,6,0,1,0,0,0,0,1,0,0,0,-1,0,0,0
33893.78,46.9,12.62,0,7,0,8,0,0,2,722.62,206.77,2685.9,86,10,6.1,9,0,0,0,0,0,0,0,3,1,3,11,1,6,1
256.1,0.53,0.11,0,226,1,23,0,5,0,484.19,496.77,2362.2,29,11,3.3,9,1,0,0,0,0,0,1,2,0,0,-1,0,1,0
130363.18,7.83,1.11,0,353,1,8,0,3,2,16644.01,488.49,117326.86,272,15,4.3,13,0,1,1,0,0,0,1,2,0,0,-1,0,0,0
508.31,0.44,0.21,0,12,1,15,0,0,1,1157.36,385.15,2392.83,39,20,4.6,7,0,1,0,0,0,0,2,0,0,0,-1,0,0,0
804.54,1.01,0.26,0,184,1,2,0,1,3,799.4,188.6,3077.97,144,9,7.2,7,0,1,0,0,0,0,1,0,0,0,-1,0,1,0
425.66,0.22,0.1,0,301,1,1,0,4,3,1932.7,1087.31,4318.12,31,20,4.1,11,0,0,0,0,0,0,1,1,0,0,-1,0,2,0
365.45,0.2,0.07,1,100,1,16,0,2,3,1839.82,308.46,4911.84,187,7,4.9,5,0,1,0,0,0,0,1,1,0,0,-1,0,0,0
291.36,0.19,0.07,1,22,1,7,0,0,0,1539.78,258.16,3917.33,87,8,3.3,12,0,0,0,0,0,0,1,2,0,0,-1,0,0,0
10243.22,4.64,1.42,0,47,0,2,0,5,0,2208.45,361.7,7190.12,194,19,1.9,4,1,1,1,0,0,0,0,2,0,0,-1,0,1,0
56426.02,3.45,1.11,0,401,1,19,0,1,2,16363.04,432.82,50783.42,257,8,2.8,6,0,1,0,0,0,0,1,0,0,0,-1,0,1,0
1243.9,0.71,0.23,0,124,1,12,0,5,1,1747.19,1099.52,5345.63,199,2,1.0,8,1,1,0,0,0,0,1,0,0,0,-1,0,1,0
71819.98,55.69,19.69,1,0,0,3,0,2,0,1289.71,3194.48,3646.98,135,7,4.5,0,0,1,1,0,0,0,0,3,0,0,-1,0,3,1
14034.8,10.06,2.01,1,31,1,3,1,4,1,1394.77,294.97,6966.46,138,15,4.6,10,1,0,0,0,0,0,2,2,0,0,-1,0,1,0
134973.41,16.34,1.11,0,703,1,6,0,2,0,8258.35,962.52,121476.07,43,17,3.2,1,0,1,0,0,0,0,2,2,0,0,-1,0,2,0
77258.83,40.29,14.43,1,0,0,1,0,4,2,1917.57,503.74,5355.56,173,8,2.0,14,1,0,1,0,0,0,0,3,0,0,-1,0,1,1
104840.92,16.23,1.11,0,145,1,22,1,2,2,6458.08,791.07,94356.83,178,7,6.1,4,0,1,0,0,0,0,2,0,0,0,-1,0,0,0
4793.52,1.18,0.37,0,4,1,6,0,2,1,4073.41,351.46,13054.7,54,7,7.3,6,1,0,0,0,0,0,0,0,0,0,-1,0,1,0
57042.82,37.26,16.29,1,0,0,19,1,5,2,1531.08,912.85,3501.59,83,14,2.2,12,1,1,0,0,0,0,0,3,0,0,-1,0,3,1
22842.43,14.83,3.06,0,9,0,1,0,4,2,1539.84,394.05,7469.87,113,2,5.3,12,1,1,0,0,0,0,1,2,0,0,-1,0,0,0
426.62,0.27,0.07,0,265,0,4,0,2,0,1598.9,552.45,6023.52,216,14,4.2,0,0,0,0,0,0,0,2,2,0,0,-1,0,0,0
502.53,0.61,0.13,0,253,0,8,0,3,0,830.36,3822.15,3989.89,43,14,7.3,5,0,1,0,0,0,0,0,0,0,0,-1,0,0,0
499.39,0.36,0.1,0,357,1,3,0,0,3,1372.06,2522.39,4855.08,129,10,1.2,2,0,1,0,0,0,0,0,2,0,0,-1,0,0,0
75003.57,3.23,1.08,0,710,1,3,0,0,1,23198.11,350.64,69594.32,94,7,5.6,10,0,1,0,0,0,0,2,2,0,0,-1,0,0,0
1033.53,0.56,0.15,0,353,1,4,1,4,2,1856.51,389.08,7010.88,55,4,1.5,0,0,1,0,0,0,0,0,2,0,0,-1,0,2,0
11320.94,3.54,0.89,1,18,0,12,0,2,2,3200.33,1034.35,12693.4,118,13,4.7,12,1,0,1,0,0,0,1,2,0,0,-1,0,0,0
123.83,0.16,0.04,0,111,1,13,0,4,0,754.35,400.9,2855.25,113,7,0.6,0,0,1,0,0,0,0,1,1,0,0,-1,0,2,0
31289.96,35.32,14.17,0,12,0,19,1,2,1,885.91,929.52,2208.13,217,14,0.7,11,0,0,0,0,0,1,1,2,1,2,42,1,2,1
595.7,0.53,0.11,0,105,1,12,1,5,2,1120.15,173.98,5255.36,239,8,5.8,8,1,0,0,0,0,0,2,1,0,0,-1,0,0,0
300.48,0.25,0.08,0,99,1,10,0,3,2,1206.17,310.58,3655.87,242,19,3.3,12,0,1,0,0,0,0,0,0,0,0,-1,0,2,0
753.95,1.97,0.41,0,300,1,4,0,2,0,382.94,706.29,1859.16,241,8,3.3,13,0,0,0,0,0,0,2,2,0,0,-1,0,2,0
148.57,0.12,0.03,0,335,1,15,0,5,2,1222.68,904.26,4253.49,181,12,4.2,12,0,1,0,0,0,0,1,1,0,0,-1,0,1,0
1332.45,0.83,0.21,0,48,0,10,0,5,0,1598.97,141.39,6197.67,113,2,4.9,10,0,1,0,0,0,0,1,2,0,0,-1,0,0,0
70297.56,38.22,15.96,1,0,0,16,0,3,0,1839.28,742.17,4403.82,95,17,2.7,9,0,1,0,0,0,0,0,4,0,0,-1,0,3,1
82452.34,31.83,10.78,0,9,0,14,0,0,1,2590.19,489.48,7647.55,93,5,7.1,11,0,0,0,0,0,1,2,3,1,2,14,1,6,1
8609.41,3.68,1.49,1,0,0,16,0,3,4,2340.91,588.36,5767.41,43,13,3.2,5,1,0,1,1,0,0,4,5,0,0,-1,0,2,1
252.44,0.23,0.06,0,126,0,22,0,1,1,1094.91,1353.96,4224.95,96,16,7.7,5,1,1,0,0,0,0,1,1,0,0,-1,0,2,0
15372.32,3.15,0.94,0,51,1,17,0,4,3,4879.24,480.03,16362.99,160,9,0.7,7,1,0,0,0,0,0,2,2,0,0,-1,0,0,0
52987.6,103.9,49.85,1,0,0,0,0,4,3,509.99,685.06,1062.94,119,11,7.1,14,1,0,1,0,0,0,5,1,0,0,-1,0,0,1
59495.92,75.93,28.28,1,0,0,4,0,5,2,783.52,597.51,2103.55,134,10,5.6,10,0,0,0,0,0,0,2,1,0,0,-1,0,1,1
8049.23,5.91,1.19,1,14,1,23,0,2,3,1361.38,2677.88,6791.39,15,10,4.0,2,1,0,0,0,0,0,2,0,0,0,-1,0,0,0
13337.15,1.54,0.51,0,632,1,18,0,1,2,8688.02,1024.21,26064.06,287,19,1.2,6,0,0,0,0,0,0,2,0,0,0,-1,0,0,0
136723.61,8.63,1.11,0,540,1,19,0,1,1,15848.41,467.69,123051.25,290,7,0.8,12,0,0,0,0,0,0,0,1,0,0,-1,0,1,0
1704.82,2.09,0.93,0,145,1,17,0,5,1,816.51,558.1,1826.48,181,16,4.9,1,0,0,0,0,0,0,2,2,0,0,-1,0,2,0
340.3,0.77,0.31,0,353,1,8,0,0,2,439.19,1864.24,1099.5,22,20,1.0,12,0,1,0,0,0,0,0,0,0,0,-1,0,1,0
176.63,0.32,0.07,0,129,1,1,0,3,2,544.45,1011.82,2432.22,136,15,7.2,7,0,0,0,0,0,0,2,1,0,0,-1,0,2,0
75373.83,144.06,43.15,0,10,0,4,0,3,3,523.2,735.74,1746.64,190,18,0.7,5,0,0,0,0,0,0,1,0,1,2,16,0,6,1
983.99,0.56,0.2,0,231,0,7,1,5,2,1743.85,181.02,4872.17,211,8,2.0,9,0,0,0,0,1,0,2,1,0,0,-1,0,1,0
232.58,0.17,0.04,0,153,0,21,0,1,3,1404.68,1485.4,6339.16,210,4,3.3,4,0,1,0,0,0,1,0,0,0,0,-1,0,2,0
43465.03,48.52,17.45,1,0,0,0,0,6,2,895.75,639.63,2490.16,154,20,6.3,11,1,0,1,1,1,0,4,5,0,0,-1,0,2,1
1271.58,0.99,0.24,0,287,1,22,1,1,0,1281.52,913.45,5217.62,27,10,6.3,5,0,0,0,0,0,1,1,2,0,0,-1,0,0,0
12637.85,6.73,1.55,1,58,0,16,0,0,0,1878.96,222.85,8167.28,232,14,4.0,10,1,0,0,0,0,0,1,1,0,0,-1,0,1,0
488.84,1.14,0.34,0,154,1,14,0,3,3,427.57,3529.09,1430.83,82,6,5.1,11,0,1,0,0,0,0,1,2,0,0,-1,0,1,0
79534.01,7.82,1.11,0,345,1,23,1,0,2,10170.42,339.24,71580.61,272,5,1.6,7,0,1,0,0,0,0,1,2,0,0,-1,0,0,0
343.85,0.2,0.06,0,228,1,15,0,1,2,1761.13,684.63,6066.45,63,15,6.1,7,0,1,0,0,0,1,0,2,0,0,-1,0,0,0
145157.44,5.91,1.11,0,135,1,19,0,0,2,24552.76,1343.09,130641.7,59,7,6.3,1,1,1,0,0,0,0,2,0,0,0,-1,0,2,0
60.94,0.04,0.01,0,12,1,11,0,1,0,1673.21,154.65,7278.47,21,9,5.8,2,1,1,1,0,0,0,1,1,0,0,-1,0,2,0
271.35,0.16,0.04,0,102,1,23,0,0,1,1702.89,2011.75,6174.53,119,6,6.8,14,0,1,1,0,0,0,0,0,0,0,-1,0,1,0
57339.43,20.29,8.59,1,0,0,0,0,6,4,2825.88,441.64,6673.55,110,15,1.0,1,1,0,1,1,1,0,5,1,0,0,-1,0,0,1
1001.07,0.72,0.24,1,124,1,23,0,5,0,1390.81,629.36,4222.73,115,12,0.5,14,0,1,0,0,0,0,2,2,0,0,-1,0,2,0
7381.54,2.33,0.62,1,1,0,17,0,1,3,3166.53,251.84,11833.56,114,19,1.6,3,1,1,0,0,0,0,1,1,0,0,-1,0,0,0
8588.63,6.08,2.77,1,0,0,13,0,1,0,1411.46,495.33,3096.96,65,2,3.4,8,0,1,0,0,0,0,0,3,0,0,-1,0,1,1
13416.92,5.78,2.54,1,0,0,2,1,2,3,2320.18,4644.92,5280.75,91,18,2.0,14,0,0,1,0,0,0,1,4,0,0,-1,0,1,1
707.74,0.37,0.12,0,92,1,21,0,1,0,1899.14,1238.44,5840.77,78,10,7.3,6,1,1,1,0,0,0,2,2,0,0,-1,0,2,0
6686.94,3.78,0.85,0,38,0,4,0,4,2,1770.49,233.92,7824.33,120,13,6.8,2,0,0,0,0,0,0,0,0,0,0,-1,0,1,0
578.98,0.47,0.18,0,206,1,15,0,4,1,1236.89,947.39,3294.36,5,17,3.0,5,0,1,0,0,0,0,1,1,0,0,-1,0,2,0
9983.35,2.02,0.53,0,70,1,18,0,1,1,4949.09,778.27,18743.87,228,14,3.2,10,1,1,0,0,0,0,0,1,0,0,-1,0,0,0
18280.37,11.94,3.05,1,63,1,11,0,0,3,1531.62,704.64,6002.8,129,9,5.0,11,1,1,0,0,0,0,1,2,0,0,-1,0,1,0
20952.81,4.71,2.11,1,57,0,13,0,1,2,4447.79,1097.64,9915.48,168,15,5.3,11,0,0,0,0,0,0,2,2,0,0,-1,0,0,0
557.95,0.63,0.14,0,242,1,8,0,2,0,883.81,685.53,4113.39,239,2,1.0,2,0,1,0,0,1,0,2,2,0,0,-1,0,1,0
20553.53,1.32,0.44,0,671,1,15,0,0,1,15553.83,701.11,46661.5,290,9,5.6,1,0,1,0,0,0,0,0,1,0,0,-1,0,1,0
14069.81,6.98,3.0,1,0,0,14,0,7,2,2015.67,286.34,4697.27,4,15,3.4,0,1,0,1,1,0,1,2,1,0,0,-1,0,2,1
1307.78,0.87,0.25,0,298,1,21,0,2,1,1499.27,633.52,5130.09,141,7,4.5,1,0,1,0,0,0,0,0,0,0,0,-1,0,2,0
534.87,0.32,0.07,0,128,1,14,0,5,3,1656.63,456.39,7394.99,66,9,3.0,9,0,1,0,0,0,0,0,0,0,0,-1,0,2,0
973.4,0.76,0.25,0,26,1,10,0,3,1,1285.86,2732.48,3833.95,122,12,4.2,5,0,1,0,0,0,0,2,2,0,0,-1,0,2,0
33561.31,19.84,8.3,1,0,0,20,1,4,0,1691.34,1646.33,4045.56,36,13,3.3,13,0,0,1,0,0,0,0,1,0,0,-1,0,0,1
89202.32,3.95,1.11,0,654,1,7,0,0,0,22567.63,447.03,80282.09,110,12,4.9,4,1,1,0,0,0,0,1,2,0,0,-1,0,2,0
867.29,0.5,0.15,0,266,1,18,0,4,1,1743.44,382.6,5926.79,243,14,3.7,5,0,1,0,0,0,0,2,0,0,0,-1,0,2,0
61270.35,118.94,34.51,1,9,0,20,0,5,0,515.15,162.72,1775.23,119,19,7.1,0,1,1,0,0,1,0,1,0,1,3,1,1,3,1
347.53,0.24,0.1,1,310,1,9,0,4,1,1454.0,672.36,3352.16,191,17,2.5,13,0,1,0,0,0,0,1,1,0,0,-1,0,0,0
95133.45,44.73,12.89,1,7,0,3,0,1,0,2126.73,773.33,7378.02,103,9,6.1,0,0,1,0,0,0,1,2,2,1,3,29,1,5,1
3253.22,1.51,0.3,0,7,1,17,0,4,1,2157.78,373.57,10675.85,150,3,7.5,6,0,0,0,0,0,0,2,2,0,0,-1,0,0,0
68168.24,3.05,1.02,0,375,1,7,0,3,0,22341.15,292.47,67023.45,151,3,3.3,8,0,0,0,0,0,0,1,2,0,0,-1,0,1,0
22513.81,18.84,4.04,1,80,0,12,0,5,2,1195.09,998.65,5577.43,130,9,1.0,8,0,0,0,0,0,0,2,1,0,0,-1,0,1,0
404.17,0.33,0.1,1,64,1,7,0,5,3,1225.65,2083.29,4128.37,164,13,5.9,14,0,0,0,0,0,0,2,0,0,0,-1,0,2,0
71459.78,3.7,1.11,0,610,1,18,0,2,3,19294.71,445.64,64313.8,87,8,7.8,8,0,1,0,0,0,0,1,0,0,0,-1,0,2,0
322.93,0.41,0.1,0,170,1,20,1,0,2,789.51,723.1,3312.31,190,14,1.8,4,0,1,0,0,0,0,1,0,0,0,-1,0,0,0
72981.78,64.17,35.16,1,0,0,7,0,4,3,1137.35,3536.03,2075.75,52,3,1.7,10,0,1,1,0,0,0,2,4,0,0,-1,0,1,1
11705.3,5.5,1.69,1,23,0,2,0,1,3,2129.37,415.02,6912.9,89,7,2.3,4,0,0,0,0,0,0,2,2,0,0,-1,0,1,0
148017.08,8.51,1.11,0,141,1,21,0,5,3,17395.5,1196.39,133215.37,270,6,6.6,7,0,0,0,1,0,0,2,0,0,0,-1,0,2,0
24174.01,7.83,1.73,0,6,1,19,1,3,2,3085.96,343.95,13994.58,188,10,3.6,11,0,1,0,0,0,0,0,1,0,0,-1,0,1,0
53046.5,33.89,13.15,1,0,0,20,0,6,4,1565.15,750.93,4033.13,17,13,2.5,0,1,0,1,1,1,0,3,4,0,0,-1,0,0,1
249.95,0.15,0.03,0,265,1,18,0,2,3,1631.29,397.77,7908.04,108,19,6.4,7,0,1,0,0,0,0,2,1,0,0,-1,0,2,0
40496.37,16.76,7.04,1,0,0,15,0,6,2,2416.11,144.62,5754.42,9,9,1.5,13,1,0,1,0,1,0,2,2,0,0,-1,0,0,1
806.45,0.44,0.2,0,240,1,21,1,5,2,1845.15,1192.01,4079.9,232,5,0.7,2,0,0,1,0,0,0,0,0,0,0,-1,0,0,0
1299.13,1.23,0.45,1,102,0,11,0,1,2,1056.57,400.23,2910.07,25,17,1.5,10,0,1,0,0,1,0,0,1,0,0,-1,0,2,0
503.53,0.34,0.09,0,215,1,20,0,4,0,1488.84,1612.31,5876.05,193,8,3.7,8,0,1,0,0,0,0,2,0,0,0,-1,0,1,0
40536.68,1.78,0.59,0,111,1,18,0,0,0,22828.43,892.79,68485.28,86,20,4.5,10,1,0,0,0,0,0,1,2,0,0,-1,0,1,0
588.25,0.38,0.13,1,290,1,11,0,2,3,1560.72,217.72,4466.36,78,11,1.3,2,0,1,0,0,0,0,1,1,0,0,-1,0,2,0
64265.83,96.88,43.96,1,0,0,15,0,5,1,663.34,325.1,1462.06,185,16,3.1,2,0,0,0,0,0,0,0,2,0,0,-1,0,3,1
9572.9,4.23,0.91,0,67,0,6,0,3,3,2263.78,258.76,10516.61,235,6,5.5,6,1,0,1,0,0,0,1,2,0,0,-1,0,1,0
621.98,0.43,0.09,0,27,1,17,0,1,1,1442.44,3569.84,6659.22,42,10,1.9,14,0,0,0,0,0,0,0,0,0,0,-1,0,0,0
18310.27,7.67,3.32,1,0,0,16,0,7,4,2386.02,147.02,5513.52,25,11,7.9,8,1,0,1,1,1,0,2,3,0,0,-1,0,0,1
537.89,0.99,0.33,0,271,1,15,0,1,1,544.11,527.38,1612.69,171,12,4.1,8,0,1,0,0,0,0,0,0,0,0,-1,0,2,0
278.53,0.15,0.03,0,308,1,22,0,3,2,1816.01,832.32,8950.41,224,11,7.5,2,0,0,0,0,0,0,1,0,0,0,-1,0,1,0
742.19,1.88,0.74,0,103,0,13,1,4,2,395.14,388.0,1007.44,206,11,4.5,3,0,1,1,0,0,0,1,2,0,0,-1,0,1,0
807.98,0.7,0.25,0,194,1,5,0,2,0,1146.78,1388.05,3263.61,29,2,5.7,13,0,1,0,0,0,0,1,2,0,0,-1,0,1,0
66312.41,27.66,7.42,1,11,0,20,0,2,2,2397.01,412.49,8941.45,115,17,5.2,13,0,1,1,0,0,0,2,2,1,4,12,0,3,1
1204.34,1.59,0.35,0,132,1,12,0,0,1,758.74,508.66,3453.69,39,12,7.3,11,0,1,0,0,0,0,1,1,0,0,-1,0,0,0
15599.96,1.12,0.37,0,255,1,19,0,3,2,13871.36,471.36,41614.09,228,18,2.0,3,0,0,1,0,0,0,1,0,0,0,-1,0,0,0
388.3,0.22,0.07,0,73,0,4,0,5,1,1746.01,344.19,5390.28,143,17,4.5,7,0,1,0,0,0,0,2,0,0,0,-1,0,0,0
112729.16,12.62,1.11,0,74,1,8,0,5,1,8931.02,319.74,101456.24,43,4,4.1,0,1,0,0,0,0,0,1,0,0,0,-1,0,1,0
70147.88,48.58,18.78,1,0,0,17,0,1,3,1443.93,1038.92,3735.66,85,17,3.6,9,0,1,0,0,0,0,0,3,0,0,-1,0,3,1
2085.94,1.09,0.37,0,97,1,8,0,4,1,1913.81,557.18,5658.25,47,15,6.3,9,0,0,0,0,0,0,2,0,0,0,-1,0,2,0
1142.17,1.18,0.35,0,204,1,21,1,5,0,967.18,1121.59,3246.86,112,16,3.8,5,0,0,1,0,0,0,2,2,0,0,-1,0,1,0
19810.36,8.39,4.02,1,4,1,6,0,4,3,2360.98,568.24,4926.78,217,5,3.5,8,0,1,0,0,0,0,1,0,0,0,-1,0,0,0
29030.4,7.82,2.14,1,89,0,13,1,0,2,3713.08,1008.26,13545.83,139,8,6.3,14,1,0,0,0,0,0,2,1,0,0,-1,0,1,0
21159.68,19.2,4.03,0,39,1,21,0,5,2,1101.87,969.92,5254.26,106,18,5.9,12,0,0,0,0,0,0,1,0,0,0,-1,0,0,0
103.25,0.07,0.02,0,296,1,4,0,4,0,1443.71,867.29,5440.07,228,20,2.6,9,1,0,0,0,0,0,0,2,0,0,-1,0,1,0
18228.9,27.62,11.64,0,4,0,16,0,2,1,659.88,335.05,1565.45,182,11,5.0,7,0,1,1,0,0,0,2,1,1,4,34,1,6,1
31242.15,21.49,9.19,1,0,0,15,0,4,5,1453.58,174.05,3399.69,175,20,6.2,0,1,0,1,1,0,0,2,5,0,0,-1,0,1,1
267.75,0.16,0.05,1,174,1,7,0,5,3,1718.91,687.55,5444.58,239,4,5.6,4,0,0,0,0,0,0,2,1,0,0,-1,0,1,0
1152.1,0.87,0.22,0,361,1,4,0,4,2,1320.22,296.09,5121.94,111,20,5.8,14,0,0,0,0,0,0,0,1,0,0,-1,0,1,0
355.0,0.9,0.18,0,192,1,8,0,2,3,393.83,556.08,1965.63,134,17,4.1,6,0,1,0,0,0,0,0,2,0,0,-1,0,1,0
48970.6,2.05,0.68,0,328,1,22,0,0,1,23937.99,726.36,71813.96,151,9,7.7,2,0,1,0,0,0,0,0,2,0,0,-1,0,0,0
52118.48,3.91,1.11,0,510,1,19,0,2,1,13338.4,379.62,46906.63,137,17,1.9,13,1,0,0,0,0,0,2,1,0,0,-1,0,2,0
6941.24,3.47,0.69,0,88,0,8,1,5,2,2000.54,187.57,9987.58,230,8,3.1,13,1,0,0,0,0,0,0,2,0,0,-1,0,0,0
112.28,0.06,0.02,0,349,1,19,0,1,2,1759.72,1153.37,5071.82,140,14,1.2,4,0,0,0,0,0,0,0,2,0,0,-1,0,1,0
130.8,0.38,0.08,1,108,1,9,0,4,0,343.6,947.82,1565.39,103,5,4.3,4,1,1,0,0,0,0,2,1,0,0,-1,0,1,0
4655.38,0.95,0.3,0,38,1,23,1,4,2,4882.93,1200.35,15285.17,70,13,3.1,11,1,1,0,0,0,0,0,1,0,0,-1,0,0,0
4786.63,1.23,0.28,0,2,1,9,0,1,3,3892.27,447.45,16953.11,236,18,3.1,3,1,0,0,0,0,0,1,2,0,0,-1,0,1,0
40653.08,75.0,35.73,1,4,0,2,0,2,0,542.06,965.88,1137.84,25,16,3.8,2,0,1,0,0,0,0,1,1,1,2,57,0,1,1
21339.65,8.97,3.97,1,0,0,12,1,3,5,2378.33,169.23,5374.05,100,4,4.8,2,1,0,1,1,1,0,5,3,0,0,-1,0,0,1
40325.07,22.58,7.55,1,0,0,2,0,7,2,1786.0,2378.12,5339.92,123,18,5.7,2,1,0,1,1,1,0,4,1,0,0,-1,0,0,1
667.85,0.4,0.16,0,120,1,15,0,2,1,1681.24,329.29,4222.75,72,4,6.6,3,0,1,0,0,0,0,2,0,0,0,-1,0,2,0
178.17,0.16,0.06,1,78,1,12,0,0,2,1131.08,294.82,2998.53,15,7,7.8,11,1,1,0,0,0,0,2,0,0,0,-1,0,0,0
15579.04,9.32,2.33,0,31,0,21,0,4,2,1671.67,883.49,6698.05,69,3,3.0,3,1,0,0,0,0,0,2,0,0,0,-1,0,0,0
251.64,0.44,0.11,0,13,1,12,0,4,0,569.91,506.85,2306.32,115,18,1.7,4,1,1,0,0,0,0,1,2,0,0,-1,0,2,0
68729.31,30.23,10.6,1,0,0,17,0,4,0,2273.27,343.32,6486.08,181,16,6.9,7,0,1,1,0,0,0,2,4,0,0,-1,0,1,1
12163.06,4.8,2.03,1,14,0,22,0,3,3,2535.44,1262.96,5999.49,66,8,6.2,7,0,0,0,0,0,0,0,3,1,2,8,1,6,1
1417.72,1.05,0.25,0,64,1,5,0,3,1,1354.85,988.4,5669.29,135,19,0.7,3,1,1,0,0,0,0,1,0,0,0,-1,0,2,0
26938.13,1.26,0.42,0,637,1,2,0,5,3,21456.71,146.17,64370.14,77,13,7.0,13,1,1,0,1,0,0,1,1,0,0,-1,0,1,0
8743.47,7.15,2.15,0,36,1,17,0,3,0,1223.4,447.62,4073.69,35,13,3.0,1,1,1,0,0,0,0,0,2,0,0,-1,0,0,0
16456.77,4.73,1.23,0,38,0,6,0,5,1,3475.76,628.19,13327.37,67,5,4.6,8,0,1,0,0,0,0,0,0,0,0,-1,0,0,0
60490.55,34.02,11.45,1,0,0,15,0,5,2,1778.23,1041.07,5284.53,148,19,6.7,9,0,0,0,0,0,0,2,2,0,0,-1,0,0,1
27689.74,1.12,0.37,0,539,1,21,0,2,2,24702.68,840.61,74108.04,248,6,5.9,3,0,1,0,1,0,0,0,2,0,0,-1,0,1,0
47944.64,76.38,19.72,0,5,0,11,0,2,1,627.67,568.21,2430.8,189,19,0.5,8,0,1,0,0,0,0,2,0,1,3,4,1,1,1
65653.23,140.32,65.61,1,0,0,22,0,4,0,467.89,599.21,1000.62,106,8,3.2,3,0,0,0,0,0,0,0,3,0,0,-1,0,1,1
6130.25,7.3,3.45,1,0,0,9,0,5,2,840.18,621.9,1778.02,4,6,3.9,3,1,0,1,1,1,0,3,3,0,0,-1,0,0,1
621.73,0.96,0.46,0,202,1,22,0,1,3,646.12,226.97,1360.04,48,11,2.2,8,0,1,0,0,0,0,0,2,0,0,-1,0,1,0
103857.89,9.62,1.11,0,639,1,19,0,0,0,10800.82,189.32,93472.1,286,7,4.3,14,0,1,0,1,0,0,2,2,0,0,-1,0,1,0
270.74,0.24,0.07,1,290,1,11,0,4,3,1139.51,444.6,3661.42,246,8,6.5,14,0,1,0,0,0,0,0,1,0,0,-1,0,0,0
5703.98,2.63,0.85,0,47,1,12,0,0,0,2170.04,441.83,6717.16,239,13,5.6,4,1,0,0,0,0,0,2,1,0,0,-1,0,0,0
287.75,0.2,0.06,0,183,1,11,0,4,0,1425.05,285.24,5155.68,20,17,0.7,6,0,0,0,0,0,0,1,1,0,0,-1,0,1,0
192.91,0.4,0.08,0,248,0,15,0,1,3,485.55,4283.93,2361.54,217,3,4.4,9,0,1,0,0,0,0,0,2,0,0,-1,0,1,0
282.19,0.38,0.19,0,206,1,19,0,1,1,750.08,1611.03,1505.18,96,6,4.4,0,1,1,0,0,0,0,0,2,0,0,-1,0,0,0
137246.27,13.83,1.11,0,277,1,3,0,2,3,9922.3,594.38,123521.64,180,17,1.0,3,0,1,0,0,0,0,2,0,0,0,-1,0,1,0
41045.19,16.48,4.94,0,12,0,13,0,4,0,2490.39,834.54,8306.73,220,2,8.0,0,0,1,0,0,0,0,2,1,1,2,5,1,4,1
44812.55,22.71,10.82,1,0,0,10,0,3,0,1973.25,353.87,4143.36,7,19,5.8,10,1,1,0,0,0,0,0,1,0,0,-1,0,3,1
41275.52,34.23,14.28,1,0,0,16,0,5,1,1205.89,358.33,2890.72,113,9,5.7,9,0,1,0,0,0,0,0,4,0,0,-1,0,1,1
36140.67,3.18,1.06,0,341,1,2,0,5,1,11380.66,333.89,34141.97,45,7,4.8,11,0,1,0,0,0,1,2,0,0,0,-1,0,0,0
20395.71,30.7,7.77,1,6,0,16,0,3,3,664.31,212.59,2626.21,183,16,1.4,8,0,1,0,0,0,0,0,0,1,3,51,1,3,1
590.3,1.6,0.33,0,177,1,4,0,3,0,368.07,779.77,1772.96,152,6,1.0,2,1,1,0,0,0,0,1,0,0,0,-1,0,0,0
46713.63,23.6,9.11,1,0,0,1,0,3,2,1979.19,485.37,5130.44,140,17,7.7,0,1,0,1,0,1,0,3,3,0,0,-1,0,0,1
825.21,2.27,0.54,1,294,1,9,0,4,3,363.98,503.21,1535.03,229,4,3.6,3,1,1,0,0,0,0,0,1,0,0,-1,0,1,0
351.4,0.24,0.07,1,349,1,11,0,2,2,1437.48,258.03,4916.46,12,19,2.9,12,0,0,0,0,0,0,1,2,0,0,-1,0,1,0
242.97,0.27,0.06,1,8,1,14,0,0,2,886.55,316.5,3881.31,250,18,5.3,4,0,1,0,0,0,0,2,0,0,0,-1,0,1,0
46756.79,33.96,9.69,0,1,0,17,0,5,1,1376.71,274.61,4827.62,43,10,4.1,11,0,0,0,0,0,0,0,3,1,3,37,1,3,1
934.86,0.63,0.18,0,275,1,23,0,0,0,1476.23,2069.21,5271.21,171,13,4.8,4,0,1,0,0,0,0,1,2,0,0,-1,0,0,0
622.59,1.12,0.24,0,139,1,13,0,1,2,553.8,1452.63,2580.23,203,7,4.0,0,1,0,1,0,1,0,0,1,0,0,-1,0,2,0
57008.88,3.32,1.11,0,172,1,11,0,4,3,17163.85,642.86,51491.55,241,20,2.4,1,0,0,1,0,0,0,0,0,0,0,-1,0,0,0
445.48,0.26,0.08,0,61,1,13,0,3,1,1713.91,530.56,5778.39,60,16,3.4,11,0,1,1,0,0,0,1,0,0,0,-1,0,1,0
4169.83,1.57,0.34,0,33,0,1,0,1,0,2653.38,1011.83,12287.56,159,10,3.3,11,0,0,1,0,0,0,0,2,0,0,-1,0,1,0
349.19,0.57,0.16,0,298,1,12,0,3,3,614.58,998.55,2134.45,223,10,4.1,6,0,1,0,1,0,0,2,0,0,0,-1,0,1,0
11254.41,1.92,0.64,0,687,1,7,0,2,0,5852.25,624.44,17556.75,44,7,6.4,2,0,1,0,0,0,0,2,2,0,0,-1,0,0,0
41193.36,24.18,10.05,1,0,0,20,0,3,1,1703.95,625.29,4098.71,128,6,2.9,7,0,0,0,0,1,0,0,3,0,0,-1,0,3,1
56292.7,31.64,9.72,1,2,0,22,0,5,2,1779.25,1636.63,5790.98,33,13,5.4,10,0,0,0,0,0,0,1,2,1,2,54,0,1,1
35537.35,1.48,0.49,0,303,1,7,0,0,1,23982.97,410.14,71948.92,64,12,6.0,6,0,1,0,0,1,0,1,2,0,0,-1,0,2,0
7189.86,3.38,0.84,0,4,1,8,0,1,0,2124.22,504.8,8527.87,117,15,5.1,7,0,0,1,0,0,0,1,1,0,0,-1,0,1,0
67991.07,64.97,32.81,1,0,0,15,0,4,3,1046.55,253.55,2072.51,132,3,0.9,2,1,1,0,0,0,0,2,3,0,0,-1,0,3,1
59293.8,41.89,16.94,1,0,0,19,0,2,0,1415.49,451.64,3499.77,82,18,2.2,4,0,0,0,0,0,0,1,2,0,0,-1,0,3,1
636.99,0.36,0.08,0,339,1,22,1,0,0,1778.81,360.02,8330.75,92,8,4.3,10,1,0,0,0,0,0,0,0,0,0,-1,0,0,0
22649.59,12.82,3.86,0,68,0,22,0,2,1,1766.9,409.48,5872.67,21,6,1.7,12,0,1,0,0,0,1,1,2,0,0,-1,0,1,0
5714.42,2.22,0.49,1,39,1,18,0,1,3,2571.23,750.58,11721.03,51,7,3.8,7,1,0,0,0,0,0,2,1,0,0,-1,0,0,0
473.12,0.49,0.2,0,134,1,4,0,4,0,962.74,415.9,2337.15,121,8,5.1,1,0,0,0,0,0,0,1,2,0,0,-1,0,2,0
40390.9,10.42,3.94,0,14,0,22,0,4,1,3876.31,228.69,10261.47,195,6,5.9,7,0,0,0,0,0,0,1,2,1,3,54,0,2,1
730.97,0.6,0.13,0,230,1,18,0,0,3,1208.83,207.41,5675.2,68,14,0.7,3,0,1,0,0,0,0,0,2,0,0,-1,0,0,0
539.78,0.44,0.12,0,365,1,1,0,5,2,1222.3,484.01,4459.06,197,11,5.3,3,0,0,0,0,0,0,0,1,0,0,-1,0,1,0
1265.34,0.65,0.16,0,335,1,20,0,3,2,1940.94,631.79,8070.32,122,11,1.3,9,0,1,1,0,0,0,2,0,0,0,-1,0,1,0
321.75,0.58,0.19,0,247,1,7,0,1,1,553.67,538.4,1732.64,73,3,4.7,9,0,1,0,0,1,0,2,2,0,0,-1,0,2,0
5981.13,1.97,0.51,0,24,1,10,0,1,1,3040.91,848.65,11675.51,180,2,2.0,11,1,0,1,0,0,0,1,0,0,0,-1,0,0,0
92.32,0.05,0.01,0,127,1,1,0,4,1,1774.69,816.73,7019.12,198,7,6.6,14,1,1,0,0,0,0,1,0,0,0,-1,0,2,0
3147.79,1.3,0.34,0,76,0,19,0,0,0,2428.0,336.68,9157.74,229,19,3.6,0,1,1,0,0,0,0,1,0,0,0,-1,0,0,0
64620.93,2.84,0.95,0,565,1,1,0,1,2,22761.19,838.2,68283.56,98,10,7.8,1,1,1,0,0,0,0,2,2,0,0,-1,0,2,0
17265.52,4.45,0.99,1,88,1,12,0,5,1,3882.32,3164.38,17365.01,184,10,5.0,11,0,1,0,0,0,0,1,1,0,0,-1,0,1,0
62921.51,30.95,10.78,1,0,0,15,0,3,0,2032.69,593.76,5836.61,12,9,4.1,7,1,1,0,0,0,0,2,2,0,0,-1,0,2,1
23278.82,9.64,5.24,1,0,0,12,0,3,0,2415.24,384.1,4446.02,27,10,1.7,4,1,0,0,0,0,0,0,4,0,0,-1,0,3,1
599.56,0.4,0.12,1,135,0,9,0,1,2,1510.7,686.26,4836.81,160,10,6.7,8,0,1,0,0,0,0,2,2,0,0,-1,0,2,0
22085.85,10.62,3.59,0,49,0,10,1,1,2,2078.77,432.64,6159.04,143,5,5.1,1,0,0,0,0,0,0,2,2,0,0,-1,0,1,0
2735.52,1.73,0.4,0,141,1,1,0,2,3,1580.39,873.68,6768.29,96,13,1.8,8,0,1,0,0,0,0,0,2,0,0,-1,0,2,0
14194.71,11.38,3.23,0,18,0,0,0,3,2,1247.21,346.73,4400.55,13,16,3.6,7,0,1,0,0,0,0,1,2,0,0,-1,0,0,0
46566.82,77.62,30.02,1,0,0,11,0,1,2,599.94,394.61,1551.32,219,16,0.6,6,1,0,0,0,0,0,0,1,0,0,-1,0,3,1
1241.21,1.02,0.26,0,78,1,14,0,0,0,1211.29,252.99,4719.03,216,6,4.6,11,1,0,0,0,0,0,2,2,0,0,-1,0,0,0
161.74,0.13,0.04,1,128,0,12,0,0,3,1217.85,681.12,4318.29,241,16,6.6,13,1,0,0,0,0,0,0,0,0,0,-1,0,2,0
835.36,0.48,0.12,0,123,1,20,0,1,1,1753.62,472.67,7088.66,148,18,5.7,4,0,0,0,0,0,0,0,0,0,0,-1,0,0,0
33985.01,15.25,5.88,1,6,0,23,0,4,0,2228.2,540.4,5784.25,172,5,4.5,5,1,1,0,0,0,0,0,0,1,2,50,1,2,1
19758.03,9.22,2.89,1,87,0,23,0,5,1,2143.51,665.4,6826.43,241,15,5.9,14,1,0,0,0,0,0,0,2,0,0,-1,0,0,0
767.32,0.39,0.08,0,253,1,17,0,0,1,1992.11,453.74,9525.83,56,3,1.4,12,0,1,0,0,0,0,2,0,0,0,-1,0,2,0
24574.56,14.46,7.0,1,0,0,20,0,3,4,1699.2,910.05,3512.13,238,4,3.5,1,1,0,1,1,0,1,4,1,0,0,-1,0,2,1
15448.14,6.3,1.48,1,68,0,13,0,4,2,2454.0,728.87,10433.26,208,9,2.7,0,0,1,0,0,0,0,1,1,0,0,-1,0,1,0
94130.76,6.19,1.11,0,134,1,2,0,2,3,15212.56,428.93,84717.68,148,20,4.8,2,0,1,0,0,0,1,2,2,0,0,-1,0,1,0
1108.18,1.46,0.42,0,97,0,19,1,2,2,759.45,461.08,2644.52,100,18,1.8,9,1,1,1,0,0,0,0,0,0,0,-1,0,2,0
24455.62,14.39,4.19,1,7,0,17,0,0,0,1699.5,848.11,5836.3,177,4,4.5,6,1,1,0,0,0,0,1,2,1,4,51,0,5,1
140178.42,18.93,1.11,0,91,1,10,1,4,2,7403.25,1784.88,126160.58,188,4,0.5,6,1,0,0,0,0,0,0,0,0,0,-1,0,0,0
75809.86,111.6,47.46,1,0,0,12,0,5,2,679.29,461.33,1597.47,14,16,6.0,6,0,0,0,1,0,0,1,3,0,0,-1,0,3,1
13053.28,2.66,0.77,1,89,1,10,0,5,1,4914.89,180.9,16864.92,110,6,2.8,10,1,0,0,0,0,0,1,1,0,0,-1,0,1,0
15132.72,18.16,4.06,0,62,0,4,0,2,0,833.45,362.3,3726.4,200,3,5.0,11,0,0,0,0,0,0,2,1,0,0,-1,0,0,0
248.88,0.27,0.08,0,31,1,6,0,3,3,921.82,362.81,2958.83,81,17,0.7,6,1,0,0,0,1,0,2,2,0,0,-1,0,2,0
198.92,0.16,0.04,0,207,1,19,0,2,0,1235.22,364.48,4800.88,119,10,2.0,9,1,1,0,0,0,0,1,2,0,0,-1,0,0,0
21152.16,15.84,3.57,0,56,1,0,0,4,0,1335.65,573.49,5921.42,239,18,2.1,12,0,0,0,0,0,0,2,1,0,0,-1,0,1,0
90721.84,47.15,19.49,0,4,0,16,0,2,3,1924.31,494.95,4653.95,206,11,7.5,5,0,1,0,0,0,0,0,0,1,4,19,1,2,1
90397.02,50.19,16.82,0,13,0,8,0,1,2,1801.24,333.83,5375.35,190,19,6.8,1,0,1,0,0,0,0,2,0,1,2,27,1,6,1
27436.82,7.62,2.38,0,1,0,10,0,2,1,3602.13,1804.1,11548.95,177,4,2.7,13,0,1,0,1,1,0,1,0,1,3,19,1,6,1
39322.43,16.21,6.12,1,0,0,3,0,3,3,2425.93,258.93,6424.45,59,19,1.1,11,1,1,1,0,0,0,1,3,0,0,-1,0,2,1
88827.58,113.79,32.11,1,8,0,15,0,1,0,780.6,1400.07,2765.93,232,8,1.5,13,0,0,0,0,0,0,1,0,1,4,28,1,3,1
91297.63,212.67,88.72,0,10,0,5,0,5,0,429.29,176.34,1029.09,159,20,1.0,0,0,0,0,0,0,0,1,0,1,3,23,1,4,1
140856.73,5.69,1.11,0,94,1,21,0,5,0,24758.12,235.32,126771.06,118,6,2.3,14,0,1,0,0,0,0,0,0,0,0,-1,0,1,0
34247.58,24.08,8.47,1,0,0,14,0,8,3,1422.25,1095.62,4043.11,207,20,3.2,6,1,0,1,0,1,0,5,2,0,0,-1,0,0,1
303.08,0.24,0.06,0,26,1,21,0,2,2,1262.71,1142.58,4901.41,145,17,3.2,0,0,1,0,0,0,0,0,2,0,0,-1,0,2,0
33590.41,2.13,0.71,0,583,1,15,0,1,3,15779.97,637.82,47339.92,122,7,6.6,4,0,1,0,0,0,0,1,2,0,0,-1,0,1,0
441.02,1.19,0.31,1,314,1,22,0,0,3,369.94,330.51,1421.58,217,5,7.1,4,0,1,0,0,0,0,0,1,0,0,-1,0,1,0
599.4,0.34,0.08,1,140,1,13,0,4,3,1775.01,285.84,7175.02,191,3,5.8,8,0,1,0,0,0,0,0,1,0,0,-1,0,1,0
823.7,1.48,0.59,0,94,1,20,0,5,3,557.3,2289.16,1402.31,187,3,4.1,7,0,1,0,0,0,1,0,0,0,0,-1,0,0,0
76768.1,6.32,1.11,0,518,1,13,0,5,3,12145.52,601.75,69091.29,157,7,6.3,7,0,1,0,0,0,0,2,0,0,0,-1,0,2,0
29852.55,10.59,4.19,0,0,0,17,0,0,2,2817.67,237.29,7125.79,108,12,1.5,14,0,1,0,0,0,0,1,3,1,3,31,1,2,1
156.37,0.22,0.04,0,119,1,21,0,4,0,709.52,473.17,3484.03,189,9,4.1,10,1,0,0,0,0,1,2,0,0,0,-1,0,1,0
1124.6,2.51,0.83,0,310,1,8,0,5,3,448.82,471.89,1357.7,19,15,2.1,4,0,0,0,0,1,0,0,2,0,0,-1,0,2,0
318.42,0.23,0.08,0,146,1,23,0,4,1,1375.95,1061.67,4091.43,177,11,7.5,2,0,1,0,0,0,0,0,1,0,0,-1,0,2,0
139945.18,5.93,1.11,0,294,1,0,0,5,3,23614.06,655.31,125950.66,62,19,6.2,9,0,0,1,0,0,0,0,1,0,0,-1,0,1,0
21548.34,1.63,0.54,0,628,1,13,0,4,1,13190.51,358.38,39571.52,289,10,5.8,11,0,1,0,0,0,0,2,2,0,0,-1,0,0,0
1081.09,0.89,0.28,1,94,1,16,0,4,0,1212.96,434.95,3888.72,120,12,7.4,12,0,0,0,0,0,1,1,1,0,0,-1,0,2,0
5234.39,1.06,0.32,1,13,1,3,1,4,1,4938.93,1161.74,16405.34,120,14,7.4,4,0,1,0,0,0,0,1,0,0,0,-1,0,0,0
9040.46,2.63,1.04,0,61,1,15,0,3,3,3440.91,196.91,8724.97,150,5,4.0,1,0,0,0,0,0,0,2,2,0,0,-1,0,0,0
599.14,0.45,0.16,0,26,1,7,0,2,2,1321.42,589.39,3843.79,244,3,6.3,7,0,1,0,0,0,0,1,2,0,0,-1,0,2,0
13786.9,6.14,1.24,1,46,1,2,0,4,1,2243.91,146.88,11158.42,40,12,4.3,7,0,1,0,0,1,0,2,0,0,0,-1,0,1,0
1369.46,2.35,0.97,0,92,1,14,0,2,3,582.41,198.01,1414.36,224,14,6.1,2,0,1,0,0,0,0,1,2,0,0,-1,0,1,0
98836.49,5.1,1.11,0,114,1,5,0,2,2,19395.53,581.01,88952.84,221,13,7.4,3,0,0,0,0,0,0,2,2,0,0,-1,0,1,0
452.66,1.43,0.51,1,345,1,5,0,0,3,316.16,823.36,884.7,57,7,2.0,11,0,0,0,0,0,0,2,0,0,0,-1,0,0,0
189.45,0.15,0.03,0,96,1,11,0,2,1,1277.37,301.6,5608.53,145,20,7.9,0,0,1,0,0,0,0,0,0,0,0,-1,0,1,0
1160.26,0.93,0.28,0,151,1,8,0,4,2,1241.3,553.77,4152.01,21,7,6.8,10,1,1,0,0,0,0,2,2,0,0,-1,0,0,0
17466.62,0.91,0.3,0,148,1,14,0,3,2,19280.32,154.51,57840.97,137,2,4.1,11,0,1,0,0,0,0,1,1,0,0,-1,0,2,0
71.32,0.11,0.03,1,363,1,1,0,2,3,637.3,994.45,2625.29,191,2,3.8,4,0,1,0,0,0,0,0,0,0,0,-1,0,0,0
57051.99,38.71,16.33,1,0,0,10,0,1,3,1473.78,470.94,3493.22,93,12,5.8,8,0,0,0,0,0,0,2,4,0,0,-1,0,2,1
91407.31,5.42,1.11,0,494,1,17,0,5,3,16859.66,346.16,82266.58,232,2,5.0,5,1,0,0,0,0,0,1,1,0,0,-1,0,0,0
46592.79,21.43,7.32,1,0,0,14,0,7,4,2174.27,515.51,6368.93,217,11,1.1,2,1,0,1,0,0,0,4,1,0,0,-1,0,1,1
318.94,0.28,0.06,0,161,1,21,0,5,0,1146.67,2868.55,5102.96,23,16,1.0,12,0,1,0,0,0,0,2,1,0,0,-1,0,0,0
12922.42,0.53,0.18,0,537,1,5,0,1,0,24281.48,389.27,72844.44,56,4,3.1,10,0,0,1,0,0,0,2,2,0,0,-1,0,1,0
60283.08,21.32,7.65,1,13,0,7,0,2,3,2827.1,991.08,7878.28,154,15,2.9,3,0,0,0,0,0,0,2,1,1,3,60,0,5,1
15265.17,5.08,1.14,1,8,0,15,0,4,1,3005.7,273.27,13354.85,176,11,2.5,6,0,1,0,0,0,0,1,0,0,0,-1,0,1,0
14423.76,9.09,4.26,0,2,0,20,0,3,3,1587.08,752.7,3386.78,151,2,6.9,2,0,0,0,0,0,1,2,0,1,2,30,1,5,1
54200.76,60.7,20.29,1,0,0,6,0,2,3,892.98,446.98,2671.17,213,7,2.4,9,0,1,0,0,0,0,0,3,0,0,-1,0,2,1
394.11,0.57,0.12,1,184,1,6,0,3,2,688.93,760.61,3341.63,43,15,6.2,1,1,1,0,0,0,0,1,2,0,0,-1,0,0,0
73165.45,43.52,13.32,0,11,0,0,0,4,1,1681.16,1210.47,5490.98,182,8,2.5,6,0,0,0,0,0,0,1,1,1,2,26,0,1,1
465.73,0.31,0.07,0,353,1,15,0,2,2,1526.01,749.97,6598.19,109,20,2.8,14,0,1,0,0,0,0,2,0,0,0,-1,0,2,0
50,0.05,0.02,0,85,1,4,0,2,3,1110.24,4339.31,2492.52,139,7,7.2,3,0,0,0,0,0,0,0,2,0,0,-1,0,1,0
115.72,0.24,0.11,1,359,0,7,0,0,2,478.71,1076.71,1020.05,108,10,3.7,5,0,0,0,0,0,0,0,2,0,0,-1,0,0,0
14799.59,12.25,5.94,0,53,0,23,1,0,0,1208.26,242.22,2490.07,57,15,5.7,1,1,0,0,0,0,0,1,1,0,0,-1,0,0,0
34081.14,15.43,6.84,1,0,0,23,0,1,1,2209.31,204.17,4979.21,3,3,2.4,9,0,0,0,0,1,0,2,3,0,0,-1,0,3,1
27492.08,27.43,9.34,0,4,1,22,0,1,0,1002.09,1143.54,2942.45,234,11,6.9,7,0,0,1,0,0,0,1,2,0,0,-1,0,1,0
25266.32,29.7,14.75,1,33,1,1,0,1,0,850.68,1744.73,1713.45,211,3,2.6,6,1,0,1,0,0,0,2,1,0,0,-1,0,1,0
270.14,0.32,0.11,0,335,1,9,0,5,3,838.69,493.23,2410.46,117,4,3.4,4,1,1,0,0,0,0,1,2,0,0,-1,0,1,0
293.68,0.17,0.08,0,44,1,6,0,1,0,1762.09,281.02,3600.66,223,4,7.8,14,0,1,0,0,0,0,0,2,0,0,-1,0,0,0
851.33,0.82,0.38,0,275,0,14,0,0,0,1043.21,437.1,2222.91,71,11,3.9,0,0,1,0,0,0,0,2,0,0,0,-1,0,2,0
18804.24,4.89,1.44,0,64,1,4,0,2,0,3847.55,266.11,13078.7,190,20,5.8,2,0,0,0,0,0,0,1,0,0,0,-1,0,0,0
203.68,0.11,0.05,0,118,1,21,0,5,0,1858.25,322.66,4005.26,172,17,4.2,5,0,1,0,0,0,0,2,0,0,0,-1,0,0,0
925.53,2.57,0.82,0,335,1,18,0,0,1,359.95,982.87,1133.72,75,13,5.9,6,0,0,0,0,0,0,0,1,0,0,-1,0,2,0
40727.73,5.02,1.11,0,342,1,7,0,2,1,8106.96,176.08,36654.96,268,18,0.8,9,0,0,0,0,0,0,1,2,0,0,-1,0,1,0
752.81,0.56,0.13,0,39,1,6,0,0,1,1349.36,238.76,5976.49,137,13,4.7,7,0,1,0,0,0,0,2,2,0,0,-1,0,1,0
278.28,0.16,0.06,0,190,1,9,1,5,0,1703.95,794.24,4482.74,186,14,3.8,8,0,1,0,0,0,0,1,1,0,0,-1,0,1,0
353.55,0.59,0.16,0,102,1,21,0,1,1,602.88,391.58,2154.37,112,12,5.4,13,0,1,0,0,0,0,1,1,0,0,-1,0,1,0
35317.87,34.08,11.41,0,1,0,17,0,0,2,1036.32,1050.59,3096.2,170,14,1.7,7,0,1,0,0,0,1,0,1,1,2,44,0,5,1
243.33,0.38,0.17,0,338,1,19,0,0,1,638.7,698.54,1453.63,68,5,1.9,0,0,1,0,0,0,0,0,0,0,0,-1,0,0,0
105710.85,4.67,1.11,0,262,1,4,0,2,1,22644.85,1309.94,95139.77,82,18,6.9,2,0,0,0,0,0,0,1,2,0,0,-1,0,2,0
119304.97,8.38,1.11,0,543,1,13,0,5,0,14231.05,276.46,107374.47,300,10,4.3,3,1,1,0,0,0,0,1,0,0,0,-1,0,2,0
70619.88,75.78,35.36,1,0,0,20,0,5,1,931.9,1513.91,1997.08,59,2,4.1,13,0,0,0,0,0,0,1,4,0,0,-1,0,1,1
50345.53,3.72,1.11,0,182,1,22,0,1,0,13528.25,724.54,45310.98,267,6,1.7,9,0,1,0,0,0,0,0,2,0,0,-1,0,2,0
19076.47,29.78,12.93,1,0,0,14,1,2,0,640.65,553.42,1475.33,154,8,0.7,10,0,1,1,0,1,0,2,1,0,0,-1,0,1,1
499.23,0.27,0.09,0,99,1,22,0,1,3,1874.28,1349.71,5434.97,232,6,2.8,4,0,1,0,0,0,0,0,2,0,0,-1,0,0,0
45440.48,28.89,14.47,1,0,0,16,0,2,3,1573.0,1512.35,3140.84,24,14,2.5,12,0,1,0,0,0,0,0,3,0,0,-1,0,1,1
399.2,0.47,0.13,0,353,1,16,0,4,3,841.08,414.83,3190.35,138,19,1.9,2,1,1,0,0,0,0,1,2,0,0,-1,0,0,0
22432.1,8.55,3.03,1,0,0,20,0,4,4,2625.08,680.43,7403.06,245,12,4.5,1,1,0,1,0,1,0,4,3,0,0,-1,0,0,1
384.15,0.76,0.28,0,179,1,21,0,1,1,505.17,3737.46,1349.96,128,5,6.5,7,0,0,0,0,1,0,1,2,0,0,-1,0,2,0
116374.22,8.81,1.11,0,498,1,8,0,1,3,13202.75,1651.73,104736.8,274,18,6.4,7,0,1,0,0,0,0,0,1,0,0,-1,0,2,0
166.31,0.11,0.04,0,225,1,4,0,0,3,1550.64,1269.04,4246.78,15,19,3.5,1,1,1,0,0,0,0,0,1,0,0,-1,0,2,0
140068.84,11.84,1.11,0,319,1,21,0,0,2,11830.39,287.66,126061.96,128,19,1.6,3,0,0,0,0,0,0,1,0,0,0,-1,0,1,0
23898.31,20.31,6.71,1,90,0,11,0,5,0,1176.86,478.39,3560.57,102,15,1.7,7,0,1,1,0,0,0,1,1,0,0,-1,0,1,0
48184.42,4.24,1.11,0,440,1,13,0,2,0,11368.46,229.51,43365.98,121,5,0.8,11,1,1,0,0,0,0,0,1,0,0,-1,0,2,0
3065.77,1.2,0.33,1,68,1,23,0,2,3,2548.91,193.52,9334.99,100,5,0.9,12,1,0,0,0,0,0,0,1,0,0,-1,0,1,0
12394.12,3.12,0.63,0,68,0,13,0,4,3,3975.98,1473.25,19539.76,129,16,4.6,0,0,0,0,0,0,0,2,1,0,0,-1,0,0,0
795.34,0.52,0.12,1,23,1,12,0,4,2,1535.77,290.82,6429.62,58,7,4.4,6,0,0,0,0,1,0,2,2,0,0,-1,0,0,0
90.75,0.09,0.02,1,339,1,7,0,5,1,1054.09,1028.36,3872.48,131,15,7.4,7,0,1,0,0,0,0,1,1,0,0,-1,0,0,0
274.21,0.14,0.03,0,222,1,15,0,5,1,1955.2,494.43,8698.94,163,6,2.4,4,1,1,0,0,0,0,0,2,0,0,-1,0,1,0
7701.72,1.86,0.65,0,12,0,21,0,3,1,4137.51,344.82,11932.31,233,4,6.7,5,0,1,1,0,0,0,2,1,0,0,-1,0,0,0
